path	tier	module	rtti_class	class_names	evidence	funcs_in_file	cpp_marker	has_header	extern_ZTV	blockers
src/ARMMathLoadState.c	PURE-C	arm9				1		None		-
src/ARMMathSaveState.c	PURE-C	arm9				1		None		-
src/ARMProcessorMode.c	PURE-C	arm9				1		None		-
src/ARMRestoreContext.c	PURE-C	arm9				1		None		-
src/ARMSaveContext.c	PURE-C	arm9				1		None		-
src/AddSpikeBomb.c	PURE-C	arm9				1		None		-
src/AddVec3.c	PURE-C	arm9				1		None		-
src/daSetSE_c_Spawn.c	WEAK-refs-only	ov002				1		None		-
src/daBrq_c_classInit.c	WEAK-refs-only	ov070				1		None		-
src/AngleDiff.c	PURE-C	arm9				1		None		-
src/ApproachAngle.c	PURE-C	arm9				1		None		-
src/daObjRc_Guruguru_c_classInit.c	WEAK-refs-only	ov036				1		None		-
src/daObjWc_Obj02_c_classInit.c	WEAK-refs-only	ov029				1		None		-
src/ArrowPathLift_Spawn.c	WEAK-refs-only	ov091				1		None		-
src/ArrowSignLeft_Spawn.c	WEAK-refs-only	ov098				1		None		-
src/ArrowSignRight_Spawn.c	WEAK-refs-only	ov098				1		None		-
src/AutoloadCallback.c	PURE-C	arm9				1		None		-
src/BabyPenguin_Spawn.c	WEAK-refs-only	ov072				1		None		-
src/daObjC0Water_c_classInit.c	WEAK-refs-only	ov012				1		None		-
src/BigBrickBlock_Spawn.c	WEAK-refs-only	ov002				1		None		-
src/BigBully_Spawn.c	S1-stores-rom-vptr	ov064			stores _ZTV8BigBully	1		None	_ZTV8BigBully	-
src/BigMovingIceBlock_Spawn.c	WEAK-refs-only	ov056				1		None		-
src/BigMrI_Spawn.c	WEAK-refs-only	ov071				1		None		-
src/daObjBkKillerdai_c_classInit.c	S1-stores-rom-vptr	ov079			stores _ZTV11BillBlaster	1		None	_ZTV11BillBlaster	-
src/Bird_Spawn.c	WEAK-refs-only	ov009				1		None		-
src/BitUnPack.c	PURE-C					0		None		not-in-delinks
src/BlackBrickBlock_Spawn.c	WEAK-refs-only	ov002				1		None		-
src/daObjBC_Switch_c_classInit.c	S1-stores-rom-vptr	ov002			stores _ZTV16daObjBC_Switch_c	1		None	_ZTV16daObjBC_Switch_c	-
src/BlueCoin_Spawn.c	WEAK-refs-only	ov002				1		None		-
src/BlueFlame_Spawn.c	WEAK-refs-only	ov002				1		None		-
src/BobOmbBuddy_Spawn.c	WEAK-refs-only	ov084				1		None		-
src/BobOmb_Spawn.c	WEAK-refs-only	ov102				1		None		-
src/daBookGen_c_classInit.c	WEAK-refs-only	ov020				1		None		-
src/BookShot_Spawn.c	WEAK-refs-only	ov020				1		None		-
src/BookSwitch_Spawn.c	PURE-C	ov016				1		None		-
src/Bookend_Spawn.c	WEAK-refs-only	ov020				1		None		-
src/BowserFireSeaArena_Spawn.c	WEAK-refs-only	ov060				1		None		-
src/BowserFire_Spawn.c	WEAK-refs-only	ov060				1		None		-
src/daObjFl_Coin_c_classInit.c	S1-stores-rom-vptr	ov064			stores _ZTV19BowserPuzzleManager	1		None	_ZTV19BowserPuzzleManager	-
src/daObjFl_Puzzle_c_classInit.c	WEAK-refs-only	ov064				1		None		-
src/BowserShockwaves_Spawn.c	WEAK-refs-only	ov060				1		None		-
src/daObjWlKoopaShutter_c_classInit.c	S1-stores-rom-vptr	ov026			stores _ZTV13BowserShutter	1		None	_ZTV13BowserShutter	-
src/BowserSkyPlatform_Spawn.c	S1-stores-rom-vptr	ov060			stores _ZTV17BowserSkyPlatform	1		None	_ZTV17BowserSkyPlatform	-
src/BowserTail_Spawn.c	WEAK-refs-only	ov060				1		None		-
src/Bowser_Spawn.c	WEAK-refs-only	ov060				1		None		-
src/BrickBlockSwitchActivated_Spawn.c	WEAK-refs-only	ov002				1		None		-
src/BrickBlock_Spawn.c	WEAK-refs-only	ov002				1		None		-
src/BulletBill_Spawn.c	WEAK-refs-only	ov079				1		None		-
src/Bullet_Spawn.c	WEAK-refs-only	ov002				1		None		-
src/Bully_Spawn.c	S1-stores-rom-vptr	ov064			stores _ZTV5Bully	1		None	_ZTV5Bully	-
src/Butterfly_Spawn.c	WEAK-refs-only	ov100				1		None		-
src/daObjWc_Obj05_c_classInit.c	S1-stores-rom-vptr	ov029			stores _ZTV15daObjWc_Obj05_c	1		None	_ZTV15daObjWc_Obj05_c	-
src/daCamTag_c_Spawn.c	WEAK-refs-only	ov002				1		None		-
src/Camera_UpdateMatrices.c	WEAK-refs-only	ov006				1		None		-
src/CannonHatch_Spawn.c	WEAK-refs-only	ov002				1		None		-
src/CapBlockLuigi_Spawn.c	WEAK-refs-only	ov102				1		None		-
src/CapBlockMario_Spawn.c	WEAK-refs-only	ov102				1		None		-
src/CapBlockWario_Spawn.c	WEAK-refs-only	ov102				1		None		-
src/Cap_Spawn.c	WEAK-refs-only	ov002				1		None		-
src/CastleWater_Spawn.c	WEAK-refs-only	ov009				1		None		-
src/CccArena_Spawn.c	WEAK-refs-only	ov073				1		None		-
src/CccBigIce_Spawn.c	WEAK-refs-only	ov073				1		None		-
src/CccSmallIce_Spawn.c	WEAK-refs-only	ov073				1		None		-
src/CgStairs_Spawn.c	WEAK-refs-only	ov102				1		None		-
src/daObjWanwanShutter_c_classInit.c	WEAK-refs-only	ov014				1		None		-
src/ChangeArea.c	PURE-C	arm9				1		None		-
src/CheepCheep_Spawn.c	WEAK-refs-only	ov090				1		None		-
src/daIDonketu_c_Spawn.c	WEAK-refs-only	ov027				1		None		-
src/Chuckya_Spawn.c	WEAK-refs-only	ov062				1		None		-
src/CleanCommonModelDataArr.c	WEAK-refs-only					0		None		not-in-delinks
src/ClearSpikeBomb.c	PURE-C	arm9				1		None		-
src/ClockPaintingHandLong_Spawn.c	WEAK-refs-only	ov013				1		None		-
src/daObjClockHuriko_c_Spawn.c	S1-stores-rom-vptr	ov013			stores _ZTV18daObjClockHuriko_c	1		None	_ZTV18daObjClockHuriko_c	-
src/Cloud_Spawn.c	WEAK-refs-only	ov039				1		None		-
src/daObjCasket_c_classInit.c	WEAK-refs-only	ov071				1		None		-
src/Coin_Spawn.c	WEAK-refs-only	ov002				1		None		-
src/CollectStar.c	PURE-C	arm9				1		None		-
src/CollectStarInCurLevel.c	PURE-C	arm9				1		None		-
src/CollectStarInLevel.c	PURE-C	arm9				1		None		-
src/Color_Interp.c	PURE-C	ov002				1		None		-
src/ContinueKuppaScriptIfNecessary.c	WEAK-refs-only	arm9				1		None		-
src/Copy32Bytes.c	PURE-C	arm9				1		None		-
src/Copy36Bytes.c	PURE-C	arm9				1		None		-
src/Copy48Bytes.c	PURE-C	arm9				1		None		-
src/Copy48BytesFixed.c	PURE-C	arm9				1		None		-
src/CopyTexPalFromLevelModel.c	WEAK-refs-only	arm9				1		None		-
src/CountStarsCollectedInLevelToDisplay.c	WEAK-refs-only	arm9				1		None		-
src/CpuCopy8.c	PURE-C					0		None		NONMATCHING-draft;not-in-delinks
src/CpuFastSet.c	PURE-C					0		None		not-in-delinks
src/CpuSet.c	PURE-C					0		None		not-in-delinks
src/Crash.c	WEAK-refs-only	arm9				1		None		-
src/CrazedCrate_Spawn.c	WEAK-refs-only	ov080				1		None		-
src/CrossVec3.c	PURE-C	arm9				1		None		-
src/CutsceneObject_Spawn.c	WEAK-refs-only	ov002				1		None		-
src/DMAStartTransfer.c	WEAK-refs-only					0		None		not-in-delinks
src/DMAStartTransferFB.c	WEAK-refs-only					0		None		not-in-delinks
src/DMASyncFillTransfer.c	PURE-C	arm9				1		None		-
src/DMASyncHalfTransfer.c	PURE-C	arm9				1		None		-
src/DMASyncWordTransfer.c	PURE-C	arm9				1		None		-
src/Deallocate.c	WEAK-refs-only	arm9				1		None		-
src/DeathTable_ClearBit.c	PURE-C	arm9				1		None		-
src/DeathTable_GetBit.c	PURE-C	arm9				1		None		-
src/DeathTable_SetBit.c	PURE-C	arm9				1		None		-
src/DecIfAbove0_Byte.c	PURE-C	arm9				1		None		-
src/DecIfAbove0_Short.c	PURE-C	arm9				1		None		-
src/DecompressLZ16.c	PURE-C	arm9				1		None		-
src/daObjKm1_Ukishima_c_classInit.c	S1-stores-rom-vptr	ov043			stores _ZTV11DiamondLift	1		None	_ZTV11DiamondLift	-
src/DisableSoundPlayersForCredits.c	WEAK-refs-only	arm9				1		None		-
src/DisableVramBanks.c	PURE-C	arm9				1		None		-
src/Div.c	PURE-C					0		None		not-in-delinks
src/daObjRc_Tikuwa_c_classInit.c	WEAK-refs-only	ov036				1		None		-
src/Door_Spawn.c	S1-stores-rom-vptr	ov100			stores _ZTV4Door	1		None	_ZTV4Door	-
src/DorrieCap_Spawn.c	WEAK-refs-only	ov065				1		None		-
src/DotVec3.c	PURE-C	arm9				1		None		-
src/Enable3dEngines.c	PURE-C	arm9				1		None		-
src/EnemySpawner_Spawn.c	WEAK-refs-only	ov002				1		None		-
src/EnemySwitchTag_Spawn.c	WEAK-refs-only	ov002				1		None		-
src/EnterBigBoosHaunt.c	PURE-C	arm9				1		None		-
src/Entry.c	WEAK-refs-only	arm9				1		None		-
src/ExclamationBlockVs_Spawn.c	WEAK-refs-only	ov102				1		None		-
src/ExclamationBlock_Spawn.c	WEAK-refs-only	ov102				1		None		-
src/ExclamationSwitch_Spawn.c	WEAK-refs-only	ov002				1		None		-
src/ExitLevel.c	PURE-C	arm9				1		None		-
src/ExitMinigameMenu.c	WEAK-refs-only	arm9				1		None		-
src/daChScene_c_Spawn.c	WEAK-refs-only	ov002				1		None		-
src/daObjKm2_Nobiru_c_classInit.c	WEAK-refs-only	ov045				1		None		-
src/FS_CloseFile.c	PURE-C	arm9				1		None		-
src/FS_InitFile.c	PURE-C	arm9				1		None		-
src/FS_LoadOverlay.c	PURE-C	arm9				1		None		-
src/FS_ReadFile.c	PURE-C	arm9				1		None		-
src/FUN_02029a68.c	PURE-C	arm9				1		None		-
src/FUN_02029ab0.c	WEAK-refs-only	arm9				1		None		-
src/FUN_0202a130.c	PURE-C	arm9				1		None		-
src/actors/d_a_obj_km2_fall_block.cpp	S1-stores-rom-vptr	ov045			stores _ZTV12FallBlockBfs	1		None	_ZTV12FallBlockBfs/_ZTV16daObjFallBlock_c	-
src/daObjFl_Fall_Block_c_classInit.c	S1-stores-rom-vptr	ov022			stores _ZTV16daObjFallBlock_c	1		None	_ZTV16daObjFallBlock_c/_ZTV20daObjFl_Fall_Block_c	-
src/daObjBk_Fall_Block_c_classInit.c	S1-stores-rom-vptr	ov015			stores _ZTV20daObjBk_Fall_Block_c	1		None	_ZTV20daObjBk_Fall_Block_c/_ZTV16daObjFallBlock_c	-
src/FirePiranhaPlantBig_Spawn.c	WEAK-refs-only	ov084				1		None		-
src/FirePiranhaPlantSmall_Spawn.c	WEAK-refs-only	ov084				1		None		-
src/FirePiranhaPlant_Spawn.c	WEAK-refs-only	ov084				1		None		-
src/daObjKm2_Agaru_c_classInit.c	S1-stores-rom-vptr	ov045			stores _ZTV15FireSeaElevator	1		None	_ZTV15FireSeaElevator	-
src/Fireball_Spawn.c	WEAK-refs-only	ov002				1		None		-
src/daMcFlag_c_Spawn.c	WEAK-refs-only	ov009				1		None		-
src/FlameChompFire_Spawn.c	WEAK-refs-only	ov070				1		None		-
src/FlameChomp_Spawn.c	WEAK-refs-only	ov070				1		None		-
src/daObjFl_Block_c_classInit.c	WEAK-refs-only	ov022				1		None		-
src/daObjKi_Ita_c_classInit.c	S1-stores-rom-vptr	ov016			stores _ZTV17daObjFloatBoard_c	1		None	_ZTV17daObjFloatBoard_c/_ZTV23FloatOnWaterPlatformJrb	-
src/actors/d_a_obj_wc_obj06.cpp	S1-stores-rom-vptr	ov029			stores _ZTV17daObjFloatBoard_c	1		None	_ZTV17daObjFloatBoard_c/_ZTV14daObjWcObj06_c	-
src/actors/d_a_obj_wc_obj01.cpp	S1-stores-rom-vptr	ov029			stores _ZTV17daObjFloatBoard_c	1		None	_ZTV17daObjFloatBoard_c/_ZTV14daObjWcObj01_c	-
src/FloatingFloorBfs_Spawn.c	S1-stores-rom-vptr	ov045			stores _ZTV14daObjUkiyuka_c	1		None	_ZTV14daObjUkiyuka_c/_ZTV16FloatingFloorBfs	-
src/FloatingFloorLllBig_Spawn.c	S1-stores-rom-vptr	ov022			stores _ZTV14daObjUkiyuka_c	1		None	_ZTV14daObjUkiyuka_c/_ZTV21FloatingFloorLllSmall	-
src/FloatingFloorLllSmall_Spawn.c	S1-stores-rom-vptr	ov022			stores _ZTV14daObjUkiyuka_c	1		None	_ZTV14daObjUkiyuka_c/_ZTV21FloatingFloorLllSmall	-
src/daPropeller_Heyho_c_classInit.c	WEAK-refs-only	ov070				1		None		-
src/FortressTowerWall_Spawn.c	WEAK-refs-only	ov002				1		None		-
src/FortressTower_Spawn.c	WEAK-refs-only	ov102				1		None		-
src/FortressWallBreakable_Spawn.c	WEAK-refs-only	ov079				1		None		-
src/FortressWall_Spawn.c	WEAK-refs-only	ov079				1		None		-
src/FreeGfxSlotsById.c	PURE-C	ov004				1		None		-
src/Fwoosh_Spawn.c	WEAK-refs-only	ov091				1		None		-
src/Geometry_MatrixMultiply3x3.c	PURE-C	arm9				1		None		-
src/GetAngleToCamera.c	PURE-C	arm9				1		None		-
src/GetCRC16.c	PURE-C					0		None		not-in-delinks
src/GetControllerMode.c	PURE-C	arm9				1		None		-
src/GetGameLanguage.c	PURE-C	ov004				1		None		-
src/GetLevelPart.c	PURE-C	arm9				1		None		-
src/GetMinimapID.c	PURE-C	arm9				1		None		-
src/GetMinimapScale.c	PURE-C	arm9				1		None		-
src/GetOwnerLanguage.c	PURE-C	arm9				1		None		-
src/GetPlayerFlagByte.c	PURE-C	arm9				1		None		-
src/GetSceneOverlayID.c	PURE-C	arm9				1		None		-
src/GetSoundGroupID.c	PURE-C	arm9				1		None		-
src/GetSoundMode.c	PURE-C	arm9				1		None		-
src/GetStarCameraSetting.c	PURE-C	arm9				1		None		-
src/GetTeleportDestObj.c	PURE-C	arm9				1		None		-
src/GetViewObj.c	PURE-C	arm9				1		None		-
src/GiveCoins.c	PURE-C	arm9				1		None		-
src/GiveHealth.c	PURE-C	arm9				1		None		-
src/GiveLives.c	PURE-C	arm9				1		None		-
src/GiveRedCoins.c	PURE-C	arm9				1		None		-
src/GiveVsStars.c	PURE-C	arm9				1		None		-
src/GoombaLarge_Spawn.c	WEAK-refs-only	ov084				1		None		-
src/GoombaSmall_Spawn.c	WEAK-refs-only	ov084				1		None		-
src/Goomba_Spawn.c	WEAK-refs-only	ov084				1		None		-
src/GreenShellBlockTag_Spawn.c	WEAK-refs-only	ov002				1		None		-
src/Grindel_Spawn.c	S1-stores-rom-vptr	ov025			stores _ZTV11daDsnBase_c	1		None	_ZTV11daDsnBase_c/_ZTV7daDkk_c	-
src/Halt.c	PURE-C					0		None		not-in-delinks
src/HauntedChair_Spawn.c	WEAK-refs-only	ov020				1		None		-
src/HealingHeart_Spawn.c	WEAK-refs-only	ov002				1		None		-
src/HeaveHo_Spawn.c	WEAK-refs-only	ov077				1		None		-
src/HideArea.c	PURE-C	arm9				1		None		-
src/HitDeathPlane.c	WEAK-refs-only	arm9				1		None		-
src/HootTheOwl_Spawn.c	WEAK-refs-only	ov094				1		None		-
src/HuffUnCompReadByCallback.c	PURE-C					0		None		not-in-delinks
src/daObjTdFuta_c_classInit.c	S1-stores-rom-vptr	ov032			stores _ZTV9HugeCover	1		None	_ZTV9HugeCover	-
src/daObjTdWater_c_classInit.c	WEAK-refs-only	ov032				1		None		-
src/IPCSend.c	WEAK-refs-only	arm9				1		None		-
src/daObjIceBlock_c_classInit.c	WEAK-refs-only	ov081				1		None		-
src/IceSheet_Spawn.c	WEAK-refs-only	ov018				1		None		-
src/IceSlideManager_Spawn.c	WEAK-refs-only	ov019				1		None		-
src/InitControllerMode.c	PURE-C	arm9				1		None		-
src/InitCrashScreen.c	WEAK-refs-only	arm9				1		None		-
src/InitialiseVramGlobals.c	PURE-C	arm9				1		None		-
src/IntrWait.c	PURE-C					0		None		not-in-delinks
src/InvMat4x3.c	WEAK-refs-only	arm9				1		None		-
src/IsAreaShowing.c	PURE-C	arm9				1		None		-
src/IsButtonInputValid.c	PURE-C	arm9				1		None		-
src/IsCannonOpen.c	PURE-C	arm9				1		None		-
src/IsCannonOpenInCurLevel.c	PURE-C	arm9				1		None		-
src/IsCannonOpenInLevel.c	PURE-C	arm9				1		None		-
src/IsDebugger.c	PURE-C					0		None		not-in-delinks
src/IsLevelInsideCastle.c	PURE-C	arm9				1		None		-
src/IsLevelTinyHugeIslandOutside.c	PURE-C	arm9				1		None		-
src/IsMinigameActorID.c	PURE-C	arm9				1		None		-
src/IsPlayerWarping.c	PURE-C	arm9				1		None		-
src/IsStarCollected.c	PURE-C	arm9				1		None		-
src/IsStarCollectedInCurLevel.c	PURE-C	arm9				1		None		-
src/IsStarCollectedInLevel.c	PURE-C	arm9				1		None		-
src/JetStream_Spawn.c	WEAK-refs-only	ov064				1		None		-
src/Key_Spawn.c	WEAK-refs-only	ov089				1		None		-
src/KillPlayer.c	WEAK-refs-only	arm9				1		None		-
src/KingBobOmb_Spawn.c	WEAK-refs-only	ov078				1		None		-
src/Klepto_Spawn.c	WEAK-refs-only	ov062				1		None		-
src/daObjBk_Botaosi_c_classInit.c	WEAK-refs-only	ov015				1		None		-
src/KoopaFlag_Spawn.c	WEAK-refs-only	ov062				1		None		-
src/KoopaShell_Spawn.c	WEAK-refs-only	ov102				1		None		-
src/KoopaSmall_Spawn.c	WEAK-refs-only	ov062				1		None		-
src/KoopaTheQuick_Spawn.c	WEAK-refs-only	ov062				1		None		-
src/Koopa_Spawn.c	WEAK-refs-only	ov062				1		None		-
src/LZ77UnCompReadByCallbackWrite16bit.c	PURE-C					0		None		not-in-delinks
src/LZ77UnCompReadNormalWrite8bit.c	PURE-C					0		None		not-in-delinks
src/LakituBro_Spawn.c	WEAK-refs-only	ov085				1		None		-
src/Lakitu_Spawn.c	WEAK-refs-only	ov077				1		None		-
src/LastStar_Spawn.c	WEAK-refs-only	ov089				1		None		-
src/daObjFl_London_c_classInit.c	S1-stores-rom-vptr	ov022			stores _ZTV10LavaBridge	1		None	_ZTV10LavaBridge	-
src/LavaBubble_Spawn.c	WEAK-refs-only	ov064				1		None		-
src/daObjFl_UkiKi_c_classInit.c	WEAK-refs-only	ov022				1		None		-
src/daObjFl_Seesaw_c_classInit.c	S1-stores-rom-vptr	ov022			stores _ZTV10LavaSeesaw	1		None	_ZTV10LavaSeesaw	-
src/LenVec3.c	PURE-C	arm9				1		None		-
src/daObjC1Hikari_c_classInit.c	WEAK-refs-only	ov010				1		None		-
src/LinkSilverStarAndStarMarker.c	PURE-C	ov002				1		None		-
src/LoadArchive.c	PURE-C	arm9				1		None		-
src/LoadBlueCoinModel.c	WEAK-refs-only	arm9				1		None		-
src/LoadCompressedFileAt.c	PURE-C	arm9				1		None		-
src/LoadControllerModeText.c	WEAK-refs-only	arm9				1		None		-
src/LoadDebugFont.c	WEAK-refs-only	arm9				1		None		-
src/LoadFile.c	PURE-C	arm9				1		None		-
src/LoadFileAt.c	PURE-C	arm9				1		None		-
src/LoadFont3D.c	WEAK-refs-only	arm9				1		None		-
src/LoadLevel.c	WEAK-refs-only	arm9				1		None		-
src/LoadLevelNoReturn.c	PURE-C	arm9				1		None		-
src/LoadOverlay.c	PURE-C	arm9				1		None		-
src/LoadSilverStarAndNumber.c	WEAK-refs-only	ov002				1		None		-
src/LoadTextNarcs.c	PURE-C	arm9				1		None		-
src/MantaRay_Spawn.c	WEAK-refs-only	ov090				1		None		-
src/Math_Function_0203b0fc.c	PURE-C	arm9				1		None		-
src/Math_Function_0203b14c.c	PURE-C	arm9				1		None		-
src/Matrix3x3_FromQuaternion.c	PURE-C	arm9				1		None		-
src/Matrix3x3_LoadIdentity.c	PURE-C	arm9				1		None		-
src/Matrix3x3_SetRotationZ.c	PURE-C					0		None		not-in-delinks
src/Matrix4x3_ApplyInPlaceToRotationX.c	PURE-C	arm9				1		None		-
src/Matrix4x3_ApplyInPlaceToRotationXYZExt.c	PURE-C	arm9				1		None		-
src/Matrix4x3_ApplyInPlaceToRotationY.c	PURE-C	arm9				1		None		-
src/Matrix4x3_ApplyInPlaceToRotationZ.c	PURE-C	arm9				1		None		-
src/Matrix4x3_ApplyInPlaceToRotationZXYExt.c	PURE-C	arm9				1		None		-
src/Matrix4x3_ApplyInPlaceToScale.c	PURE-C	arm9				1		None		-
src/Matrix4x3_ApplyInPlaceToTranslation.c	PURE-C	arm9				1		None		-
src/Matrix4x3_FromQuaternion.c	PURE-C	arm9				1		None		-
src/Matrix4x3_FromRotationX.c	PURE-C	arm9				1		None		-
src/Matrix4x3_FromRotationXYZExt.c	PURE-C	arm9				1		None		-
src/Matrix4x3_FromRotationY.c	PURE-C	arm9				1		None		-
src/Matrix4x3_FromRotationZ.c	PURE-C	arm9				1		None		-
src/Matrix4x3_FromRotationZXYExt.c	PURE-C	arm9				1		None		-
src/Matrix4x3_FromTranslation.c	PURE-C	arm9				1		None		-
src/Matrix4x3_LoadIdentity.c	PURE-C	arm9				1		None		-
src/MegaMushroomBlockTag_Spawn.c	WEAK-refs-only	ov002				1		None		-
src/MegaMushroomCreateTag_Spawn.c	WEAK-refs-only	ov002				1		None		-
src/MegaMushroom_Spawn.c	WEAK-refs-only	ov002				1		None		-
src/Message_DrawCenteredLine.c	WEAK-refs-only	arm9				1		None		-
src/daObjFl_Amilift_c_classInit.c	S1-stores-rom-vptr	ov064			stores _ZTV12MetalNetLift	1		None	_ZTV12MetalNetLift	-
src/MetalNet_Spawn.c	WEAK-refs-only	ov009				1		None		-
src/MgBobOmbSquad_Spawn.c	WEAK-refs-only	ov006				1		None		-
src/MgHideAndBooSeek_Spawn.c	WEAK-refs-only	ov006				1		None		-
src/MgLakituLaunch_Spawn.c	P2-vtable-only	ov006	dScMgPachinko_c	dScMgPachinko_c	vtable dScMgPachinko_c slot 38 @0x2104258	1		True		-
src/MgMemoryMaster_Spawn.c	S1-stores-rom-vptr	ov006			stores _ZTV14dScMgMemory2_c	1		None	_ZTV14dScMgMemory2_c/_ZTV19dScMgSingle3DBase_c	-
src/MgMemoryMatch_Spawn.c	S1-stores-rom-vptr	ov006			stores _ZTV13dScMgMemory_c	1		None	_ZTV13dScMgMemory_c/_ZTV19dScMgSingle3DBase_c	-
src/MgPuzzlePanelPuzzlePanic_Spawn.c	WEAK-refs-only	ov006				1		None		-
src/dScMgCurling_c_classInit.c	WEAK-refs-only	ov006				1		None		-
src/MgSortOrSplode_Spawn.c	WEAK-refs-only	ov006				1		None		-
src/MgWanted_Spawn.c	WEAK-refs-only	ov006				1		None		-
src/Mod.c	PURE-C					0		None		not-in-delinks
src/Moneybag_Spawn.c	WEAK-refs-only	ov081				1		None		-
src/MontyMoleRock_Spawn.c	WEAK-refs-only	ov080				1		None		-
src/MontyMole_Spawn.c	WEAK-refs-only	ov080				1		None		-
src/MotherPenguin_Spawn.c	WEAK-refs-only	ov018				1		None		-
src/MovingBarBig_Spawn.c	WEAK-refs-only	ov015				1		None		-
src/MovingBarSmall_Spawn.c	WEAK-refs-only	ov015				1		None		-
src/MrBlizzard_Spawn.c	WEAK-refs-only	ov081				1		None		-
src/MrI_Spawn.c	WEAK-refs-only	ov071				1		None		-
src/MugenBgm_Spawn.c	WEAK-refs-only	ov002				1		None		-
src/MulMat3x3Mat3x3.c	PURE-C	arm9				1		None		-
src/MulMat4x3Mat4x3.c	PURE-C	arm9				1		None		-
src/MulVec3Mat3x3.c	PURE-C	arm9				1		None		-
src/MulVec3Mat4x3.c	PURE-C	arm9				1		None		-
src/MultiCopy32Bytes.c	PURE-C	arm9				1		None		-
src/MultiCopyHalf.c	PURE-C	arm9				1		None		-
src/MultiCopy_Int.c	PURE-C	arm9				1		None		-
src/MultiStore16.c	PURE-C	arm9				1		None		-
src/MultiStore32Bytes.c	PURE-C	arm9				1		None		-
src/MultiStore_Int.c	PURE-C	arm9				1		None		-
src/NoOpDestructor.c	PURE-C	arm9				1		None		-
src/NormalizeVec3.c	PURE-C	arm9				1		None		-
src/NormalizeVec3IfNonZero.c	PURE-C	arm9				1		None		-
src/NullDestructor_0203d47c.c	PURE-C	arm9				1		None		-
src/NumCoins.c	PURE-C	arm9				1		None		-
src/NumRedCoins.c	PURE-C	arm9				1		None		-
src/NumStars.c	PURE-C	arm9				1		None		-
src/NumVsStarsObtained.c	PURE-C	arm9				1		None		-
src/Number_Spawn.c	WEAK-refs-only	ov002				1		None		-
src/OSReadROMArea.c	PURE-C					0		None		not-in-delinks
src/OS_GetInitArenaLo.c	PURE-C	arm9				1		None		-
src/OS_SleepThread.c	WEAK-refs-only	arm9				1		None		-
src/OS_WakeupThread.c	WEAK-refs-only	arm9				1		None		-
src/ObjectMessageIDToActualMessageID.c	PURE-C	arm9				1		None		-
src/OneUpLogo_Spawn.c	WEAK-refs-only	ov002				1		None		-
src/OneUpMushroomBlockTag_Spawn.c	WEAK-refs-only	ov002				1		None		-
src/OneUpMushroom_Spawn.c	WEAK-refs-only	ov002				1		None		-
src/OpenCannon.c	PURE-C	arm9				1		None		-
src/OpenCannonInCurLevel.c	PURE-C	arm9				1		None		-
src/OpenCannonInLevel.c	PURE-C	arm9				1		None		-
src/OrangeBallBillboard_Spawn.c	WEAK-refs-only	ov044				1		None		-
src/Ov004_Deallocate.c	PURE-C	ov004				1		None		-
src/Painting_Spawn.c	S1-stores-rom-vptr	ov080			stores _ZTV8Painting	1		None	_ZTV8Painting	-
src/daObjC1Peach_c_classInit.c	WEAK-refs-only	ov010				1		None		-
src/PiranhaPlant_Spawn.c	WEAK-refs-only	ov084				1		None		-
src/Player_DisableInteraction.c	PURE-C	ov002				1		None		-
src/Player_PlaySoundEffect.c	PURE-C	arm9				1		None		-
src/Player_ReleaseHeldActor.c	PURE-C	ov002				1		None		-
src/Player_ScaleByCharFactor.c	PURE-C					0		None		not-in-delinks
src/PokeySegment_Spawn.c	WEAK-refs-only	ov096				1		None		-
src/Pokey_Spawn.c	WEAK-refs-only	ov096				1		None		-
src/daObjBkBillboard_c_classInit.c	S1-stores-rom-vptr	ov015			stores _ZTV18daObjBkBillboard_c	1		None	_ZTV18daObjBkBillboard_c	-
src/daObjKm2_Ami_Bou_c_classInit.c	WEAK-refs-only	ov045				1		None		-
src/PoppingLavaBubbles_Spawn.c	S1-stores-rom-vptr	ov002			stores _ZTV18PoppingLavaBubbles	1		None	_ZTV18PoppingLavaBubbles	-
src/PowerFlower_Spawn.c	WEAK-refs-only	ov002				1		None		-
src/daSCre_c_Spawn.c	S1-stores-rom-vptr	ov018			stores _ZTV8daSCre_c	1		None	_ZTV8daSCre_c	-
src/PowerStar_Spawn.c	WEAK-refs-only	ov002				1		None		-
src/PrepareVsMode.c	WEAK-refs-only	arm9				1		None		-
src/PrincessPeach_Spawn.c	WEAK-refs-only	ov085				1		None		-
src/PushBlock_Spawn.c	S1-stores-rom-vptr	ov002			stores _ZTV16daObjPushblock_c	1		None	_ZTV16daObjPushblock_c	-
src/daObjDpBrock_c_classInit.c	WEAK-refs-only	ov025				1		None		-
src/daObjDlPyramidDummy_c_classInit.c	WEAK-refs-only	ov024				1		None		-
src/daObjDlPyramid_c_classInit.c	WEAK-refs-only	ov024				1		None		-
src/Quaternion_FromVector3.c	WEAK-refs-only	arm9				1		None		-
src/Quaternion_Normalize.c	PURE-C	arm9				1		None		-
src/Quaternion_SLerp.c	PURE-C	arm9				1		None		-
src/QuestionBlock_Spawn.c	WEAK-refs-only	ov102				1		None		-
src/RLUnCompReadByCallbackWrite16bit.c	PURE-C					0		None		not-in-delinks
src/RLUnCompReadNormalWrite8bit.c	PURE-C					0		None		not-in-delinks
src/daObj_Mip_Key_c_classInit.c	WEAK-refs-only	ov085				1		None		-
src/Rabbit_Spawn.c	WEAK-refs-only	ov085				1		None		-
src/RacingPenguin_Spawn.c	WEAK-refs-only	ov019				1		None		-
src/RandomIntInternal.c	PURE-C	arm9				1		None		-
src/ReadSignedVarInt.c	PURE-C	arm9				1		None		-
src/ReadUnalignedInt.c	PURE-C	arm9				1		None		-
src/ReadUnalignedShort.c	PURE-C	arm9				1		None		-
src/ReadUnalignedUshort.c	PURE-C	arm9				1		None		-
src/RedCoin_Spawn.c	WEAK-refs-only	ov002				1		None		-
src/RedFlame_Spawn.c	WEAK-refs-only	ov002				1		None		-
src/RequestScreenFade.c	PURE-C	ov007				1		None		-
src/ResetCrashScreen.c	WEAK-refs-only	arm9				1		None		-
src/ResetInput.c	PURE-C	arm9				1		None		-
src/ResetKuppaScript.c	PURE-C	arm9				1		None		-
src/daObjKm1_Kurumajiku_c_classInit.c	S1-stores-rom-vptr	ov043			stores _ZTV11RickshawBdw	1		None	_ZTV11RickshawBdw/_ZTV17daObjKurumajiku_c	-
src/actors/daObjKm3_Kurumajiku_c.cpp	S1-stores-rom-vptr	ov047			stores _ZTV17daObjKurumajiku_c	1		None	_ZTV17daObjKurumajiku_c/_ZTV21daObjKm3_Kurumajiku_c	-
src/daObjKm1_Kuruma_c_classInit.c	S1-stores-rom-vptr	ov043			stores _ZTV13daObjKuruma_c	1		None	_ZTV13daObjKuruma_c/_ZTV17daObjKm1_Kuruma_c	-
src/actors/daObjKm3_Kuruma_c.cpp	S1-stores-rom-vptr	ov047			stores _ZTV13daObjKuruma_c	1		None	_ZTV13daObjKuruma_c/_ZTV17daObjKm3_Kuruma_c	-
src/daObjKi_Hasira_c_classInit.c	S1-stores-rom-vptr	ov016			stores _ZTV10RockPillar	1		None	_ZTV10RockPillar	-
src/RockTriangle_Spawn.c	WEAK-refs-only	ov102				1		None		-
src/RollingIronBall_Spawn.c	WEAK-refs-only	ov100				1		None		-
src/daObjFlMaruta_c_classInit.c	S1-stores-rom-vptr	ov022			stores _ZTV13RollingLogLll	1		None	_ZTV13RollingLogLll/_ZTV13daObjMaruta_c	-
src/daObjHmMaruta_c_classInit.c	S1-stores-rom-vptr	ov030			stores _ZTV13RollingLogTtm	1		None	_ZTV13RollingLogTtm/_ZTV13daObjMaruta_c	-
src/RollingRock_Spawn.c	S1-stores-rom-vptr	ov021			stores _ZTV11RollingRock	1		None	_ZTV11RollingRock	-
src/RopeBarrier_Spawn.c	WEAK-refs-only	ov102				1		None		-
src/daObjBk_Rotebar_c_classInit.c	WEAK-refs-only	ov015				1		None		-
src/RotatingClockHand_Spawn.c	WEAK-refs-only	ov035				1		None		-
src/RotatingCogSmall_Spawn.c	WEAK-refs-only	ov035				1		None		-
src/daObjFl_Koma_D_c_classInit.c	S1-stores-rom-vptr	ov022			stores _ZTV16daObjKaitendai_c	1		None	_ZTV16daObjKaitendai_c/_ZTV19RotatingPlatformLll	-
src/daObjRc_Kaitendai_c_classInit.c	S1-stores-rom-vptr	ov036			stores _ZTV16daObjKaitendai_c	1		None	_ZTV16daObjKaitendai_c/_ZTV18RotatingPlatformRr	-
src/actors/d_a_obj_wc_obj07.cpp	S1-stores-rom-vptr	ov029			stores _ZTV16daObjKaitendai_c	1		None	_ZTV16daObjKaitendai_c/_ZTV19RotatingPlatformWdw	-
src/daObjBk_Ukisima_c_classInit.c	S1-stores-rom-vptr	ov015			stores _ZTV16daObjKaitendai_c	1		None	_ZTV16daObjKaitendai_c/_ZTV17daObjBk_Ukisima_c	-
src/RotatingUpDownPlatformUtm_Spawn.c	WEAK-refs-only	ov091				1		None		-
src/RotatingUpDownPlatform_Spawn.c	WEAK-refs-only	ov091				1		None		-
src/RunKuppaScript.c	PURE-C	arm9				1		None		-
src/Scuttlebug_SetState.c	PURE-C	ov071				1		None		-
src/Scuttlebug_Spawn.c	WEAK-refs-only	ov071				1		None		-
src/daObjWakame_c_Spawn.c	S1-stores-rom-vptr	ov002			stores _ZTV13daObjWakame_c	1		None	_ZTV13daObjWakame_c	-
src/SeesawBdw_Spawn.c	WEAK-refs-only	ov095				1		None		-
src/SeesawBfs_Spawn.c	WEAK-refs-only	ov095				1		None		-
src/SeesawBob_Spawn.c	WEAK-refs-only	ov095				1		None		-
src/SeesawBsPlank_Spawn.c	WEAK-refs-only	ov095				1		None		-
src/SeesawBsZigZag_Spawn.c	WEAK-refs-only	ov095				1		None		-
src/SeesawRr_Spawn.c	WEAK-refs-only	ov095				1		None		-
src/SeesawUtm_Spawn.c	WEAK-refs-only	ov095				1		None		-
src/SetBg0Offset.c	PURE-C	arm9				1		None		-
src/SetBg1Offset.c	PURE-C	arm9				1		None		-
src/SetBg2Offset.c	PURE-C	arm9				1		None		-
src/SetBg3Offset.c	PURE-C	arm9				1		None		-
src/SetControllerMode.c	PURE-C	arm9				1		None		-
src/SetNextLevel.c	PURE-C	arm9				1		None		-
src/SetNextStar.c	PURE-C	arm9				1		None		-
src/SetNumPlayers.c	PURE-C	arm9				1		None		-
src/SetPlayerGlobals.c	PURE-C	arm9				1		None		-
src/SetSoundMode.c	PURE-C	arm9				1		None		-
src/SetStarMarker.c	PURE-C	arm9				1		None		-
src/SetSubBg0Offset.c	PURE-C	arm9				1		None		-
src/SetSubBg1Offset.c	PURE-C	arm9				1		None		-
src/SetSubBg2Offset.c	PURE-C	arm9				1		None		-
src/SetSubBg3Offset.c	PURE-C	arm9				1		None		-
src/SetTouchScreenDelay.c	PURE-C	arm9				1		None		-
src/SharedFilePtr_Construct_TexSeq.c	PURE-C	arm9				1		None		-
src/SharedFilePtr_Destruct_Anim.c	PURE-C	arm9				1		None		-
src/SharedFilePtr_Destruct_Clsn.c	PURE-C	arm9				1		None		-
src/SharedFilePtr_Destruct_TexSeq.c	PURE-C	arm9				1		None		-
src/Shark_Spawn.c	WEAK-refs-only	ov090				1		None		-
src/ShipDown_Spawn.c	WEAK-refs-only	ov016				1		None		-
src/ShipUp_Spawn.c	WEAK-refs-only	ov016				1		None		-
src/daObjKsWater_c_classInit.c	WEAK-refs-only	ov017				1		None		-
src/daObjRc_Hane_c_classInit.c	WEAK-refs-only	ov036				1		None		-
src/ShowArea.c	PURE-C	arm9				1		None		-
src/ShowCrashScreen.c	WEAK-refs-only	arm9				1		None		-
src/daObjBSwdoor_c_classInit.c	S1-stores-rom-vptr	ov014			stores _ZTV10ShutterBob	1		None	_ZTV10ShutterBob/_ZTV13daObjSwdoor_c	-
src/daObjCvShutter_c_classInit.c	S1-stores-rom-vptr	ov021			stores _ZTV10ShutterHmc	1		None	_ZTV10ShutterHmc/_ZTV13daObjSwdoor_c	-
src/SignPost_Spawn.c	WEAK-refs-only	ov002				1		None		-
src/SilverStarBlockTag_Spawn.c	WEAK-refs-only	ov002				1		None		-
src/SilverStar_Spawn.c	WEAK-refs-only	ov002				1		None		-
src/Skeeter_Spawn.c	S1-stores-rom-vptr	ov090			stores _ZTV7Skeeter	1		None	_ZTV7Skeeter	-
src/daObjSm_Lift_c_classInit.c	S1-stores-rom-vptr	ov018			stores _ZTV7SkiLift	1		None	_ZTV7SkiLift	-
src/SlideDecorationBlueSmiley_Spawn.c	WEAK-refs-only	ov031				1		None		-
src/SlideDecorationOrangeSmiley_Spawn.c	WEAK-refs-only	ov031				1		None		-
src/SlideDecorationSilverStar_Spawn.c	WEAK-refs-only	ov031				1		None		-
src/SlideDecorationYellowStar_Spawn.c	WEAK-refs-only	ov031				1		None		-
src/SlidingBox_Spawn.c	WEAK-refs-only	ov016				1		None		-
src/SlidingIceSpawner_Spawn.c	WEAK-refs-only	ov027				1		None		-
src/SlidingIce_Spawn.c	WEAK-refs-only	ov027				1		None		-
src/SlidingPlatformBdw_Spawn.c	WEAK-refs-only	ov091				1		None		-
src/SlidingPlatformBfsRectangle_Spawn.c	WEAK-refs-only	ov091				1		None		-
src/SlidingPlatformBfsSquare_Spawn.c	WEAK-refs-only	ov091				1		None		-
src/SlidingPlatformBsLong_Spawn.c	WEAK-refs-only	ov091				1		None		-
src/SlidingPlatformBsWide_Spawn.c	WEAK-refs-only	ov091				1		None		-
src/SlidingPlatformRr_Spawn.c	WEAK-refs-only	ov091				1		None		-
src/SlidingPlatformWf_Spawn.c	WEAK-refs-only	ov091				1		None		-
src/Snd_SendCommand.c	PURE-C	arm9				1		None		-
src/Snowball_Spawn.c	WEAK-refs-only	ov081				1		None		-
src/SnowmanBody_Spawn.c	WEAK-refs-only	ov072				1		None		-
src/SnowmanHead_Spawn.c	WEAK-refs-only	ov072				1		None		-
src/Snufit_Spawn.c	WEAK-refs-only	ov065				1		None		-
src/SoftReset.c	PURE-C					0		None		not-in-delinks
src/daSoundObj_c_Spawn.c	S1-stores-rom-vptr	ov002			stores _ZTV12daSoundObj_c	1		None	_ZTV12daSoundObj_c	-
src/Sound_PlayIfNotActive.c	PURE-C	arm9				1		None		-
src/SpikeBomb_Spawn.c	WEAK-refs-only	ov060				1		None		-
src/Spindrift_Spawn.c	WEAK-refs-only	ov081				1		None		-
src/daObjCtMecha11_c_classInit.c	WEAK-refs-only	ov035				1		None		-
src/Spiny_Spawn.c	WEAK-refs-only	ov077				1		None		-
src/Sprite_SetAnimation.c	PURE-C	ov007				1		None		-
src/Sqrt.c	PURE-C					0		None		not-in-delinks
src/SquareMetalNetLift_Spawn.c	WEAK-refs-only	ov091				1		None		-
src/SquarePathLift_Spawn.c	WEAK-refs-only	ov052				1		None		-
src/Squasher_Spawn.c	WEAK-refs-only	ov023				1		None		-
src/StarDoor_Spawn.c	WEAK-refs-only	ov100				1		None		-
src/StarMarker_Spawn.c	WEAK-refs-only	ov002				1		None		-
src/StarSwitch_Spawn.c	WEAK-refs-only	ov002				1		None		-
src/StartExitCharacterWipe.c	PURE-C	arm9				1		None		-
src/StartFile.c	WEAK-refs-only	arm9				1		None		-
src/StartIntroCutscene.c	WEAK-refs-only	arm9				1		None		-
src/StartMinigameMenu.c	WEAK-refs-only	arm9				1		None		-
src/StartWithFarCamera.c	PURE-C	arm9				1		None		-
src/StaticRock_Spawn.c	WEAK-refs-only	ov102				1		None		-
src/daObjPile_c_classInit.c	S1-stores-rom-vptr	ov091			stores _ZTV5Stump	1		None	_ZTV5Stump	-
src/SubVec3.c	PURE-C	arm9				1		None		-
src/SublevelToLevel.c	PURE-C	arm9				1		None		-
src/daObjWlSubmarine_c_classInit.c	S1-stores-rom-vptr	ov026			stores _ZTV9Submarine	1		None	_ZTV9Submarine	-
src/SurfaceInfo_TestFlag0x20.c	PURE-C	arm9				1		None		-
src/daObjRcBuranko_c_classInit.c	S1-stores-rom-vptr	ov036			stores _ZTV16SwingingPlatform	1		None	_ZTV16SwingingPlatform	-
src/daObjWc_Obj04_c_classInit.c	WEAK-refs-only	ov029				1		None		-
src/daObjC0_Switch_c_Spawn.c	S1-stores-rom-vptr	ov012			stores _ZTV16daObjC0_Switch_c	1		None	_ZTV16daObjC0_Switch_c	-
src/Swoop_Spawn.c	WEAK-refs-only	ov065				1		None		-
src/TTC_MovingBar_Spawn.c	S1-stores-rom-vptr	ov065			stores _ZTV16daObjCtMecha05_c	1		None	_ZTV16daObjCtMecha05_c	-
src/daObjCtMecha09_c_classInit.c	WEAK-refs-only	ov065				1		None		-
src/Thwomp_Spawn.c	S1-stores-rom-vptr	ov091			stores _ZTV11daDsnBase_c	1		None	_ZTV11daDsnBase_c/_ZTV6Thwomp	-
src/daObjKm2_Gura_c_classInit.c	S1-stores-rom-vptr	ov045			stores _ZTV15daObjGuragura_c	1		None	_ZTV15daObjGuragura_c/_ZTV18TiltingPlatformBfs	-
src/daObjFl_Gura_c_classInit.c	S1-stores-rom-vptr	ov064			stores _ZTV15daObjGuragura_c	1		None	_ZTV15daObjGuragura_c/_ZTV18TiltingPlatformLll	-
src/daObjTtFuta_c_classInit.c	S1-stores-rom-vptr	ov033			stores _ZTV9TinyCover	1		None	_ZTV9TinyCover	-
src/daObjTtWater_c_classInit.c	WEAK-refs-only	ov033				1		None		-
src/Toad_Spawn.c	WEAK-refs-only	ov085				1		None		-
src/Tornado_Spawn.c	WEAK-refs-only	ov096				1		None		-
src/TouchArea_Update.c	PURE-C	ov001				1		None		-
src/daObjBk_Lift_c_classInit.c	WEAK-refs-only	ov015				1		None		-
src/Trap_Spawn.c	S1-stores-rom-vptr	ov010			stores _ZTV14daObjC1_Trap_c	1		None	_ZTV14daObjC1_Trap_c	-
src/daObjTbox_c_classInit.c	WEAK-refs-only	ov064				1		None		-
src/TtcConveyorBeltLarge_Spawn.c	WEAK-refs-only	ov065				1		None		-
src/TtcConveyorBeltSmall_Spawn.c	WEAK-refs-only	ov065				1		None		-
src/TtcMovingCubeA_Spawn.c	WEAK-refs-only	ov065				1		None		-
src/TtcMovingCubeB_Spawn.c	WEAK-refs-only	ov065				1		None		-
src/TtcRotatingCube_Spawn.c	WEAK-refs-only	ov065				1		None		-
src/TtcRotatingGear_Spawn.c	WEAK-refs-only	ov065				1		None		-
src/TtcRotatingPrism_Spawn.c	WEAK-refs-only	ov065				1		None		-
src/TtcRotatingTriangle_Spawn.c	WEAK-refs-only	ov065				1		None		-
src/TurnBacklightOff.c	PURE-C	arm9				1		None		-
src/TurnBacklightOn.c	PURE-C	arm9				1		None		-
src/daObjHmBskt_c_classInit.c	S1-stores-rom-vptr	ov030			stores _ZTV13daObjHmBskt_c	1		None	_ZTV13daObjHmBskt_c	-
src/UkikiStar_Spawn.c	WEAK-refs-only	ov030				1		None		-
src/UkikiThief_Spawn.c	WEAK-refs-only	ov030				1		None		-
src/Unagi_Spawn.c	S1-stores-rom-vptr	ov016			stores _ZTV5Unagi	1		None	_ZTV5Unagi	-
src/UnloadArchive.c	PURE-C	arm9				1		None		-
src/UnloadArchives.c	PURE-C	arm9				1		None		-
src/UnloadBlueCoinModel.c	WEAK-refs-only	arm9				1		None		-
src/UnloadOverlay.c	PURE-C	arm9				1		None		-
src/UnloadSilverStarAndNumber.c	WEAK-refs-only	ov002				1		None		-
src/UpDownLiftBbh_Spawn.c	WEAK-refs-only	ov095				1		None		-
src/UpDownLiftHmc_Spawn.c	WEAK-refs-only	ov095				1		None		-
src/UpDownLiftRr_Spawn.c	WEAK-refs-only	ov095				1		None		-
src/UpdateMinimap.c	PURE-C	arm9				1		None		-
src/VBlankIntrWait.c	PURE-C					0		None		not-in-delinks
src/Vec2_Len.c	WEAK-refs-only	arm9				1		None		-
src/Vec2_Sub.c	PURE-C	arm9				1		None		-
src/Vec3_Add.c	PURE-C	arm9				1		None		-
src/Vec3_ApproachHorz.c	WEAK-refs-only	arm9				1		None		-
src/Vec3_Asr.c	PURE-C	arm9				1		None		-
src/Vec3_AsrInPlace.c	PURE-C	arm9				1		None		-
src/Vec3_Dist.c	WEAK-refs-only	arm9				1		None		-
src/Vec3_DivScalarInPlace.c	WEAK-refs-only	arm9				1		None		-
src/Vec3_Equal.c	PURE-C	arm9				1		None		-
src/Vec3_HorzAngle.c	WEAK-refs-only	arm9				1		None		-
src/Vec3_HorzDist.c	WEAK-refs-only	arm9				1		None		-
src/Vec3_HorzLen.c	WEAK-refs-only	arm9				1		None		-
src/Vec3_Lsl.c	PURE-C	arm9				1		None		-
src/Vec3_LslInPlace.c	PURE-C	arm9				1		None		-
src/Vec3_MulScalar.c	PURE-C	arm9				1		None		-
src/Vec3_MulScalarInPlace.c	PURE-C	arm9				1		None		-
src/Vec3_RotateYAndTranslate.c	PURE-C	arm9				1		None		-
src/Vec3_Sub.c	PURE-C	arm9				1		None		-
src/Vec3_VertAngle.c	WEAK-refs-only	arm9				1		None		-
src/daChRoom_c_Spawn.c	WEAK-refs-only	ov002				1		None		-
src/VolcanoFire_Spawn.c	WEAK-refs-only	ov022				1		None		-
src/daObjFl_Ring_c_classInit.c	S1-stores-rom-vptr	ov022			stores _ZTV11VolcanoRing	1		None	_ZTV11VolcanoRing	-
src/Vram__Map.c	PURE-C	arm9				1		None		-
src/daObjWc_Mizu_c_classInit.c	WEAK-refs-only	ov029				1		None		-
src/WM_CheckStateEx.c	WEAK-refs-only	arm9				1		None		-
src/WM_GetSystemWork.c	PURE-C	arm9				1		None		-
src/WM_SendCommand.c	WEAK-refs-only	arm9				1		None		-
src/WM_SetCallbackTable.c	PURE-C	arm9				1		None		-
src/WaitByLoop.c	PURE-C					0		None		not-in-delinks
src/WallSign_Spawn.c	WEAK-refs-only	ov085				1		None		-
src/WarpPipe_Spawn.c	WEAK-refs-only	ov102				1		None		-
src/WarpPlayer.c	PURE-C	arm9				1		None		-
src/daWarpkun_c_Spawn.c	S1-stores-rom-vptr	ov002			stores _ZTV11daWarpkun_c	1		None	_ZTV11daWarpkun_c	-
src/WaterBomb_Spawn.c	WEAK-refs-only	ov098				1		None		-
src/daObjWc_Obj03_c_classInit.c	WEAK-refs-only	ov029				1		None		-
src/WaterRing_Spawn.c	WEAK-refs-only	ov064				1		None		-
src/WaterSuction_Spawn.c	WEAK-refs-only	ov026				1		None		-
src/daObjWaterfall_c_classInit.cpp	WEAK-refs-only	ov002				1		None		-
src/Whirlpool_Spawn.c	WEAK-refs-only	ov026				1		None		-
src/WhompKing_Spawn.c	S1-stores-rom-vptr	ov079			stores _ZTV5Whomp	1		None	_ZTV5Whomp	-
src/Whomp_Spawn.c	S1-stores-rom-vptr	ov079			stores _ZTV5Whomp	1		None	_ZTV5Whomp	-
src/Wiggler_Spawn.c	S1-stores-rom-vptr	ov034			stores _ZTV7Wiggler	1		None	_ZTV7Wiggler	-
src/game/actors/WingFeather/WingFeather_Spawn.c	WEAK-refs-only	ov002				1		None		-
src/Wireless_Reset.c	PURE-C	arm9				1		None		-
src/WithMeshClsn_UpdateContinuous_Veneer.c	WEAK-refs-only	arm9				1		None		-
src/WithMeshClsn_UpdateDiscreteNoLava_veneer.c	WEAK-refs-only	arm9				1		None		-
src/daYegg_c_classInit.c	WEAK-refs-only	ov002				1		None		-
src/_Z19UnloadLevelOverlaysi.c	P4-mangled-freefn	arm9			_Z19UnloadLevelOverlaysi	1	active	None		-
src/_Z23LoadMinimapChangeObjecti5Fix12IiEh.c	P4-mangled-freefn	arm9			_Z23LoadMinimapChangeObjecti5Fix12IiEh	1		None		by-value-class-param
src/_ZN10BrickBlockD0Ev.c	DTOR-ONLY	ov002	daObjBlockItemTag_c	BrickBlock/daObjBlockItemTag_c	_ZN10BrickBlockD0Ev	1		True	_ZTV10BrickBlock	-
src/_ZN12daIDonketu_cD0Ev.c	DTOR-ONLY	ov027	daIDonketu_c	daIDonketu_c/daIDonketu_c	_ZN12daIDonketu_cD0Ev	1		True	_ZTV12daIDonketu_c/_ZTV7daOts_c	-
src/_ZN10ClsnResultC1Ev.c	P3-mangled-method-only	arm9		ClsnResult	_ZN10ClsnResultC1Ev	1		True		-
src/_ZN10ClsnResultD1Ev.c	DTOR-ONLY	arm9	dBgPi	ClsnResult/dBgPi	_ZN10ClsnResultD1Ev	1		True		-
src/_ZN10ClsnResultD2Ev.c	DTOR-ONLY	arm9		ClsnResult	_ZN10ClsnResultD2Ev	1		True		-
src/_ZN10DonutBlock16OnPendingDestroyEv.c	P1-vtable+mangled	ov036	daObjRc_Tikuwa_c	DonutBlock/daObjRc_Tikuwa_c	vtable daObjRc_Tikuwa_c slot 12 @0x2111a2c | _ZN10DonutBlock16OnPendingDestroyEv	1		True		-
src/_ZN10FaderColorD2Ev.c	DTOR-ONLY	arm9		FaderColor	_ZN10FaderColorD2Ev	1		True		-
src/_ZN10FlameChomp13OnYoshiTryEatEv.c	P1-vtable+mangled	ov070	daKrpa_c	FlameChomp/daKrpa_c	vtable daKrpa_c slot 18 @0x21211bc | _ZN10FlameChomp13OnYoshiTryEatEv	1		True		-
src/_ZN10FlameChomp16CleanupResourcesEv.c	P1-vtable+mangled	ov070	daKrpa_c	FlameChomp/daKrpa_c	vtable daKrpa_c slot 3 @0x212189c | _ZN10FlameChomp16CleanupResourcesEv	1		True		-
src/_ZN10FlameChomp16OnPendingDestroyEv.c	P1-vtable+mangled	ov070	daKrpa_c	FlameChomp/daKrpa_c	vtable daKrpa_c slot 12 @0x21218c0 | _ZN10FlameChomp16OnPendingDestroyEv	1		True		-
src/_ZN10FlameChompD0Ev.c	DTOR-ONLY	ov070	daKrpa_c	FlameChomp/daKrpa_c	_ZN10FlameChompD0Ev	1		True		-
src/_ZN10LavaBridgeD0Ev.c	DTOR-ONLY	ov022	daObjFl_London_c	LavaBridge/daObjFl_London_c	_ZN10LavaBridgeD0Ev	1		True	_ZTV10LavaBridge/_ZTV10dBgActor_c	-
src/_ZN10LavaSeesawD0Ev.c	DTOR-ONLY	ov022	daObjFl_Seesaw_c	LavaSeesaw/daObjFl_Seesaw_c	_ZN10LavaSeesawD0Ev	1		True	_ZTV10LavaSeesaw/_ZTV10dBgActor_c	-
src/_ZN10ModelAnim213Func_020162C4Eji5Fix12IiEt.c	P3-mangled-method-only	arm9		ModelAnim2	_ZN10ModelAnim213Func_020162C4Eji5Fix12IiEt	1		True		by-value-class-param
src/_ZN10ModelAnim2C1Ev.c	P3-mangled-method-only	arm9		ModelAnim2	_ZN10ModelAnim2C1Ev	1		True	_ZTV10ModelAnim2	-
src/_ZN10PyramidTagD0Ev.c	DTOR-ONLY	ov024	daObjDlPyramidDummy_c	PyramidTag/daObjDlPyramidDummy_c	_ZN10PyramidTagD0Ev	1		True		-
src/_ZN10RockPillarD0Ev.c	DTOR-ONLY	ov016	daObjKi_Hasira_c	RockPillar/daObjKi_Hasira_c	_ZN10RockPillarD0Ev	1		True	_ZTV10RockPillar/_ZTV10dBgActor_c	-
src/_ZN10Scuttlebug16CleanupResourcesEv.c	P1-vtable+mangled	ov071	daSpd_c	Scuttlebug/daSpd_c	vtable daSpd_c slot 3 @0x2120308 | _ZN10Scuttlebug16CleanupResourcesEv	1		True		-
src/_ZN10Scuttlebug16OnPendingDestroyEv.c	P1-vtable+mangled	ov071	daSpd_c	Scuttlebug/daSpd_c	vtable daSpd_c slot 12 @0x2120338 | _ZN10Scuttlebug16OnPendingDestroyEv	1		True		-
src/_ZN10ScuttlebugD0Ev.c	DTOR-ONLY	ov071	daSpd_c	Scuttlebug/daSpd_c	_ZN10ScuttlebugD0Ev	1		True		-
src/_ZN14daObjBSwdoor_cD0Ev.c	DTOR-ONLY	ov014	daObjBSwdoor_c	daObjBSwdoor_c/daObjBSwdoor_c	_ZN14daObjBSwdoor_cD0Ev	1		True	_ZTV14daObjBSwdoor_c/_ZTV10dBgActor_c/_ZTV13daObjSwdoor_c	-
src/_ZN10ShutterHmcD0Ev.c	DTOR-ONLY	ov021	daObjCvShutter_c	ShutterHmc/daObjCvShutter_c	_ZN10ShutterHmcD0Ev	1		True	_ZTV10ShutterHmc/_ZTV10dBgActor_c/_ZTV13daObjSwdoor_c	-
src/_ZN10SlidingBox8BehaviorEv.c	P1-vtable+mangled	ov016	daSlide_Box_c	SlidingBox/daSlide_Box_c	vtable daSlide_Box_c slot 6 @0x2113158 | _ZN10SlidingBox8BehaviorEv	1		True		-
src/_ZN10SlidingBoxD0Ev.c	DTOR-ONLY	ov016	daSlide_Box_c	SlidingBox/daSlide_Box_c	_ZN10SlidingBoxD0Ev	1		True	_ZTV10dBgActor_c	-
src/_ZN10SlidingBoxD1Ev.c	DTOR-ONLY	ov016	daSlide_Box_c	SlidingBox/daSlide_Box_c	_ZN10SlidingBoxD1Ev	1		True	_ZTV10dBgActor_c	-
src/_ZN10SphereClsn14SetFloorResultERK10ClsnResult.c	P3-mangled-method-only	arm9		SphereClsn	_ZN10SphereClsn14SetFloorResultERK10ClsnResult	1		True		-
src/_ZN10SphereClsn15SetObjAndSphereERK7Vector35Fix12IiEP8dActor_c.c	P3-mangled-method-only	arm9		SphereClsn	_ZN10SphereClsn15SetObjAndSphereERK7Vector35Fix12IiEP8dActor_c	1		True		by-value-class-param
src/_ZN10SphereClsnC1Ev.c	P3-mangled-method-only	arm9		SphereClsn	_ZN10SphereClsnC1Ev	1		True		-
src/_ZN10SphereClsnD1Ev.c	DTOR-ONLY	arm9	dBgCh_SphCrr	SphereClsn/dBgCh_SphCrr	_ZN10SphereClsnD1Ev	1		True	_ZTV10SphereClsn	-
src/_ZN10StarMarkerD0Ev.c	DTOR-ONLY	ov002	daStarBase_c	StarMarker/daStarBase_c	_ZN10StarMarkerD0Ev	1		True		-
src/_ZN10dBgActor_c14KillByMegaCharER6Player.c	P3-mangled-method-only	ov002		dBgActor_c	_ZN10dBgActor_c14KillByMegaCharER6Player	1		True		-
src/_ZN10dBgActor_cC2Ev.c	P3-mangled-method-only	ov002		dBgActor_c	_ZN10dBgActor_cC2Ev	1		True	_ZTV10dBgActor_c	-
src/_ZN10dFdDummy_c11AdvanceFadeEv.c	P1-vtable+mangled	arm9	dFdDummy_c	dFdDummy_c	vtable dFdDummy_c slot 2 @0x201721c | _ZN10dFdDummy_c11AdvanceFadeEv	1		True		-
src/_ZN10dFdDummy_cD0Ev.c	DTOR-ONLY	arm9	dFdDummy_c	dFdDummy_c	_ZN10dFdDummy_cD0Ev	1		True		-
src/_ZN10dFdDummy_cD1Ev.c	DTOR-ONLY	arm9	dFdDummy_c	dFdDummy_c	_ZN10dFdDummy_cD1Ev	1		True		-
src/_ZN10dScEntry_c16CleanupResourcesEv.c	P1-vtable+mangled	ov075	dScEntry_c	dScEntry_c	vtable dScEntry_c slot 3 @0x211a210 | _ZN10dScEntry_c16CleanupResourcesEv	1		True		-
src/_ZN10dScEntry_c16OnPendingDestroyEv.c	P1-vtable+mangled	ov075	dScEntry_c	dScEntry_c	vtable dScEntry_c slot 12 @0x211a268 | _ZN10dScEntry_c16OnPendingDestroyEv	1		True		-
src/_ZN10dScEntry_c19BeforeInitResourcesEv.c	P1-vtable+mangled	ov075	dScEntry_c	dScEntry_c	vtable dScEntry_c slot 1 @0x211a734 | _ZN10dScEntry_c19BeforeInitResourcesEv	1		True		-
src/_ZN10dScEntry_cD0Ev.c	DTOR-ONLY	ov075	dScEntry_c	dScEntry_c	_ZN10dScEntry_cD0Ev	1		True		-
src/_ZN10dScTitle_c16CleanupResourcesEv.c	P1-vtable+mangled	ov003	dScTitle_c	dScTitle_c	vtable dScTitle_c slot 3 @0x20ada80 | _ZN10dScTitle_c16CleanupResourcesEv	1		True		-
src/_ZN10dScTitle_c16OnPendingDestroyEv.c	P1-vtable+mangled	ov003	dScTitle_c	dScTitle_c	vtable dScTitle_c slot 12 @0x20ad7a0 | _ZN10dScTitle_c16OnPendingDestroyEv	1		True		-
src/_ZN10dScTitle_cD0Ev.c	DTOR-ONLY	ov003	dScTitle_c	dScTitle_c	_ZN10dScTitle_cD0Ev	1		True		-
src/_ZN10dScTitle_cD1Ev.c	DTOR-ONLY	ov003	dScTitle_c	dScTitle_c	_ZN10dScTitle_cD1Ev	1		True		-
src/_ZN10daPgDfdr_c16CleanupResourcesEv.c	P1-vtable+mangled	ov027	daPgDfdr_c	daPgDfdr_c	vtable daPgDfdr_c slot 3 @0x2111d8c | _ZN10daPgDfdr_c16CleanupResourcesEv	1		True		-
src/_ZN10daPgDfdr_c16OnPendingDestroyEv.c	P1-vtable+mangled	ov027	daPgDfdr_c	daPgDfdr_c	vtable daPgDfdr_c slot 12 @0x2111dfc | _ZN10daPgDfdr_c16OnPendingDestroyEv	1		True		-
src/_ZN11BabyPenguin16CleanupResourcesEv.c	P1-vtable+mangled	ov072	daPgBby_c	BabyPenguin/daPgBby_c	vtable daPgBby_c slot 3 @0x2121d6c | _ZN11BabyPenguin16CleanupResourcesEv	1		True		-
src/_ZN11BabyPenguin16OnPendingDestroyEv.c	P1-vtable+mangled	ov072	daPgBby_c	BabyPenguin/daPgBby_c	vtable daPgBby_c slot 12 @0x2121db0 | _ZN11BabyPenguin16OnPendingDestroyEv	1		True		-
src/_ZN11BabyPenguinD0Ev.c	DTOR-ONLY	ov072	daPgBby_c	BabyPenguin/daPgBby_c	_ZN11BabyPenguinD0Ev	1		True		-
src/_ZN11BillBlasterD0Ev.c	DTOR-ONLY	ov079	daObjBkKillerdai_c	BillBlaster/daObjBkKillerdai_c	_ZN11BillBlasterD0Ev	1		True	_ZTV10dBgActor_c/_ZTV11BillBlaster	-
src/_ZN11BobOmbBuddy16CleanupResourcesEv.c	P1-vtable+mangled	ov084	daRedBombhei_c	BobOmbBuddy/daRedBombhei_c	vtable daRedBombhei_c slot 3 @0x212cf10 | _ZN11BobOmbBuddy16CleanupResourcesEv	1		True		-
src/_ZN11BobOmbBuddyD0Ev.c	DTOR-ONLY	ov084	daRedBombhei_c	BobOmbBuddy/daRedBombhei_c	_ZN11BobOmbBuddyD0Ev	1		True		-
src/_ZN11CastleWaterD0Ev.c	DTOR-ONLY	ov009	daObjMcWater_c	CastleWater/daObjMcWater_c	_ZN11CastleWaterD0Ev	1		True	_ZTV10dBgActor_c/_ZTV11CastleWater	-
src/_ZN11CastleWaterD1Ev.c	DTOR-ONLY	ov009	daObjMcWater_c	CastleWater/daObjMcWater_c	_ZN11CastleWaterD1Ev	1		True	_ZTV10dBgActor_c	-
src/_ZN11CommonModelC1Ev.c	P3-mangled-method-only	arm9		CommonModel	_ZN11CommonModelC1Ev	1		True	_ZTV11CommonModel	-
src/_ZN11CrazedCrate16CleanupResourcesEv.c	P1-vtable+mangled	ov080	daBttBk_c	CrazedCrate/daBttBk_c	vtable daBttBk_c slot 3 @0x2125158 | _ZN11CrazedCrate16CleanupResourcesEv	1		True		-
src/_ZN11CrazedCrate16OnPendingDestroyEv.c	P1-vtable+mangled	ov080	daBttBk_c	CrazedCrate/daBttBk_c	vtable daBttBk_c slot 12 @0x212517c | _ZN11CrazedCrate16OnPendingDestroyEv	1		True		-
src/_ZN11CrazedCrateD0Ev.c	DTOR-ONLY	ov080	daBttBk_c	CrazedCrate/daBttBk_c	_ZN11CrazedCrateD0Ev	1		True		-
src/_ZN11DiamondLiftD0Ev.c	DTOR-ONLY	ov043	daObjKm1_Ukishima_c	DiamondLift/daObjKm1_Ukishima_c	_ZN11DiamondLiftD0Ev	1		True	_ZTV10dBgActor_c/_ZTV11DiamondLift	-
src/_ZN20daObjBk_Fall_Block_c13InitResourcesEv.c	P1-vtable+mangled	ov015	daObjBk_Fall_Block_c	daObjBk_Fall_Block_c/daObjBk_Fall_Block_c	vtable daObjBk_Fall_Block_c slot 0 @0x2112dbc | _ZN20daObjBk_Fall_Block_c13InitResourcesEv	1		True		-
src/_ZN20daObjBk_Fall_Block_c16CleanupResourcesEv.c	P1-vtable+mangled	ov015	daObjBk_Fall_Block_c	daObjBk_Fall_Block_c/daObjBk_Fall_Block_c	vtable daObjBk_Fall_Block_c slot 3 @0x2112da8 | _ZN20daObjBk_Fall_Block_c16CleanupResourcesEv	1		True		-
src/_ZN20daObjBk_Fall_Block_cD0Ev.c	DTOR-ONLY	ov015	daObjBk_Fall_Block_c	daObjBk_Fall_Block_c/daObjBk_Fall_Block_c	_ZN20daObjBk_Fall_Block_cD0Ev	1		True	_ZTV10dBgActor_c/_ZTV20daObjBk_Fall_Block_c/_ZTV16daObjFallBlock_c	-
src/_ZN11MirrorLuigi16CleanupResourcesEv.c	P1-vtable+mangled	ov055	daLuigi_c	MirrorLuigi/daLuigi_c	vtable daLuigi_c slot 3 @0x2111318 | _ZN11MirrorLuigi16CleanupResourcesEv	1		True		-
src/_ZN11MirrorLuigi16OnPendingDestroyEv.c	P1-vtable+mangled	ov055	daLuigi_c	MirrorLuigi/daLuigi_c	vtable daLuigi_c slot 12 @0x2111354 | _ZN11MirrorLuigi16OnPendingDestroyEv	1		True		-
src/_ZN11MirrorLuigiD0Ev.c	DTOR-ONLY	ov055	daLuigi_c	MirrorLuigi/daLuigi_c	_ZN11MirrorLuigiD0Ev	1		True	_ZTV11MirrorLuigi	-
src/_ZN11PowerFlower16CleanupResourcesEv.c	P1-vtable+mangled	ov002	daObjPowerUpItem_c	PowerFlower/daObjPowerUpItem_c	vtable daObjPowerUpItem_c slot 3 @0x20b9a7c | _ZN11PowerFlower16CleanupResourcesEv	1		True		-
src/_ZN11PowerFlowerD0Ev.c	DTOR-ONLY	ov002	daObjPowerUpItem_c	PowerFlower/daObjPowerUpItem_c	_ZN11PowerFlowerD0Ev	1		True		-
src/_ZN11PyramidLift16CleanupResourcesEv.c	P1-vtable+mangled	ov025	daDpLift_c	PyramidLift/daDpLift_c	vtable daDpLift_c slot 3 @0x21121c0 | _ZN11PyramidLift16CleanupResourcesEv	1		True		-
src/_ZN11PyramidLiftD0Ev.c	DTOR-ONLY	ov025	daDpLift_c	PyramidLift/daDpLift_c	_ZN11PyramidLiftD0Ev	1		True	_ZTV10dBgActor_c/_ZTV11PyramidLift	-
src/_ZN11RaycastLine10GetClsnPosEv.c	P3-mangled-method-only	arm9		RaycastLine	_ZN11RaycastLine10GetClsnPosEv	1		True		-
src/_ZN11RaycastLine4Line3SetERK7Vector3S3_.c	P3-mangled-method-only	ov002		Line	_ZN11RaycastLine4Line3SetERK7Vector3S3_	1		False		no-header:Line
src/_ZN11RaycastLineD1Ev.c	DTOR-ONLY	arm9	dBgCh_Lin	RaycastLine/dBgCh_Lin	_ZN11RaycastLineD1Ev	1		True	_ZTV11RaycastLine	-
src/_ZN11RickshawBdwD0Ev.c	DTOR-ONLY	ov043	daObjKm1_Kurumajiku_c	RickshawBdw/daObjKm1_Kurumajiku_c	_ZN11RickshawBdwD0Ev	1		True	_ZTV10dBgActor_c/_ZTV11RickshawBdw/_ZTV17daObjKurumajiku_c	-
src/_ZN11RollingRock8BehaviorEv.c	P1-vtable+mangled	ov021	daGrock_c	RollingRock/daGrock_c	vtable daGrock_c slot 6 @0x2112854 | _ZN11RollingRock8BehaviorEv	1		True		-
src/_ZN11ShadowModel9InitModelEP9Matrix4x35Fix12IiES3_S3_j.c	P3-mangled-method-only	arm9		ShadowModel	_ZN11ShadowModel9InitModelEP9Matrix4x35Fix12IiES3_S3_j	1		True		by-value-class-param
src/_ZN11ShadowModelC1Ev.c	P3-mangled-method-only	arm9		ShadowModel	_ZN11ShadowModelC1Ev	1		True	_ZTV11ShadowModel	-
src/_ZN11ShadowModelD0Ev.cpp	DTOR-ONLY	arm9	dExtShadowModel_c	ShadowModel/dExtShadowModel_c	_ZN11ShadowModelD0Ev	1		True	_ZTV11ShadowModel	-
src/_ZN11SnowmanBody16CleanupResourcesEv.c	P1-vtable+mangled	ov072	daBgSnmBdy_c	SnowmanBody/daBgSnmBdy_c	vtable daBgSnmBdy_c slot 3 @0x211fccc | _ZN11SnowmanBody16CleanupResourcesEv	1		True		-
src/_ZN11SnowmanBody16OnPendingDestroyEv.c	P1-vtable+mangled	ov072	daBgSnmBdy_c	SnowmanBody/daBgSnmBdy_c	vtable daBgSnmBdy_c slot 12 @0x211fcf0 | _ZN11SnowmanBody16OnPendingDestroyEv	1		True		-
src/_ZN11SnowmanBodyD0Ev.c	DTOR-ONLY	ov072	daBgSnmBdy_c	SnowmanBody/daBgSnmBdy_c	_ZN11SnowmanBodyD0Ev	1		True		-
src/_ZN11SnowmanHead16CleanupResourcesEv.c	P1-vtable+mangled	ov072	daBgSnmHed_c	SnowmanHead/daBgSnmHed_c	vtable daBgSnmHed_c slot 3 @0x21205f0 | _ZN11SnowmanHead16CleanupResourcesEv	1		True		-
src/_ZN11SnowmanHead16OnPendingDestroyEv.c	P1-vtable+mangled	ov072	daBgSnmHed_c	SnowmanHead/daBgSnmHed_c	vtable daBgSnmHed_c slot 12 @0x2120634 | _ZN11SnowmanHead16OnPendingDestroyEv	1		True		-
src/_ZN11SnowmanHeadD0Ev.c	DTOR-ONLY	ov072	daBgSnmHed_c	SnowmanHead/daBgSnmHed_c	_ZN11SnowmanHeadD0Ev	1		True		-
src/_ZN12daSoundObj_cD0Ev.c	DTOR-ONLY	ov002	daSoundObj_c	daSoundObj_c/daSoundObj_c	_ZN12daSoundObj_cD0Ev	1		True	_ZTV12daSoundObj_c	-
src/_ZN11VolcanoFire16CleanupResourcesEv.c	P1-vtable+mangled	ov022	daObj_volcanoCannon_c	VolcanoFire/daObj_volcanoCannon_c	vtable daObj_volcanoCannon_c slot 3 @0x21127e0 | _ZN11VolcanoFire16CleanupResourcesEv	1		True		-
src/_ZN11VolcanoFireD0Ev.c	DTOR-ONLY	ov022	daObj_volcanoCannon_c	VolcanoFire/daObj_volcanoCannon_c	_ZN11VolcanoFireD0Ev	1		True		-
src/_ZN11VolcanoRingD0Ev.c	DTOR-ONLY	ov022	daObjFl_Ring_c	VolcanoRing/daObjFl_Ring_c	_ZN11VolcanoRingD0Ev	1		True	_ZTV10dBgActor_c/_ZTV11VolcanoRing	-
src/game/actors/WingFeather/_ZN11WingFeather16CleanupResourcesEv.cpp	P1-vtable+mangled	ov002	daFeather_c	WingFeather/daFeather_c	vtable daFeather_c slot 3 @0x20b2e30 | _ZN11WingFeather16CleanupResourcesEv	1		True		-
src/game/actors/WingFeather/_ZN11WingFeatherD0Ev.cpp	DTOR-ONLY	ov002	daFeather_c	WingFeather/daFeather_c	_ZN11WingFeatherD0Ev	1		True		-
src/_ZN11dScMiniGm_c13InitResourcesEv.c	P1-vtable+mangled	ov005	dScMiniGm_c	dScMiniGm_c	vtable dScMiniGm_c slot 0 @0x20c1a20 | _ZN11dScMiniGm_c13InitResourcesEv	1		True		-
src/_ZN11dScMiniGm_c16CleanupResourcesEv.c	P1-vtable+mangled	ov005	dScMiniGm_c	dScMiniGm_c	vtable dScMiniGm_c slot 3 @0x20c1654 | _ZN11dScMiniGm_c16CleanupResourcesEv	1		True		-
src/_ZN11dScMiniGm_c16OnPendingDestroyEv.c	P1-vtable+mangled	ov005	dScMiniGm_c	dScMiniGm_c	vtable dScMiniGm_c slot 12 @0x20c0b00 | _ZN11dScMiniGm_c16OnPendingDestroyEv	1		True		-
src/_ZN11dScMiniGm_c6RenderEv.c	P3-mangled-method-only			dScMiniGm_c	_ZN11dScMiniGm_c6RenderEv	0		True		NONMATCHING-draft;not-in-delinks
src/_ZN11dScMiniGm_c8BehaviorEv.c	P1-vtable+mangled	ov005	dScMiniGm_c	dScMiniGm_c	vtable dScMiniGm_c slot 6 @0x20c14a0 | _ZN11dScMiniGm_c8BehaviorEv	1		True		-
src/_ZN11dScMiniGm_cD0Ev.c	DTOR-ONLY	ov005	dScMiniGm_c	dScMiniGm_c	_ZN11dScMiniGm_cD0Ev	1		True		-
src/_ZN11dScMiniGm_cD1Ev.c	DTOR-ONLY	ov005	dScMiniGm_c	dScMiniGm_c	_ZN11dScMiniGm_cD1Ev	1		True		-
src/_ZN11daBgSnwmn_c13InitResourcesEv.c	P1-vtable+mangled	ov072	daBgSnwmn_c	daBgSnwmn_c	vtable daBgSnwmn_c slot 0 @0x2120a44 | _ZN11daBgSnwmn_c13InitResourcesEv	1		True		-
src/_ZN11daBgSnwmn_c16CleanupResourcesEv.c	P1-vtable+mangled	ov072	daBgSnwmn_c	daBgSnwmn_c	vtable daBgSnwmn_c slot 3 @0x2120980 | _ZN11daBgSnwmn_c16CleanupResourcesEv	1		True		-
src/_ZN11daBgSnwmn_c16OnPendingDestroyEv.c	P1-vtable+mangled	ov072	daBgSnwmn_c	daBgSnwmn_c	vtable daBgSnwmn_c slot 12 @0x21209bc | _ZN11daBgSnwmn_c16OnPendingDestroyEv	1		True		-
src/_ZN11daBgSnwmn_cD0Ev.c	DTOR-ONLY	ov072	daBgSnwmn_c	daBgSnwmn_c	_ZN11daBgSnwmn_cD0Ev	1		True		-
src/_ZN11daBgSnwmn_cD1Ev.c	DTOR-ONLY	ov072	daBgSnwmn_c	daBgSnwmn_c	_ZN11daBgSnwmn_cD1Ev	1		True		-
src/_ZN11daDsnBase_cD0Ev.cpp	DTOR-ONLY	ov091	daDsn_c	daDsnBase_c/daDsn_c	_ZN11daDsnBase_cD0Ev	1		True	_ZTV10dBgActor_c/_ZTV11daDsnBase_c	-
src/_ZN11daDsnBase_cD1Ev.c	DTOR-ONLY	ov091	daDsn_c	daDsnBase_c/daDsn_c	_ZN11daDsnBase_cD1Ev	1		True	_ZTV10dBgActor_c/_ZTV11daDsnBase_c	-
src/_ZN12CylinderClsnD0Ev.c	DTOR-ONLY	arm9	dCc_c	CylinderClsn/dCc_c	_ZN12CylinderClsnD0Ev	1		True		-
src/_ZN12CylinderClsnD1Ev.c	DTOR-ONLY	arm9	dCc_c	CylinderClsn/dCc_c	_ZN12CylinderClsnD1Ev	1		True		-
src/_ZN12CylinderClsnD2Ev.c	DTOR-ONLY	arm9		CylinderClsn	_ZN12CylinderClsnD2Ev	1		True		-
src/_ZN21daObjKm2_Fall_Block_c13InitResourcesEv.c	P1-vtable+mangled	ov045	daObjKm2_Fall_Block_c	daObjKm2_Fall_Block_c	vtable daObjKm2_Fall_Block_c slot 0 @0x2111e10 | _ZN21daObjKm2_Fall_Block_c13InitResourcesEv	1		True		-
src/_ZN21daObjKm2_Fall_Block_c16CleanupResourcesEv.c	P1-vtable+mangled	ov045	daObjKm2_Fall_Block_c	daObjKm2_Fall_Block_c	vtable daObjKm2_Fall_Block_c slot 3 @0x2111dfc | _ZN21daObjKm2_Fall_Block_c16CleanupResourcesEv	1		True		-
src/_ZN21daObjKm2_Fall_Block_cD0Ev.c	DTOR-ONLY	ov045	daObjKm2_Fall_Block_c	daObjKm2_Fall_Block_c	_ZN21daObjKm2_Fall_Block_cD0Ev	1		True	_ZTV10dBgActor_c/_ZTV21daObjKm2_Fall_Block_c/_ZTV16daObjFallBlock_c	-
src/_ZN12HauntedChair16CleanupResourcesEv.c	P1-vtable+mangled	ov020	daChair_c	HauntedChair/daChair_c	vtable daChair_c slot 3 @0x21132d8 | _ZN12HauntedChair16CleanupResourcesEv	1		True		-
src/_ZN12HauntedChairD0Ev.c	DTOR-ONLY	ov020	daChair_c	HauntedChair/daChair_c	_ZN12HauntedChairD0Ev	1		True		-
src/_ZN12HealingHeart16CleanupResourcesEv.c	P1-vtable+mangled	ov002	daObjHeart_c	HealingHeart/daObjHeart_c	vtable daObjHeart_c slot 3 @0x20bc6a4 | _ZN12HealingHeart16CleanupResourcesEv	1		True		-
src/_ZN12HealingHeart8BehaviorEv.c	P1-vtable+mangled	ov002	daObjHeart_c	HealingHeart/daObjHeart_c	vtable daObjHeart_c slot 6 @0x20bc6fc | _ZN12HealingHeart8BehaviorEv	1		True		-
src/_ZN12HealingHeartD0Ev.c	DTOR-ONLY	ov002	daObjHeart_c	HealingHeart/daObjHeart_c	_ZN12HealingHeartD0Ev	1		True		-
src/_ZN12MeshColliderC1Ev.c	P3-mangled-method-only	arm9		MeshCollider	_ZN12MeshColliderC1Ev	1		True	_ZTV12MeshCollider	-
src/_ZN12MeshColliderD0Ev.c	DTOR-ONLY	arm9	dBgW_Kc	MeshCollider/dBgW_Kc	_ZN12MeshColliderD0Ev	1		True		-
src/_ZN12MeshColliderD2Ev.c	DTOR-ONLY	arm9		MeshCollider	_ZN12MeshColliderD2Ev	1		True		-
src/_ZN12MetalNetLiftD0Ev.c	DTOR-ONLY	ov064	daObjFl_Amilift_c	MetalNetLift/daObjFl_Amilift_c	_ZN12MetalNetLiftD0Ev	1		True	_ZTV10dBgActor_c/_ZTV12MetalNetLift	-
src/_ZN16daObjC0_Switch_cD0Ev.c	DTOR-ONLY	ov012	daObjC0_Switch_c	daObjC0_Switch_c/daObjC0_Switch_c	_ZN16daObjC0_Switch_cD0Ev	1		True	_ZTV10dBgActor_c/_ZTV16daObjC0_Switch_c	-
src/_ZN15daObjWc_Obj03_c16CleanupResourcesEv.c	P1-vtable+mangled	ov029	daObjWc_Obj03_c	daObjWc_Obj03_c/daObjWc_Obj03_c	vtable daObjWc_Obj03_c slot 3 @0x2111908 | _ZN15daObjWc_Obj03_c16CleanupResourcesEv	1		True		-
src/_ZN15daObjWc_Obj03_cD0Ev.c	DTOR-ONLY	ov029	daObjWc_Obj03_c	daObjWc_Obj03_c/daObjWc_Obj03_c	_ZN15daObjWc_Obj03_cD0Ev	1		True		-
src/_ZN12WithMeshClsn4InitEP8dActor_c5Fix12IiES3_P10Vector3_16S5_.c	P3-mangled-method-only	arm9		WithMeshClsn	_ZN12WithMeshClsn4InitEP8dActor_c5Fix12IiES3_P10Vector3_16S5_	1		True		by-value-class-param
src/_ZN12WithMeshClsnC1Ev.c	P3-mangled-method-only	arm9		WithMeshClsn	_ZN12WithMeshClsnC1Ev	1		True		-
src/_ZN12WithMeshClsnD1Ev.c	DTOR-ONLY	arm9	dBgCh_Actr	WithMeshClsn/dBgCh_Actr	_ZN12WithMeshClsnD1Ev	1		True		-
src/_ZN12WorkElevator8BehaviorEv.c	P3-mangled-method-only			WorkElevator	_ZN12WorkElevator8BehaviorEv	0		True		NONMATCHING-draft;not-in-delinks
src/_ZN12WorkElevatorD0Ev.c	DTOR-ONLY	ov021	daObjCvNewsLift_c	WorkElevator/daObjCvNewsLift_c	_ZN12WorkElevatorD0Ev	1		True	_ZTV10dBgActor_c/_ZTV12WorkElevator	-
src/_ZN12dEnemyBase_c20KillByInvincibleCharERK10Vector3_16R6Player.c	P3-mangled-method-only	ov004		dEnemyBase_c	_ZN12dEnemyBase_c20KillByInvincibleCharERK10Vector3_16R6Player	1		True		-
src/_ZN12dEnemyBase_cD2Ev.cpp	DTOR-ONLY	ov002		dEnemyBase_c	_ZN12dEnemyBase_cD2Ev	1		True		-
src/_ZN12dScStarSel_c13InitResourcesEv.c	P3-mangled-method-only			dScStarSel_c	_ZN12dScStarSel_c13InitResourcesEv	0		True		NONMATCHING-draft;not-in-delinks
src/_ZN12dScStarSel_c16OnPendingDestroyEv.c	P1-vtable+mangled	ov003	dScStarSel_c	dScStarSel_c	vtable dScStarSel_c slot 12 @0x20ae6f0 | _ZN12dScStarSel_c16OnPendingDestroyEv	1		True		-
src/_ZN12dScStarSel_cD0Ev.c	DTOR-ONLY	ov003	dScStarSel_c	dScStarSel_c	_ZN12dScStarSel_cD0Ev	1		True	_ZTV12dScStarSel_c	-
src/_ZN12daBakubaku_cD0Ev.c	DTOR-ONLY	ov032	daBakubaku_c	daBakubaku_c	_ZN12daBakubaku_cD0Ev	1		True	_ZTV12daBakubaku_c	-
src/_ZN12daObjAbuku_cD0Ev.c	DTOR-ONLY	ov002	daObjAbuku_c	daObjAbuku_c	_ZN12daObjAbuku_cD0Ev	1		True	_ZTV12daObjAbuku_c	-
src/_ZN12daObjAbuku_cD1Ev.c	DTOR-ONLY	ov002	daObjAbuku_c	daObjAbuku_c	_ZN12daObjAbuku_cD1Ev	1		True	_ZTV12daObjAbuku_c	-
src/_ZN13BigBrickBlock13InitResourcesEv.c	P1-vtable+mangled	ov002	daObjBlockL_c	BigBrickBlock/daObjBlockL_c	vtable daObjBlockL_c slot 0 @0x20b3d78 | _ZN13BigBrickBlock13InitResourcesEv	1		True		-
src/_ZN13BowserShutterD0Ev.c	DTOR-ONLY	ov026	daObjWlKoopaShutter_c	BowserShutter/daObjWlKoopaShutter_c	_ZN13BowserShutterD0Ev	1		True	_ZTV10dBgActor_c/_ZTV13BowserShutter	-
src/_ZN13ExpandingHeapC1EPvjP4HeapP22ExpandingHeapAllocator.c	P3-mangled-method-only	arm9		ExpandingHeap	_ZN13ExpandingHeapC1EPvjP4HeapP22ExpandingHeapAllocator	1		True	_ZTV13ExpandingHeap	-
src/_ZN13ExpandingHeapD1Ev.cpp	DTOR-ONLY	arm9	mHeap::ExpHeap_t	ExpandingHeap/mHeap	_ZN13ExpandingHeapD1Ev	1		True	_ZTV13ExpandingHeap	-
src/_ZN10daPgMthr_c16OnPendingDestroyEv.c	P1-vtable+mangled	ov018	daPgMthr_c	daPgMthr_c/daPgMthr_c	vtable daPgMthr_c slot 12 @0x2112450 | _ZN10daPgMthr_c16OnPendingDestroyEv	1		True		-
src/_ZN10daPgMthr_cD0Ev.c	DTOR-ONLY	ov018	daPgMthr_c	daPgMthr_c/daPgMthr_c	_ZN10daPgMthr_cD0Ev	1		True		-
src/_ZN13OneUpMushroomD0Ev.c	DTOR-ONLY	ov002	da1up_c	OneUpMushroom/da1up_c	_ZN13OneUpMushroomD0Ev	1		True		-
src/_ZN13PeachPainting16CleanupResourcesEv.c	P1-vtable+mangled	ov010	daObjC1Peach_c	PeachPainting/daObjC1Peach_c	vtable daObjC1Peach_c slot 3 @0x2111ec4 | _ZN13PeachPainting16CleanupResourcesEv	1		True		-
src/_ZN13PeachPaintingD0Ev.c	DTOR-ONLY	ov010	daObjC1Peach_c	PeachPainting/daObjC1Peach_c	_ZN13PeachPaintingD0Ev	1		True		-
src/_ZN18daObjBkBillboard_cD0Ev.c	DTOR-ONLY	ov015	daObjBkBillboard_c	daObjBkBillboard_c/daObjBkBillboard_c	_ZN18daObjBkBillboard_cD0Ev	1		True	_ZTV18daObjBkBillboard_c	-
src/_ZN13PrincessPeachD0Ev.c	DTOR-ONLY	ov085	daPeach_c	PrincessPeach/daPeach_c	_ZN13PrincessPeachD0Ev	1		True		-
src/_ZN13QuestionBlock13InitResourcesEv.c	P1-vtable+mangled	ov102	daObjHatenaBlock_c	QuestionBlock/daObjHatenaBlock_c	vtable daObjHatenaBlock_c slot 0 @0x214a4a4 | _ZN13QuestionBlock13InitResourcesEv	1		True		-
src/_ZN13RacingPenguin16OnPendingDestroyEv.c	P1-vtable+mangled	ov019	daPgRcer_c	RacingPenguin/daPgRcer_c	vtable daPgRcer_c slot 12 @0x211235c | _ZN13RacingPenguin16OnPendingDestroyEv	1		True		-
src/_ZN13RacingPenguinD0Ev.c	DTOR-ONLY	ov019	daPgRcer_c	RacingPenguin/daPgRcer_c	_ZN13RacingPenguinD0Ev	1		True		-
src/_ZN13RaycastGround12SetObjAndPosERK7Vector3P8dActor_c.c	P3-mangled-method-only	arm9		RaycastGround	_ZN13RaycastGround12SetObjAndPosERK7Vector3P8dActor_c	1		True		-
src/_ZN13RaycastGroundC1Ev.c	P3-mangled-method-only	arm9		RaycastGround	_ZN13RaycastGroundC1Ev	1		True		-
src/_ZN13RaycastGroundD1Ev.c	DTOR-ONLY	arm9	dBgCh_Gnd	RaycastGround/dBgCh_Gnd	_ZN13RaycastGroundD1Ev	1		True		-
src/_ZN13RollingLogLllD0Ev.c	DTOR-ONLY	ov022	daObjFlMaruta_c	RollingLogLll/daObjFlMaruta_c	_ZN13RollingLogLllD0Ev	1		True	_ZTV10dBgActor_c/_ZTV13RollingLogLll/_ZTV13daObjMaruta_c	-
src/_ZN13RollingLogTtm13InitResourcesEv.c	P1-vtable+mangled	ov030	daObjHmMaruta_c	RollingLogTtm/daObjHmMaruta_c	vtable daObjHmMaruta_c slot 0 @0x2111638 | _ZN13RollingLogTtm13InitResourcesEv	1		True		-
src/_ZN13RollingLogTtm16CleanupResourcesEv.c	P1-vtable+mangled	ov030	daObjHmMaruta_c	RollingLogTtm/daObjHmMaruta_c	vtable daObjHmMaruta_c slot 3 @0x2111610 | _ZN13RollingLogTtm16CleanupResourcesEv	1		True		-
src/_ZN13RollingLogTtm8BehaviorEv.c	P1-vtable+mangled	ov030	daObjHmMaruta_c	RollingLogTtm/daObjHmMaruta_c	vtable daObjHmMaruta_c slot 6 @0x2111624 | _ZN13RollingLogTtm8BehaviorEv	1		True		-
src/_ZN13RollingLogTtmD0Ev.c	DTOR-ONLY	ov030	daObjHmMaruta_c	RollingLogTtm/daObjHmMaruta_c	_ZN13RollingLogTtmD0Ev	1		True	_ZTV10dBgActor_c/_ZTV13RollingLogTtm/_ZTV13daObjMaruta_c	-
src/_ZN13SharedFilePtr7ReleaseEv.c	P3-mangled-method-only	arm9		SharedFilePtr	_ZN13SharedFilePtr7ReleaseEv	1		True		-
src/_ZN13SharedFilePtr8LoadFileEv.c	P3-mangled-method-only	arm9		SharedFilePtr	_ZN13SharedFilePtr8LoadFileEv	1		True		-
src/_ZN13SharedFilePtr9ConstructEj.c	P3-mangled-method-only	arm9		SharedFilePtr	_ZN13SharedFilePtr9ConstructEj	1		True		-
src/_ZN13SnowmanBreath16CleanupResourcesEv.c	P1-vtable+mangled	ov027	daSnmBth_c	SnowmanBreath/daSnmBth_c	vtable daSnmBth_c slot 3 @0x2112700 | _ZN13SnowmanBreath16CleanupResourcesEv	1		True		-
src/_ZN13SnowmanBreath16OnPendingDestroyEv.c	P1-vtable+mangled	ov027	daSnmBth_c	SnowmanBreath/daSnmBth_c	vtable daSnmBth_c slot 12 @0x211273c | _ZN13SnowmanBreath16OnPendingDestroyEv	1		True		-
src/_ZN13TreasureChestD0Ev.c	DTOR-ONLY	ov064	daObjTbox_c	TreasureChest/daObjTbox_c	_ZN13TreasureChestD0Ev	1		True		-
src/_ZN13UpDownLiftBbhD0Ev.cpp	DTOR-ONLY	ov095	daUdlift_c	UpDownLiftBbh/daUdlift_c	_ZN13UpDownLiftBbhD0Ev	1		True	_ZTV10dBgActor_c/_ZTV13UpDownLiftBbh	-
src/_ZN13UpDownLiftBbhD1Ev.cpp	DTOR-ONLY	ov095	daUdlift_c	UpDownLiftBbh/daUdlift_c	_ZN13UpDownLiftBbhD1Ev	1		True	_ZTV10dBgActor_c/_ZTV13UpDownLiftBbh	-
src/_ZN13dScGameOver_c13InitResourcesEv.c	P1-vtable+mangled	ov003	dScGameOver_c	dScGameOver_c	vtable dScGameOver_c slot 0 @0x20b0b3c | _ZN13dScGameOver_c13InitResourcesEv	1		True		-
src/_ZN13dScGameOver_c16CleanupResourcesEv.c	P1-vtable+mangled	ov003	dScGameOver_c	dScGameOver_c	vtable dScGameOver_c slot 3 @0x20b0b34 | _ZN13dScGameOver_c16CleanupResourcesEv	1		True		-
src/_ZN13dScGameOver_c16OnPendingDestroyEv.c	P1-vtable+mangled	ov003	dScGameOver_c	dScGameOver_c	vtable dScGameOver_c slot 12 @0x20b0810 | _ZN13dScGameOver_c16OnPendingDestroyEv	1		True		-
src/_ZN13dScGameOver_c8BehaviorEv.c	P1-vtable+mangled	ov003	dScGameOver_c	dScGameOver_c	vtable dScGameOver_c slot 6 @0x20b0894 | _ZN13dScGameOver_c8BehaviorEv	1		True		-
src/_ZN13dScGameOver_cD0Ev.c	DTOR-ONLY	ov003	dScGameOver_c	dScGameOver_c	_ZN13dScGameOver_cD0Ev	1		True		-
src/_ZN13dScGameOver_cD1Ev.c	DTOR-ONLY	ov003	dScGameOver_c	dScGameOver_c	_ZN13dScGameOver_cD1Ev	1		True		-
src/_ZN13daObjEmmLog_c16CleanupResourcesEv.c	P1-vtable+mangled	ov052	daObjEmmLog_c	daObjEmmLog_c	vtable daObjEmmLog_c slot 3 @0x211123c | _ZN13daObjEmmLog_c16CleanupResourcesEv	1		True		-
src/_ZN13daObjEmmLog_c8BehaviorEv.c	P1-vtable+mangled	ov052	daObjEmmLog_c	daObjEmmLog_c	vtable daObjEmmLog_c slot 6 @0x21112ac | _ZN13daObjEmmLog_c8BehaviorEv	1		True		-
src/_ZN13daObjMaruta_cD0Ev.c	DTOR-ONLY	ov080	daPicGate_c	daObjMaruta_c/daPicGate_c	_ZN13daObjMaruta_cD0Ev	1		True	_ZTV10dBgActor_c/_ZTV13daObjMaruta_c	-
src/_ZN13daObjMaruta_cD1Ev.c	DTOR-ONLY	ov080	daPicGate_c	daObjMaruta_c/daPicGate_c	_ZN13daObjMaruta_cD1Ev	1		True	_ZTV10dBgActor_c/_ZTV13daObjMaruta_c	-
src/_ZN14BlendModelAnimC1Ev.c	P3-mangled-method-only	arm9		BlendModelAnim	_ZN14BlendModelAnimC1Ev	1		True	_ZTV14BlendModelAnim	-
src/_ZN14BlendModelAnimD0Ev.c	DTOR-ONLY	arm9	dExtBlendAnmModel_c	BlendModelAnim/dExtBlendAnmModel_c	_ZN14BlendModelAnimD0Ev	1		True	_ZTV14BlendModelAnim	-
src/_ZN14BlendModelAnimD1Ev.c	DTOR-ONLY			BlendModelAnim	_ZN14BlendModelAnimD1Ev	0		True	_ZTV14BlendModelAnim	not-in-delinks
src/_ZN14CutsceneObject16OnPendingDestroyEv.c	P1-vtable+mangled	ov002	daDemo_c	CutsceneObject/daDemo_c	vtable daDemo_c slot 12 @0x20f80a8 | _ZN14CutsceneObject16OnPendingDestroyEv	1		True		-
src/_ZN14CutsceneObjectD0Ev.cpp	DTOR-ONLY	ov002	daDemo_c	CutsceneObject/daDemo_c	_ZN14CutsceneObjectD0Ev	1		True	_ZTV14CutsceneObject	-
src/_ZN14EnemySwitchTagD0Ev.c	DTOR-ONLY	ov002	daESwitch_c	EnemySwitchTag/daESwitch_c	_ZN14EnemySwitchTagD0Ev	1		True		-
src/_ZN14FlameChompFire13OnYoshiTryEatEv.c	P1-vtable+mangled	ov070	daKpFr_c	FlameChompFire/daKpFr_c	vtable daKpFr_c slot 18 @0x2121bdc | _ZN14FlameChompFire13OnYoshiTryEatEv	1		True		-
src/_ZN14FlameChompFire16CleanupResourcesEv.c	P1-vtable+mangled	ov070	daKpFr_c	FlameChompFire/daKpFr_c	vtable daKpFr_c slot 3 @0x2122060 | _ZN14FlameChompFire16CleanupResourcesEv	1		True		-
src/_ZN14FlameChompFire16OnPendingDestroyEv.c	P1-vtable+mangled	ov070	daKpFr_c	FlameChompFire/daKpFr_c	vtable daKpFr_c slot 12 @0x2122068 | _ZN14FlameChompFire16OnPendingDestroyEv	1		True		-
src/_ZN14FlameChompFireD0Ev.c	DTOR-ONLY	ov070	daKpFr_c	FlameChompFire/daKpFr_c	_ZN14FlameChompFireD0Ev	1		True		-
src/_ZN14MrI_Projectile13OnYoshiTryEatEv.c	P1-vtable+mangled	ov071	daEyBm_c	MrI_Projectile/daEyBm_c	vtable daEyBm_c slot 18 @0x2121b00 | _ZN14MrI_Projectile13OnYoshiTryEatEv	1		True		-
src/_ZN14MrI_Projectile16CleanupResourcesEv.c	P1-vtable+mangled	ov071	daEyBm_c	MrI_Projectile/daEyBm_c	vtable daEyBm_c slot 3 @0x2121d08 | _ZN14MrI_Projectile16CleanupResourcesEv	1		True		-
src/_ZN14MrI_Projectile16OnPendingDestroyEv.c	P1-vtable+mangled	ov071	daEyBm_c	MrI_Projectile/daEyBm_c	vtable daEyBm_c slot 12 @0x2121d10 | _ZN14MrI_Projectile16OnPendingDestroyEv	1		True		-
src/_ZN14MrI_ProjectileD0Ev.c	DTOR-ONLY	ov071	daEyBm_c	MrI_Projectile/daEyBm_c	_ZN14MrI_ProjectileD0Ev	1		True		-
src/_ZN14UnknownVsEntryD0Ev.c	DTOR-ONLY	ov075	dEntObj_c	UnknownVsEntry/dEntObj_c	_ZN14UnknownVsEntryD0Ev	1		True	_ZTV14UnknownVsEntry	-
src/_ZN15FaderBrightnessD2Ev.c	DTOR-ONLY	arm9		FaderBrightness	_ZN15FaderBrightnessD2Ev	1		True		-
src/_ZN15FireSeaElevatorD0Ev.c	DTOR-ONLY	ov045	daObjKm2_Agaru_c	FireSeaElevator/daObjKm2_Agaru_c	_ZN15FireSeaElevatorD0Ev	1		True	_ZTV10dBgActor_c/_ZTV15FireSeaElevator	-
src/_ZN15IceSlideManagerD0Ev.c	DTOR-ONLY	ov019	daSldMng_c	IceSlideManager/daSldMng_c	_ZN15IceSlideManagerD0Ev	1		True	_ZTV15IceSlideManager	-
src/_ZN15MaterialChanger7SetFileER8BMA_Filei5Fix12IiEj.c	P3-mangled-method-only	arm9		MaterialChanger	_ZN15MaterialChanger7SetFileER8BMA_Filei5Fix12IiEj	1		True		by-value-class-param
src/_ZN15MaterialChangerC1Ev.c	P3-mangled-method-only	arm9		MaterialChanger	_ZN15MaterialChangerC1Ev	1		True	_ZTV15MaterialChanger	-
src/_ZN15ModelComponents21UpdateVertsUsingBonesEv.c	P3-mangled-method-only	arm9		ModelComponents	_ZN15ModelComponents21UpdateVertsUsingBonesEv	1	active	False		no-header:ModelComponents
src/_ZN8daSCre_cD0Ev.c	DTOR-ONLY	ov018	daSCre_c	PowerStarCreate/daSCre_c	_ZN8daSCre_cD0Ev	1		True	_ZTV8daSCre_c	-
src/_ZN15RecRoomCupboard13InitResourcesEv.c	P1-vtable+mangled	ov058	daObjCloset_c	RecRoomCupboard/daObjCloset_c	vtable daObjCloset_c slot 0 @0x211161c | _ZN15RecRoomCupboard13InitResourcesEv	1		False		no-header:RecRoomCupboard/daObjCloset_c
src/_ZN15RecRoomCupboard16CleanupResourcesEv.c	P1-vtable+mangled	ov058	daObjCloset_c	RecRoomCupboard/daObjCloset_c	vtable daObjCloset_c slot 3 @0x2111234 | _ZN15RecRoomCupboard16CleanupResourcesEv	1		False		no-header:RecRoomCupboard/daObjCloset_c
src/_ZN15RotatingFirebarD0Ev.c	DTOR-ONLY	ov064	daObjFl_KomaU_c	RotatingFirebar/daObjFl_KomaU_c	_ZN15RotatingFirebarD0Ev	1		True	_ZTV10dBgActor_c/_ZTV15RotatingFirebar	-
src/_ZN15TextureSequence7SetFileER8BTP_Filei5Fix12IiEj.c	P3-mangled-method-only	arm9		TextureSequence	_ZN15TextureSequence7SetFileER8BTP_Filei5Fix12IiEj	1		True		by-value-class-param
src/_ZN15TextureSequenceC1Ev.c	P3-mangled-method-only	arm9		TextureSequence	_ZN15TextureSequenceC1Ev	1		True	_ZTV15TextureSequence	-
src/_ZN15TtcRotatingCubeD0Ev.c	DTOR-ONLY	ov065	daObjCtRotateBlock_c	TtcRotatingCube/daObjCtRotateBlock_c	_ZN15TtcRotatingCubeD0Ev	1		True	_ZTV10dBgActor_c	-
src/_ZN15TtcRotatingCubeD1Ev.c	DTOR-ONLY	ov065	daObjCtRotateBlock_c	TtcRotatingCube/daObjCtRotateBlock_c	_ZN15TtcRotatingCubeD1Ev	1		True	_ZTV10dBgActor_c	-
src/_ZN15TtcRotatingGear8BehaviorEv.c	P1-vtable+mangled	ov065	daObjCtMecha08_c	TtcRotatingGear/daObjCtMecha08_c	vtable daObjCtMecha08_c slot 6 @0x211b8f8 | _ZN15TtcRotatingGear8BehaviorEv	1		True		-
src/_ZN15daObjPathLift_c16CleanupResourcesEv.c	P1-vtable+mangled	ov100	daObjPathLift_c	daObjPathLift_c	vtable daObjPathLift_c slot 3 @0x2147054 | _ZN15daObjPathLift_c16CleanupResourcesEv	1		True		-
src/_ZN16FloatingFloorBfsD0Ev.c	DTOR-ONLY	ov045	daObjKm2_Ukishima_c	FloatingFloorBfs/daObjKm2_Ukishima_c	_ZN16FloatingFloorBfsD0Ev	1		True	_ZTV10dBgActor_c/_ZTV14daObjUkiyuka_c/_ZTV16FloatingFloorBfs	-
src/_ZN16MeshColliderBaseC2Ev.c	P3-mangled-method-only	arm9		MeshColliderBase	_ZN16MeshColliderBaseC2Ev	1		True	_ZTV16MeshColliderBase	-
src/_ZN16MeshColliderBaseD0Ev.c	DTOR-ONLY	arm9	dBgW	MeshColliderBase/dBgW	_ZN16MeshColliderBaseD0Ev	1		True	_ZTV16MeshColliderBase	-
src/_ZN16MeshColliderBaseD1Ev.c	DTOR-ONLY	arm9	dBgW	MeshColliderBase/dBgW	_ZN16MeshColliderBaseD1Ev	1		True	_ZTV16MeshColliderBase	-
src/_ZN16MeshColliderBaseD2Ev.c	DTOR-ONLY	arm9		MeshColliderBase	_ZN16MeshColliderBaseD2Ev	1		True	_ZTV16MeshColliderBase	-
src/_ZN16SpinningPlatformD0Ev.c	DTOR-ONLY	ov035	daObjCtMecha11_c	SpinningPlatform/daObjCtMecha11_c	_ZN16SpinningPlatformD0Ev	1		True	_ZTV10dBgActor_c	-
src/_ZN16SpinningPlatformD1Ev.c	DTOR-ONLY	ov035	daObjCtMecha11_c	SpinningPlatform/daObjCtMecha11_c	_ZN16SpinningPlatformD1Ev	1		True	_ZTV10dBgActor_c	-
src/_ZN16SwingingPlatformD0Ev.c	DTOR-ONLY	ov036	daObjRcBuranko_c	SwingingPlatform/daObjRcBuranko_c	_ZN16SwingingPlatformD0Ev	1		True	_ZTV10dBgActor_c/_ZTV16SwingingPlatform	-
src/_ZN16daObjFallBlock_cD0Ev.c	DTOR-ONLY	ov098	daObjBlockS_c	daObjBlockS_c/daObjFallBlock_c	_ZN16daObjFallBlock_cD0Ev	1		True	_ZTV10dBgActor_c/_ZTV16daObjFallBlock_c	-
src/_ZN16daObjFallBlock_cD1Ev.c	DTOR-ONLY	ov098	daObjBlockS_c	daObjBlockS_c/daObjFallBlock_c	_ZN16daObjFallBlock_cD1Ev	1		True	_ZTV10dBgActor_c/_ZTV16daObjFallBlock_c	-
src/_ZN16daObjRc_Dorifu_cD0Ev.c	DTOR-ONLY	ov036	daObjRc_Dorifu_c	daObjRc_Dorifu_c	_ZN16daObjRc_Dorifu_cD0Ev	1		True	_ZTV10dBgActor_c/_ZTV13daObjDorifu_c/_ZTV16daObjRc_Dorifu_c	-
src/_ZN17BigMovingIceBlock16CleanupResourcesEv.c	P1-vtable+mangled	ov056	daObjEwmIceBlock_c	BigMovingIceBlock/daObjEwmIceBlock_c	vtable daObjEwmIceBlock_c slot 3 @0x211123c | _ZN17BigMovingIceBlock16CleanupResourcesEv	1		True		-
src/_ZN17BigMovingIceBlockD0Ev.c	DTOR-ONLY	ov056	daObjEwmIceBlock_c	BigMovingIceBlock/daObjEwmIceBlock_c	_ZN17BigMovingIceBlockD0Ev	1		True	_ZTV10dBgActor_c	-
src/_ZN17BigMovingIceBlockD1Ev.c	DTOR-ONLY	ov056	daObjEwmIceBlock_c	BigMovingIceBlock/daObjEwmIceBlock_c	_ZN17BigMovingIceBlockD1Ev	1		True	_ZTV10dBgActor_c	-
src/_ZN17BowserPuzzlePieceD0Ev.c	DTOR-ONLY	ov064	daObjFl_Puzzle_c	BowserPuzzlePiece/daObjFl_Puzzle_c	_ZN17BowserPuzzlePieceD0Ev	1		True	_ZTV10dBgActor_c/_ZTV17BowserPuzzlePiece	-
src/_ZN17BowserPuzzlePieceD1Ev.c	DTOR-ONLY	ov064	daObjFl_Puzzle_c	BowserPuzzlePiece/daObjFl_Puzzle_c	_ZN17BowserPuzzlePieceD1Ev	1		True	_ZTV10dBgActor_c/_ZTV17BowserPuzzlePiece	-
src/_ZN17BowserSkyPlatformD0Ev.c	DTOR-ONLY	ov060	daKpa3Bg_c	BowserSkyPlatform/daKpa3Bg_c	_ZN17BowserSkyPlatformD0Ev	1		True	_ZTV10dBgActor_c/_ZTV17BowserSkyPlatform	-
src/_ZN17ExtendingPlatform16OnPendingDestroyEv.c	P1-vtable+mangled	ov045	daObjKm2_Nobiru_c	ExtendingPlatform/daObjKm2_Nobiru_c	vtable daObjKm2_Nobiru_c slot 12 @0x2111970 | _ZN17ExtendingPlatform16OnPendingDestroyEv	1		True		-
src/_ZN17ExtendingPlatformD0Ev.c	DTOR-ONLY	ov045	daObjKm2_Nobiru_c	ExtendingPlatform/daObjKm2_Nobiru_c	_ZN17ExtendingPlatformD0Ev	1		True		-
src/_ZN17daObjKm1_Dorifu_cD0Ev.c	DTOR-ONLY	ov043	daObjKm1_Dorifu_c	daObjKm1_Dorifu_c	_ZN17daObjKm1_Dorifu_cD0Ev	1		True	_ZTV10dBgActor_c/_ZTV13daObjDorifu_c/_ZTV17daObjKm1_Dorifu_c	-
src/_ZN17daObjKm3_Kuruma_c13InitResourcesEv.c	P1-vtable+mangled	ov047	daObjKm3_Kuruma_c	daObjKm3_Kuruma_c	vtable daObjKm3_Kuruma_c slot 0 @0x21114c0 | _ZN17daObjKm3_Kuruma_c13InitResourcesEv	1		True		-
src/_ZN17daObjKm3_Kuruma_c16CleanupResourcesEv.c	P1-vtable+mangled	ov047	daObjKm3_Kuruma_c	daObjKm3_Kuruma_c	vtable daObjKm3_Kuruma_c slot 3 @0x21114ac | _ZN17daObjKm3_Kuruma_c16CleanupResourcesEv	1		True		-
src/_ZN17daObjKm3_Kuruma_cD0Ev.c	DTOR-ONLY	ov047	daObjKm3_Kuruma_c	daObjKm3_Kuruma_c	_ZN17daObjKm3_Kuruma_cD0Ev	1		True	_ZTV10dBgActor_c/_ZTV13daObjKuruma_c/_ZTV17daObjKm3_Kuruma_c	-
src/_ZN17daObjWlPolelift_c16CleanupResourcesEv.c	P1-vtable+mangled	ov026	daObjWlPolelift_c	daObjWlPolelift_c	vtable daObjWlPolelift_c slot 3 @0x21112e4 | _ZN17daObjWlPolelift_c16CleanupResourcesEv	1		True		-
src/_ZN17daObjWlPolelift_cD0Ev.c	DTOR-ONLY	ov026	daObjWlPolelift_c	daObjWlPolelift_c	_ZN17daObjWlPolelift_cD0Ev	1		True		-
src/_ZN17daObjWlPolelift_cD1Ev.c	DTOR-ONLY	ov026	daObjWlPolelift_c	daObjWlPolelift_c	_ZN17daObjWlPolelift_cD1Ev	1		True		-
src/_ZN18MovingCylinderClsn4InitEP8dActor_c5Fix12IiES3_jj.c	P3-mangled-method-only	arm9		MovingCylinderClsn	_ZN18MovingCylinderClsn4InitEP8dActor_c5Fix12IiES3_jj	1		True		by-value-class-param
src/_ZN18MovingCylinderClsnC1Ev.c	P3-mangled-method-only	arm9		MovingCylinderClsn	_ZN18MovingCylinderClsnC1Ev	1		True	_ZTV18MovingCylinderClsn	-
src/_ZN18MovingCylinderClsnC2Ev.c	P3-mangled-method-only	arm9		MovingCylinderClsn	_ZN18MovingCylinderClsnC2Ev	1		True	_ZTV18MovingCylinderClsn	-
src/_ZN18MovingCylinderClsnD2Ev.c	DTOR-ONLY	arm9		MovingCylinderClsn	_ZN18MovingCylinderClsnD2Ev	1		True	_ZTV18MovingCylinderClsn	-
src/_ZN18MovingMeshCollider7SetFileEP8KCL_FileRK9Matrix4x35Fix12IiEsR10CLPS_Block.c	P3-mangled-method-only	arm9		MovingMeshCollider	_ZN18MovingMeshCollider7SetFileEP8KCL_FileRK9Matrix4x35Fix12IiEsR10CLPS_Block	1		True		by-value-class-param
src/_ZN18MovingMeshColliderC1Ev.c	P3-mangled-method-only	arm9		MovingMeshCollider	_ZN18MovingMeshColliderC1Ev	1		True		-
src/_ZN18MovingMeshColliderD2Ev.c	DTOR-ONLY	arm9		MovingMeshCollider	_ZN18MovingMeshColliderD2Ev	1		True	_ZTV18MovingMeshCollider	-
src/_ZN18NestedHeapIterator10FindNestedEPv.c	P3-mangled-method-only	arm9		NestedHeapIterator	_ZN18NestedHeapIterator10FindNestedEPv	1		True		-
src/_ZN18NestedHeapIterator19RecursiveFindNestedEPv.c	P3-mangled-method-only	arm9		NestedHeapIterator	_ZN18NestedHeapIterator19RecursiveFindNestedEPv	1		True		-
src/_ZN18NestedHeapIterator5AddAtEP13HeapAllocatorS1_.c	P3-mangled-method-only	arm9		NestedHeapIterator	_ZN18NestedHeapIterator5AddAtEP13HeapAllocatorS1_	1		True		-
src/_ZN18NestedHeapIteratorC1Ej.cpp	P3-mangled-method-only	arm9		NestedHeapIterator	_ZN18NestedHeapIteratorC1Ej	1		True		-
src/_ZN18PoppingLavaBubblesD0Ev.c	DTOR-ONLY	ov002	daObjLava_c	PoppingLavaBubbles/daObjLava_c	_ZN18PoppingLavaBubblesD0Ev	1		True	_ZTV18PoppingLavaBubbles	-
src/_ZN17daObjKm3_Dorifu_cD0Ev.c	DTOR-ONLY	ov047	daObjKm3_Dorifu_c	daObjKm3_Dorifu_c/daObjKm3_Dorifu_c	_ZN17daObjKm3_Dorifu_cD0Ev	1		True	_ZTV10dBgActor_c/_ZTV13daObjDorifu_c/_ZTV17daObjKm3_Dorifu_c	-
src/_ZN18RotatingPlatformRrD0Ev.c	DTOR-ONLY	ov036	daObjRc_Kaitendai_c	RotatingPlatformRr/daObjRc_Kaitendai_c	_ZN18RotatingPlatformRrD0Ev	1		True	_ZTV10dBgActor_c/_ZTV16daObjKaitendai_c/_ZTV18RotatingPlatformRr	-
src/_ZN17daObjBk_Ukisima_cD0Ev.c	DTOR-ONLY	ov015	daObjBk_Ukisima_c	daObjBk_Ukisima_c/daObjBk_Ukisima_c	_ZN17daObjBk_Ukisima_cD0Ev	1		True	_ZTV10dBgActor_c/_ZTV16daObjKaitendai_c/_ZTV17daObjBk_Ukisima_c	-
src/_ZN18SolidHeapAllocatorC1EPvj.c	P3-mangled-method-only	arm9		SolidHeapAllocator	_ZN18SolidHeapAllocatorC1EPvj	1		True		-
src/_ZN18TextureTransformer7SetFileER8BTA_Filei5Fix12IiEj.c	P3-mangled-method-only	arm9		TextureTransformer	_ZN18TextureTransformer7SetFileER8BTA_Filei5Fix12IiEj	1		True		by-value-class-param
src/_ZN18TextureTransformerC1Ev.c	P3-mangled-method-only	arm9		TextureTransformer	_ZN18TextureTransformerC1Ev	1		True	_ZTV18TextureTransformer	-
src/_ZN18TiltingPlatformBfs13InitResourcesEv.c	P1-vtable+mangled	ov045	daObjKm2_Gura_c	TiltingPlatformBfs/daObjKm2_Gura_c	vtable daObjKm2_Gura_c slot 0 @0x2111cf8 | _ZN18TiltingPlatformBfs13InitResourcesEv	1		True		-
src/_ZN18TiltingPlatformBfs16CleanupResourcesEv.c	P1-vtable+mangled	ov045	daObjKm2_Gura_c	TiltingPlatformBfs/daObjKm2_Gura_c	vtable daObjKm2_Gura_c slot 3 @0x2111ce4 | _ZN18TiltingPlatformBfs16CleanupResourcesEv	1		True		-
src/_ZN18TiltingPlatformBfsD0Ev.c	DTOR-ONLY	ov045	daObjKm2_Gura_c	TiltingPlatformBfs/daObjKm2_Gura_c	_ZN18TiltingPlatformBfsD0Ev	1		True	_ZTV10dBgActor_c/_ZTV15daObjGuragura_c/_ZTV18TiltingPlatformBfs	-
src/_ZN18TiltingPlatformLllD0Ev.c	DTOR-ONLY	ov064	daObjFl_Gura_c	TiltingPlatformLll/daObjFl_Gura_c	_ZN18TiltingPlatformLllD0Ev	1		True	_ZTV10dBgActor_c/_ZTV15daObjGuragura_c/_ZTV18TiltingPlatformLll	-
src/_ZN9daSetSE_c16CleanupResourcesEv.c	P1-vtable+mangled	ov002	daSetSE_c	daSetSE_c/daSetSE_c	vtable daSetSE_c slot 3 @0x20f19e8 | _ZN9daSetSE_c16CleanupResourcesEv	1		True		-
src/_ZN9daSetSE_c16OnPendingDestroyEv.c	P1-vtable+mangled	ov002	daSetSE_c	daSetSE_c/daSetSE_c	vtable daSetSE_c slot 12 @0x20f19f0 | _ZN9daSetSE_c16OnPendingDestroyEv	1		True		-
src/_ZN9daSetSE_c6RenderEv.c	P1-vtable+mangled	ov002	daSetSE_c	daSetSE_c/daSetSE_c	vtable daSetSE_c slot 9 @0x20f19f4 | _ZN9daSetSE_c6RenderEv	1		True		-
src/_ZN9daSetSE_cD0Ev.c	DTOR-ONLY	ov002	daSetSE_c	daSetSE_c/daSetSE_c	_ZN9daSetSE_cD0Ev	1		True	_ZTV9daSetSE_c	-
src/_ZN19BowserPuzzleManagerD0Ev.c	DTOR-ONLY	ov064	daObjFl_Coin_c	BowserPuzzleManager/daObjFl_Coin_c	_ZN19BowserPuzzleManagerD0Ev	1		True	_ZTV19BowserPuzzleManager	-
src/_ZN19CylinderClsnWithPos4InitERK7Vector35Fix12IiES4_jj.c	P3-mangled-method-only	arm9		CylinderClsnWithPos	_ZN19CylinderClsnWithPos4InitERK7Vector35Fix12IiES4_jj	1		True		by-value-class-param
src/_ZN19CylinderClsnWithPos6GetPosEv.c	P1-vtable+mangled	arm9	dCcPos_c	CylinderClsnWithPos/dCcPos_c	vtable dCcPos_c slot 2 @0x2014820 | _ZN19CylinderClsnWithPos6GetPosEv	1		True		-
src/_ZN19CylinderClsnWithPosC1Ev.c	P3-mangled-method-only	arm9		CylinderClsnWithPos	_ZN19CylinderClsnWithPosC1Ev	1		True		-
src/_ZN17daObjKm1_Kuruma_c13InitResourcesEv.c	P1-vtable+mangled	ov043	daObjKm1_Kuruma_c	daObjKm1_Kuruma_c/daObjKm1_Kuruma_c	vtable daObjKm1_Kuruma_c slot 0 @0x21115e0 | _ZN17daObjKm1_Kuruma_c13InitResourcesEv	1		True		-
src/_ZN17daObjKm1_Kuruma_c16CleanupResourcesEv.c	P1-vtable+mangled	ov043	daObjKm1_Kuruma_c	daObjKm1_Kuruma_c/daObjKm1_Kuruma_c	vtable daObjKm1_Kuruma_c slot 3 @0x21115cc | _ZN17daObjKm1_Kuruma_c16CleanupResourcesEv	1		True		-
src/_ZN17daObjKm1_Kuruma_cD0Ev.c	DTOR-ONLY	ov043	daObjKm1_Kuruma_c	daObjKm1_Kuruma_c/daObjKm1_Kuruma_c	_ZN17daObjKm1_Kuruma_cD0Ev	1		True	_ZTV10dBgActor_c/_ZTV13daObjKuruma_c/_ZTV17daObjKm1_Kuruma_c	-
src/_ZN19RotatingPlatformLllD0Ev.c	DTOR-ONLY	ov022	daObjFl_Koma_D_c	RotatingPlatformLll/daObjFl_Koma_D_c	_ZN19RotatingPlatformLllD0Ev	1		True	_ZTV10dBgActor_c/_ZTV16daObjKaitendai_c/_ZTV19RotatingPlatformLll	-
src/_ZN15daObjWc_Obj07_c13InitResourcesEv.c	P1-vtable+mangled	ov029	daObjWc_Obj07_c	daObjWc_Obj07_c/daObjWc_Obj07_c	vtable daObjWc_Obj07_c slot 0 @0x2112148 | _ZN15daObjWc_Obj07_c13InitResourcesEv	1		True		-
src/_ZN15daObjWc_Obj07_c16CleanupResourcesEv.c	P1-vtable+mangled	ov029	daObjWc_Obj07_c	daObjWc_Obj07_c/daObjWc_Obj07_c	vtable daObjWc_Obj07_c slot 3 @0x2112134 | _ZN15daObjWc_Obj07_c16CleanupResourcesEv	1		True		-
src/_ZN15daObjWc_Obj07_cD0Ev.c	DTOR-ONLY	ov029	daObjWc_Obj07_c	daObjWc_Obj07_c/daObjWc_Obj07_c	_ZN15daObjWc_Obj07_cD0Ev	1		True	_ZTV10dBgActor_c/_ZTV16daObjKaitendai_c/_ZTV15daObjWc_Obj07_c	-
src/_ZN15daObjWc_Obj04_cD0Ev.c	DTOR-ONLY	ov029	daObjWc_Obj04_c	daObjWc_Obj04_c/daObjWc_Obj04_c	_ZN15daObjWc_Obj04_cD0Ev	1		True	_ZTV10dBgActor_c	-
src/_ZN15daObjWc_Obj04_cD1Ev.c	DTOR-ONLY	ov029	daObjWc_Obj04_c	daObjWc_Obj04_c/daObjWc_Obj04_c	_ZN15daObjWc_Obj04_cD1Ev	1		True	_ZTV10dBgActor_c	-
src/_ZN20TtcConveyorBeltLargeD0Ev.cpp	DTOR-ONLY	ov065	daObjCtMecha04_c	TtcConveyorBeltLarge/daObjCtMecha04_c	_ZN20TtcConveyorBeltLargeD0Ev	1		True	_ZTV10dBgActor_c	-
src/_ZN20TtcConveyorBeltLargeD1Ev.cpp	DTOR-ONLY	ov065	daObjCtMecha04_c	TtcConveyorBeltLarge/daObjCtMecha04_c	_ZN20TtcConveyorBeltLargeD1Ev	1		True	_ZTV10dBgActor_c	-
src/_ZN20daObjFl_Fall_Block_c13InitResourcesEv.c	P1-vtable+mangled	ov022	daObjFl_Fall_Block_c	daObjFl_Fall_Block_c	vtable daObjFl_Fall_Block_c slot 0 @0x2112448 | _ZN20daObjFl_Fall_Block_c13InitResourcesEv	1		True		-
src/_ZN20daObjFl_Fall_Block_c16CleanupResourcesEv.c	P1-vtable+mangled	ov022	daObjFl_Fall_Block_c	daObjFl_Fall_Block_c	vtable daObjFl_Fall_Block_c slot 3 @0x2112434 | _ZN20daObjFl_Fall_Block_c16CleanupResourcesEv	1		True		-
src/_ZN20daObjFl_Fall_Block_cD0Ev.c	DTOR-ONLY	ov022	daObjFl_Fall_Block_c	daObjFl_Fall_Block_c	_ZN20daObjFl_Fall_Block_cD0Ev	1		True	_ZTV10dBgActor_c/_ZTV16daObjFallBlock_c/_ZTV20daObjFl_Fall_Block_c	-
src/_ZN20daObjKm3_Kaitendai_c13InitResourcesEv.c	P1-vtable+mangled	ov047	daObjKm3_Kaitendai_c	daObjKm3_Kaitendai_c	vtable daObjKm3_Kaitendai_c slot 0 @0x2111384 | _ZN20daObjKm3_Kaitendai_c13InitResourcesEv	1		True		-
src/_ZN20daObjKm3_Kaitendai_c16CleanupResourcesEv.c	P1-vtable+mangled	ov047	daObjKm3_Kaitendai_c	daObjKm3_Kaitendai_c	vtable daObjKm3_Kaitendai_c slot 3 @0x2111370 | _ZN20daObjKm3_Kaitendai_c16CleanupResourcesEv	1		True		-
src/_ZN20daObjKm3_Kaitendai_cD0Ev.c	DTOR-ONLY	ov047	daObjKm3_Kaitendai_c	daObjKm3_Kaitendai_c	_ZN20daObjKm3_Kaitendai_cD0Ev	1		True	_ZTV10dBgActor_c/_ZTV16daObjKaitendai_c/_ZTV20daObjKm3_Kaitendai_c	-
src/_ZN18daObjClockHuriko_c16CleanupResourcesEv.c	P1-vtable+mangled	ov013	daObjClockHuriko_c	daObjClockHuriko_c/daObjClockHuriko_c	vtable daObjClockHuriko_c slot 3 @0x2111214 | _ZN18daObjClockHuriko_c16CleanupResourcesEv	1		True		-
src/_ZN18daObjClockHuriko_c8BehaviorEv.c	P1-vtable+mangled	ov013	daObjClockHuriko_c	daObjClockHuriko_c/daObjClockHuriko_c	vtable daObjClockHuriko_c slot 6 @0x21112a8 | _ZN18daObjClockHuriko_c8BehaviorEv	1		True		-
src/_ZN18daObjClockHuriko_cD0Ev.c	DTOR-ONLY	ov013	daObjClockHuriko_c	daObjClockHuriko_c/daObjClockHuriko_c	_ZN18daObjClockHuriko_cD0Ev	1		True	_ZTV18daObjClockHuriko_c	-
src/_ZN18daObjClockHuriko_cD1Ev.c	DTOR-ONLY	ov013	daObjClockHuriko_c	daObjClockHuriko_c/daObjClockHuriko_c	_ZN18daObjClockHuriko_cD1Ev	1		True	_ZTV18daObjClockHuriko_c	-
src/_ZN21ExtendingMeshCollider10DetectClsnER11RaycastLine.c	P1-vtable+mangled	arm9	dBgW_KcMbgSclY	ExtendingMeshCollider/dBgW_KcMbgSclY	vtable dBgW_KcMbgSclY slot 7 @0x203a594 | _ZN21ExtendingMeshCollider10DetectClsnER11RaycastLine	1		True		-
src/_ZN21ExtendingMeshCollider7SetFileEP8KCL_FileRK9Matrix4x35Fix12IiEsR10CLPS_Block.c	P3-mangled-method-only	arm9		ExtendingMeshCollider	_ZN21ExtendingMeshCollider7SetFileEP8KCL_FileRK9Matrix4x35Fix12IiEsR10CLPS_Block	1		True		by-value-class-param
src/_ZN21ExtendingMeshCollider9SetScaleYE5Fix12IiE.c	P3-mangled-method-only	arm9		ExtendingMeshCollider	_ZN21ExtendingMeshCollider9SetScaleYE5Fix12IiE	1		True		by-value-class-param
src/_ZN21ExtendingMeshColliderC1Ev.c	P3-mangled-method-only	arm9		ExtendingMeshCollider	_ZN21ExtendingMeshColliderC1Ev	1		True		-
src/_ZN21FloatingFloorLllSmall13InitResourcesEv.c	P1-vtable+mangled	ov022	daObjFl_Ukiyuka_c	FloatingFloorLllSmall/daObjFl_Ukiyuka_c	vtable daObjFl_Ukiyuka_c slot 0 @0x2112040 | _ZN21FloatingFloorLllSmall13InitResourcesEv	1		True		-
src/_ZN21FloatingFloorLllSmall16CleanupResourcesEv.c	P1-vtable+mangled	ov022	daObjFl_Ukiyuka_c	FloatingFloorLllSmall/daObjFl_Ukiyuka_c	vtable daObjFl_Ukiyuka_c slot 3 @0x2112020 | _ZN21FloatingFloorLllSmall16CleanupResourcesEv	1		True		-
src/_ZN21FloatingFloorLllSmallD0Ev.c	DTOR-ONLY	ov022	daObjFl_Ukiyuka_c	FloatingFloorLllSmall/daObjFl_Ukiyuka_c	_ZN21FloatingFloorLllSmallD0Ev	1		True	_ZTV10dBgActor_c/_ZTV14daObjUkiyuka_c/_ZTV21FloatingFloorLllSmall	-
src/_ZN21daObjKm3_Kurumajiku_c13InitResourcesEv.c	P1-vtable+mangled	ov047	daObjKm3_Kurumajiku_c	daObjKm3_Kurumajiku_c	vtable daObjKm3_Kurumajiku_c slot 0 @0x2111268 | _ZN21daObjKm3_Kurumajiku_c13InitResourcesEv	1		True		-
src/_ZN21daObjKm3_Kurumajiku_c16CleanupResourcesEv.c	P1-vtable+mangled	ov047	daObjKm3_Kurumajiku_c	daObjKm3_Kurumajiku_c	vtable daObjKm3_Kurumajiku_c slot 3 @0x2111254 | _ZN21daObjKm3_Kurumajiku_c16CleanupResourcesEv	1		True		-
src/_ZN21daObjKm3_Kurumajiku_cD0Ev.c	DTOR-ONLY	ov047	daObjKm3_Kurumajiku_c	daObjKm3_Kurumajiku_c	_ZN21daObjKm3_Kurumajiku_cD0Ev	1		True	_ZTV10dBgActor_c/_ZTV17daObjKurumajiku_c/_ZTV21daObjKm3_Kurumajiku_c	-
src/_ZN22ClockPaintingHandShortD0Ev.cpp	DTOR-ONLY	ov013	daObjClock_c	ClockPaintingHandShort/daObjClock_c	_ZN22ClockPaintingHandShortD0Ev	1		True		-
src/_ZN22ExpandingHeapAllocatorC1EPvj.c	P3-mangled-method-only	arm9		ExpandingHeapAllocator	_ZN22ExpandingHeapAllocatorC1EPvj	1		True		-
src/_ZN22RotatingUpDownPlatformD0Ev.c	DTOR-ONLY	ov091	daLinelift2_c	RotatingUpDownPlatform/daLinelift2_c	_ZN22RotatingUpDownPlatformD0Ev	1		True	_ZTV10dBgActor_c	-
src/_ZN22RotatingUpDownPlatformD1Ev.c	DTOR-ONLY	ov091	daLinelift2_c	RotatingUpDownPlatform/daLinelift2_c	_ZN22RotatingUpDownPlatformD1Ev	1		True	_ZTV10dBgActor_c	-
src/_ZN23FloatOnWaterPlatformJrbD0Ev.c	DTOR-ONLY	ov016	daObjKi_Ita_c	FloatOnWaterPlatformJrb/daObjKi_Ita_c	_ZN23FloatOnWaterPlatformJrbD0Ev	1		True	_ZTV10dBgActor_c/_ZTV17daObjFloatBoard_c/_ZTV23FloatOnWaterPlatformJrb	-
src/_ZN25MovingCylinderClsnWithPos21SetPosRelativeToActorERK7Vector3.c	P3-mangled-method-only	arm9		MovingCylinderClsnWithPos	_ZN25MovingCylinderClsnWithPos21SetPosRelativeToActorERK7Vector3	1		True		-
src/_ZN25MovingCylinderClsnWithPos4InitEP8dActor_cRK7Vector35Fix12IiES6_jj.c	P3-mangled-method-only	arm9		MovingCylinderClsnWithPos	_ZN25MovingCylinderClsnWithPos4InitEP8dActor_cRK7Vector35Fix12IiES6_jj	1		True		by-value-class-param
src/_ZN25MovingCylinderClsnWithPos6GetPosEv.c	P1-vtable+mangled	arm9	dCcAcPos_c	MovingCylinderClsnWithPos/dCcAcPos_c	vtable dCcAcPos_c slot 2 @0x2014a2c | _ZN25MovingCylinderClsnWithPos6GetPosEv	1		True		-
src/_ZN25MovingCylinderClsnWithPosC1Ev.c	P3-mangled-method-only	arm9		MovingCylinderClsnWithPos	_ZN25MovingCylinderClsnWithPosC1Ev	1		True	_ZTV25MovingCylinderClsnWithPos	-
src/_ZN25SlideDecorationSilverStarD0Ev.cpp	DTOR-ONLY	ov031	daObjHsBillboard_c	SlideDecorationSilverStar/daObjHsBillboard_c	_ZN25SlideDecorationSilverStarD0Ev	1		True		-
src/_ZN14daObjWcObj01_cD0Ev.c	DTOR-ONLY	ov029	daObjWcObj01_c	FloatOnWaterPlatformWdwSquare/daObjWcObj01_c	_ZN14daObjWcObj01_cD0Ev	1		True	_ZTV10dBgActor_c/_ZTV17daObjFloatBoard_c/_ZTV14daObjWcObj01_c	-
src/_ZN14daObjWcObj06_cD0Ev.c	DTOR-ONLY	ov029	daObjWcObj06_c	FloatOnWaterPlatformWdwRectangle/daObjWcObj06_c	_ZN14daObjWcObj06_cD0Ev	1		True	_ZTV10dBgActor_c/_ZTV17daObjFloatBoard_c/_ZTV14daObjWcObj06_c	-
src/_ZN3Amp16CleanupResourcesEv.c	P1-vtable+mangled	ov070	daBrq_c	Amp/daBrq_c	vtable daBrq_c slot 3 @0x2120dc4 | _ZN3Amp16CleanupResourcesEv	1		True		-
src/_ZN3Amp16OnPendingDestroyEv.c	P1-vtable+mangled	ov070	daBrq_c	Amp/daBrq_c	vtable daBrq_c slot 12 @0x2120e20 | _ZN3Amp16OnPendingDestroyEv	1		True		-
src/_ZN3AmpD0Ev.c	DTOR-ONLY	ov070	daBrq_c	Amp/daBrq_c	_ZN3AmpD0Ev	1		True		-
src/_ZN3G3i13PerspectiveW_E5Fix12IiES1_S1_S1_S1_S1_bP9Matrix4x3.c	P3-mangled-method-only	arm9		G3i	_ZN3G3i13PerspectiveW_E5Fix12IiES1_S1_S1_S1_S1_bP9Matrix4x3	1		False		by-value-class-param;no-header:G3i
src/_ZN3HUDC1Ev.c	P3-mangled-method-only	ov002		HUD	_ZN3HUDC1Ev	1		True	_ZTV3HUD/_ZTV7dBase_c	-
src/_ZN3HUDD0Ev.c	DTOR-ONLY	ov002	dMeter_c	HUD/dMeter_c	_ZN3HUDD0Ev	1		True	_ZTV3HUD/_ZTV7dBase_c	-
src/_ZN3IRQ13SetIRQHandlerEjPFvvE.c	P3-mangled-method-only	arm9		IRQ	_ZN3IRQ13SetIRQHandlerEjPFvvE	1		False		by-value-class-param;no-header:IRQ
src/_ZN3MrI16OnPendingDestroyEv.c	P1-vtable+mangled	ov071	daEykn_c	MrI/daEykn_c	vtable daEykn_c slot 12 @0x21216b4 | _ZN3MrI16OnPendingDestroyEv	1		True		-
src/_ZN3MrID0Ev.c	DTOR-ONLY	ov071	daEykn_c	MrI/daEykn_c	_ZN3MrID0Ev	1		True		-
src/_ZN3OAM16LoadAffineParamsEP7OamAttrPiP9Matrix2x2.c	P3-mangled-method-only	arm9		OAM	_ZN3OAM16LoadAffineParamsEP7OamAttrPiP9Matrix2x2	1		True		-
src/_ZN3OAM4LoadEv.c	P3-mangled-method-only	arm9		OAM	_ZN3OAM4LoadEv	1		True		-
src/_ZN3OAM6RenderEbP7OamAttriiii5Fix12IiEi.c	P3-mangled-method-only	arm9		OAM	_ZN3OAM6RenderEbP7OamAttriiii5Fix12IiEi	1		True		by-value-class-param
src/_ZN3OAM6RenderEbP7OamAttriiiiP9Matrix2x2.c	P3-mangled-method-only	arm9		OAM	_ZN3OAM6RenderEbP7OamAttriiiiP9Matrix2x2	1		True		-
src/_ZN4BgCh21ShouldPassThroughImplEPvRK4CLPSRKS_b.c	P3-mangled-method-only	arm9		BgCh	_ZN4BgCh21ShouldPassThroughImplEPvRK4CLPSRKS_b	1		True		-
src/_ZN4Bird16CleanupResourcesEv.c	P1-vtable+mangled	ov009	daSBird_c	Bird/daSBird_c	vtable daSBird_c slot 3 @0x211183c | _ZN4Bird16CleanupResourcesEv	1		True		-
src/_ZN4Bird16OnPendingDestroyEv.c	P1-vtable+mangled	ov009	daSBird_c	Bird/daSBird_c	vtable daSBird_c slot 12 @0x211186c | _ZN4Bird16OnPendingDestroyEv	1		True		-
src/_ZN4BirdD0Ev.c	DTOR-ONLY	ov009	daSBird_c	Bird/daSBird_c	_ZN4BirdD0Ev	1		True		-
src/_ZN4ClamD0Ev.cpp	DTOR-ONLY	ov064	daObjShell_c	Clam/daObjShell_c	_ZN4ClamD0Ev	1		True		-
src/_ZN4Coin13InitResourcesEv.c	P1-vtable+mangled	ov002	daCoin_c	Coin/daCoin_c	vtable daCoin_c slot 0 @0x20b2508 | _ZN4Coin13InitResourcesEv	1		True		-
src/_ZN4Coin16CleanupResourcesEv.c	P1-vtable+mangled	ov002	daCoin_c	Coin/daCoin_c	vtable daCoin_c slot 3 @0x20b2198 | _ZN4Coin16CleanupResourcesEv	1		True		-
src/_ZN4CoinD0Ev.c	DTOR-ONLY	ov002	daCoin_c	Coin/daCoin_c	_ZN4CoinD0Ev	1		True		-
src/_ZN4Door13InitResourcesEv.c	P1-vtable+mangled	ov100	daDoor_c	Door/daDoor_c	vtable daDoor_c slot 0 @0x21455a0 | _ZN4Door13InitResourcesEv	1		True		-
src/_ZN4Door16OnPendingDestroyEv.c	P1-vtable+mangled	ov100	daDoor_c	Door/daDoor_c	vtable daDoor_c slot 12 @0x21454c4 | _ZN4Door16OnPendingDestroyEv	1		True		-
src/_ZN4DoorD0Ev.c	DTOR-ONLY	ov100	daDoor_c	Door/daDoor_c	_ZN4DoorD0Ev	1		True	_ZTV4Door	-
src/_ZN4DoorD1Ev.c	DTOR-ONLY	ov100	daDoor_c	Door/daDoor_c	_ZN4DoorD1Ev	1		True	_ZTV4Door	-
src/_ZN11daChScene_cD0Ev.c	DTOR-ONLY	ov002	daChScene_c	daChScene_c/daChScene_c	_ZN11daChScene_cD0Ev	1		True	_ZTV11daChScene_c	-
src/_ZN4Fish16OnPendingDestroyEv.c	P1-vtable+mangled	ov100	daFish_c	Fish/daFish_c	vtable daFish_c slot 12 @0x2146b00 | _ZN4Fish16OnPendingDestroyEv	1		True		-
src/_ZN4FishD0Ev.cpp	DTOR-ONLY	ov100	daFish_c	Fish/daFish_c	_ZN4FishD0Ev	1		True		-
src/_ZN10daMcFlag_c16CleanupResourcesEv.c	P1-vtable+mangled	ov009	daMcFlag_c	daMcFlag_c/daMcFlag_c	vtable daMcFlag_c slot 3 @0x21120ec | _ZN10daMcFlag_c16CleanupResourcesEv	1		True		-
src/_ZN10daMcFlag_cD0Ev.c	DTOR-ONLY	ov009	daMcFlag_c	daMcFlag_c/daMcFlag_c	_ZN10daMcFlag_cD0Ev	1		True		-
src/_ZN4HeapC1EPvjP4Heap.c	P3-mangled-method-only	arm9		Heap	_ZN4HeapC1EPvjP4Heap	1		True		-
src/_ZN4HeapD0Ev.c	DTOR-ONLY	arm9	mHeap::Heap_t	Heap/mHeap	_ZN4HeapD0Ev	1		True		-
src/_ZN4HeapD1Ev.c	DTOR-ONLY	arm9	mHeap::Heap_t	Heap/mHeap	_ZN4HeapD1Ev	1		True		-
src/_ZN4HeapD2Ev.c	DTOR-ONLY	arm9		Heap	_ZN4HeapD2Ev	1		True		-
src/_ZN4ToadD0Ev.c	DTOR-ONLY	ov085	daKinopio_c	Toad/daKinopio_c	_ZN4ToadD0Ev	1		True		-
src/_ZN14daObjC1_Trap_c13InitResourcesEv.c	P1-vtable+mangled	ov010	daObjC1_Trap_c	daObjC1_Trap_c/daObjC1_Trap_c	vtable daObjC1_Trap_c slot 0 @0x2111654 | _ZN14daObjC1_Trap_c13InitResourcesEv	1		True		-
src/_ZN4Tree16OnPendingDestroyEv.c	P1-vtable+mangled	ov002	daTree_c	Tree/daTree_c	vtable daTree_c slot 12 @0x20ec0a0 | _ZN4Tree16OnPendingDestroyEv	1		True		-
src/_ZN4View6RenderEv.c	P1-vtable+mangled	arm9	dView_c	View/dView_c	vtable dView_c slot 9 @0x202fd0c | _ZN4View6RenderEv	1		False		no-header:View/dView_c
src/_ZN4ViewD0Ev.cpp	DTOR-ONLY	arm9	dView_c	View/dView_c	_ZN4ViewD0Ev	1		False	_ZTV4View	no-header:View/dView_c
src/_ZN4ViewD1Ev.cpp	DTOR-ONLY	arm9	dView_c	View/dView_c	_ZN4ViewD1Ev	1		False	_ZTV4View	no-header:View/dView_c
src/_ZN11daWarpkun_cD0Ev.c	DTOR-ONLY	ov002	daWarpkun_c	daWarpkun_c/daWarpkun_c	_ZN11daWarpkun_cD0Ev	1		True	_ZTV11daWarpkun_c	-
src/_ZN4cstd10fdiv_asyncE5Fix12IiE5Fix12IiE.c	P3-mangled-method-only	arm9		cstd	_ZN4cstd10fdiv_asyncE5Fix12IiE5Fix12IiE	1		False		by-value-class-param;no-header:cstd
src/_ZN4cstd16reciprocal_asyncE5Fix12IiE.c	P3-mangled-method-only	arm9		cstd	_ZN4cstd16reciprocal_asyncE5Fix12IiE	1		False		by-value-class-param;no-header:cstd
src/_ZN4cstd5atan2E5Fix12IiES1_.c	P3-mangled-method-only	arm9		cstd	_ZN4cstd5atan2E5Fix12IiES1_	1		False		by-value-class-param;no-header:cstd
src/_ZN5BullyD0Ev.c	DTOR-ONLY	ov064	daDonketu_c	Bully/daDonketu_c	_ZN5BullyD0Ev	1		True	_ZTV5Bully	-
src/_ZN11daObjKumo_cD0Ev.c	DTOR-ONLY	ov039	daObjKumo_c	daObjKumo_c/daObjKumo_c	_ZN11daObjKumo_cD0Ev	1		True		-
src/_ZN5Crate13OnTurnIntoEggER6Player.c	P1-vtable+mangled	ov098	daObjBlockS_c	Crate/daObjBlockS_c	vtable daObjBlockS_c slot 19 @0x2139e78 | _ZN5Crate13OnTurnIntoEggER6Player	1		True		-
src/_ZN5Crate13OnYoshiTryEatEv.c	P1-vtable+mangled	ov098	daObjBlockS_c	Crate/daObjBlockS_c	vtable daObjBlockS_c slot 18 @0x2139e64 | _ZN5Crate13OnYoshiTryEatEv	1		True		-
src/_ZN5Crate4KillEv.c	P1-vtable+mangled	ov098	daObjBlockS_c	Crate/daObjBlockS_c	vtable daObjBlockS_c slot 31 @0x2139070 | _ZN5Crate4KillEv	1		True		-
src/_ZN5FaderD2Ev.c	DTOR-ONLY	arm9		Fader	_ZN5FaderD2Ev	1		True		-
src/_ZN5ModelC1Ev.c	P3-mangled-method-only	arm9		Model	_ZN5ModelC1Ev	1		True	_ZTV5Model	-
src/_ZN5ModelC2Ev.cpp	P3-mangled-method-only	arm9		Model	_ZN5ModelC2Ev	1		True	_ZTV5Model	-
src/_ZN5ModelD0Ev.cpp	DTOR-ONLY	arm9	dExtSimpleModel_c	Model/dExtSimpleModel_c	_ZN5ModelD0Ev	1		True	_ZTV5Model	-
src/_ZN5ModelD1Ev.cpp	DTOR-ONLY	arm9		Model	_ZN5ModelD1Ev	1		True	_ZTV5Model	-
src/_ZN5ModelD2Ev.cpp	DTOR-ONLY	arm9		Model	_ZN5ModelD2Ev	1		True	_ZTV5Model	-
src/_ZN5PokeyD0Ev.c	DTOR-ONLY	ov096	daSanbo_c	Pokey/daSanbo_c	_ZN5PokeyD0Ev	1		True		-
src/_ZN5Sound17ChangeMusicVolumeEj5Fix12IiE.c	P3-mangled-method-only	arm9		Sound	_ZN5Sound17ChangeMusicVolumeEj5Fix12IiE	1		True		by-value-class-param
src/_ZN5Sound4PlayEjjRK7Vector3.c	P3-mangled-method-only	arm9		Sound	_ZN5Sound4PlayEjjRK7Vector3	1	active	True		-
src/_ZN5Spiny16CleanupResourcesEv.c	P1-vtable+mangled	ov077	daTgz_c	Spiny/daTgz_c	vtable daTgz_c slot 3 @0x2125eb0 | _ZN5Spiny16CleanupResourcesEv	1		True		-
src/_ZN5Spiny16OnPendingDestroyEv.c	P1-vtable+mangled	ov077	daTgz_c	Spiny/daTgz_c	vtable daTgz_c slot 12 @0x2125eec | _ZN5Spiny16OnPendingDestroyEv	1		True		-
src/_ZN5SpinyD0Ev.c	DTOR-ONLY	ov077	daTgz_c	Spiny/daTgz_c	_ZN5SpinyD0Ev	1		True		-
src/_ZN5StageC3Ev.c	P3-mangled-method-only	arm9		Stage	_ZN5StageC3Ev	1		True	_ZTV5Stage/_ZTV8dScene_c	-
src/_ZN5StumpD0Ev.c	DTOR-ONLY	ov091	daObjPile_c	Stump/daObjPile_c	_ZN5StumpD0Ev	1		True	_ZTV10dBgActor_c/_ZTV5Stump	-
src/_ZN5Ukiki16CleanupResourcesEv.c	P1-vtable+mangled	ov030	daMky_c	Ukiki/daMky_c	vtable daMky_c slot 3 @0x21141c4 | _ZN5Ukiki16CleanupResourcesEv	1		True		-
src/_ZN5Ukiki16OnPendingDestroyEv.c	P1-vtable+mangled	ov030	daMky_c	Ukiki/daMky_c	vtable daMky_c slot 12 @0x211422c | _ZN5Ukiki16OnPendingDestroyEv	1		True		-
src/_ZN5UkikiD0Ev.c	DTOR-ONLY	ov030	daMky_c	Ukiki/daMky_c	_ZN5UkikiD0Ev	1		True		-
src/_ZN6CameraC1Ev.c	P3-mangled-method-only	arm9		Camera	_ZN6CameraC1Ev	1		True	_ZTV4View/_ZTV6Camera	-
src/_ZN6CameraD0Ev.cpp	DTOR-ONLY	arm9	dCamera_c	Camera/dCamera_c	_ZN6CameraD0Ev	1		True	_ZTV4View/_ZTV6Camera	-
src/_ZN6CameraD1Ev.cpp	DTOR-ONLY	arm9	dCamera_c	Camera/dCamera_c	_ZN6CameraD1Ev	1		True	_ZTV4View/_ZTV6Camera	-
src/_ZN6Cannon16CleanupResourcesEv.c	P1-vtable+mangled	ov098	daCnn_c	Cannon/daCnn_c	vtable daCnn_c slot 3 @0x213b1d8 | _ZN6Cannon16CleanupResourcesEv	1		True		-
src/_ZN6CannonD0Ev.cpp	DTOR-ONLY	ov098	daCnn_c	Cannon/daCnn_c	_ZN6CannonD0Ev	1		True		-
src/_ZN6CoffinD0Ev.c	DTOR-ONLY	ov071	daObjCasket_c	Coffin/daObjCasket_c	_ZN6CoffinD0Ev	1		True	_ZTV10dBgActor_c/_ZTV6Coffin	-
src/_ZN6CoffinD1Ev.c	DTOR-ONLY	ov071	daObjCasket_c	Coffin/daObjCasket_c	_ZN6CoffinD1Ev	1		True	_ZTV10dBgActor_c/_ZTV6Coffin	-
src/_ZN6Eyerok16OnPendingDestroyEv.c	P1-vtable+mangled	ov066	daIwante_c	Eyerok/daIwante_c	vtable daIwante_c slot 12 @0x21197a0 | _ZN6Eyerok16OnPendingDestroyEv	1		True		-
src/_ZN6Goomba16OnPendingDestroyEv.c	P1-vtable+mangled	ov084	daKrb_c	Goomba/daKrb_c	vtable daKrb_c slot 12 @0x212b5b8 | _ZN6Goomba16OnPendingDestroyEv	1		True		-
src/_ZN6GoombaD0Ev.c	DTOR-ONLY	ov084	daKrb_c	Goomba/daKrb_c	_ZN6GoombaD0Ev	1		True		-
src/_ZN6GoombaD1Ev.c	DTOR-ONLY	ov084	daKrb_c	Goomba/daKrb_c	_ZN6GoombaD1Ev	1		True		-
src/_ZN6Lakitu16CleanupResourcesEv.c	P1-vtable+mangled	ov077	daJgm_c	Lakitu/daJgm_c	vtable daJgm_c slot 3 @0x21247a8 | _ZN6Lakitu16CleanupResourcesEv	1		True		-
src/_ZN6Lakitu16OnPendingDestroyEv.c	P1-vtable+mangled	ov077	daJgm_c	Lakitu/daJgm_c	vtable daJgm_c slot 12 @0x2124824 | _ZN6Lakitu16OnPendingDestroyEv	1		True		-
src/_ZN6LakituD0Ev.c	DTOR-ONLY	ov077	daJgm_c	Lakitu/daJgm_c	_ZN6LakituD0Ev	1		True		-
src/_ZN6Memory8AllocateEjiP4Heap.c	P3-mangled-method-only	arm9		Memory	_ZN6Memory8AllocateEjiP4Heap	1	active	False		no-header:Memory
src/_ZN6NumberD0Ev.c	DTOR-ONLY	ov002	daObjNumber_c	Number/daObjNumber_c	_ZN6NumberD0Ev	1		True		-
src/_ZN6ShipUpD0Ev.cpp	DTOR-ONLY	ov016	daObjKi_Fune_c	ShipUp/daObjKi_Fune_c	_ZN6ShipUpD0Ev	1		True	_ZTV10dBgActor_c/_ZTV6ShipUp	-
src/_ZN6ShipUpD1Ev.cpp	DTOR-ONLY	ov016	daObjKi_Fune_c	ShipUp/daObjKi_Fune_c	_ZN6ShipUpD1Ev	1		True	_ZTV10dBgActor_c/_ZTV6ShipUp	-
src/_ZN6ThwompD0Ev.c	DTOR-ONLY	ov091	daDsn_c	Thwomp/daDsn_c	_ZN6ThwompD0Ev	1		True	_ZTV10dBgActor_c/_ZTV11daDsnBase_c/_ZTV6Thwomp	-
src/_ZN6ToxBox13InitResourcesEv.c	P1-vtable+mangled	ov092	daOnms_c	ToxBox/daOnms_c	vtable daOnms_c slot 0 @0x2131da0 | _ZN6ToxBox13InitResourcesEv	1		True		-
src/_ZN7Clipper13Func_020150E8ER7Vector35Fix12IiEPh.c	P3-mangled-method-only	arm9		Clipper	_ZN7Clipper13Func_020150E8ER7Vector35Fix12IiEPh	1		True		by-value-class-param
src/_ZN7Clipper13Func_02015560ER9Matrix4x3R7Vector35Fix12IiES3_.c	P3-mangled-method-only	arm9		Clipper	_ZN7Clipper13Func_02015560ER9Matrix4x3R7Vector35Fix12IiES3_	1		True		by-value-class-param
src/_ZN7Clipper13Func_0201559CEv.c	P3-mangled-method-only	arm9		Clipper	_ZN7Clipper13Func_0201559CEv	1		True		-
src/_ZN7ClipperC1Ev.c	P3-mangled-method-only	arm9		Clipper	_ZN7ClipperC1Ev	1		True	_ZTV7Clipper	-
src/_ZN7ClipperD0Ev.cpp	DTOR-ONLY	arm9	dClipper	Clipper/dClipper	_ZN7ClipperD0Ev	1		True	_ZTV7Clipper	-
src/_ZN7ClipperD1Ev.cpp	DTOR-ONLY	arm9	dClipper	Clipper/dClipper	_ZN7ClipperD1Ev	1		True	_ZTV7Clipper	-
src/_ZN7MinimapC1Ev.c	P3-mangled-method-only	ov002		Minimap	_ZN7MinimapC1Ev	1		True	_ZTV7Minimap/_ZTV7dBase_c	-
src/_ZN7MinimapD0Ev.c	DTOR-ONLY	ov002	dMap_c	Minimap/dMap_c	_ZN7MinimapD0Ev	1		True	_ZTV7Minimap/_ZTV7dBase_c	-
src/_ZN7PathPtrC1Ev.c	P3-mangled-method-only	arm9		PathPtr	_ZN7PathPtrC1Ev	1		True		-
src/_ZN13daObjWakame_cD0Ev.c	DTOR-ONLY	ov002	daObjWakame_c	daObjWakame_c/daObjWakame_c	_ZN13daObjWakame_cD0Ev	1		True	_ZTV13daObjWakame_c	-
src/_ZN7SkiLiftD0Ev.c	DTOR-ONLY	ov018	daObjSm_Lift_c	SkiLift/daObjSm_Lift_c	_ZN7SkiLiftD0Ev	1		True	_ZTV10dBgActor_c/_ZTV7SkiLift	-
src/_ZN7Tornado16CleanupResourcesEv.c	P1-vtable+mangled	ov096	daTor_c	Tornado/daTor_c	vtable daTor_c slot 3 @0x21373e4 | _ZN7Tornado16CleanupResourcesEv	1		True		-
src/_ZN7TornadoD0Ev.c	DTOR-ONLY	ov096	daTor_c	Tornado/daTor_c	_ZN7TornadoD0Ev	1		True		-
src/_ZN7dBase_cD0Ev.cpp	DTOR-ONLY	arm9	dBase_c	dBase_c	_ZN7dBase_cD0Ev	1		True	_ZTV7dBase_c	-
src/_ZN7dScMB_c13InitResourcesEv.c	P1-vtable+mangled	arm9	dScMB_c	dScMB_c	vtable dScMB_c slot 0 @0x203506c | _ZN7dScMB_c13InitResourcesEv	1		True		-
src/_ZN7dScMB_c16CleanupResourcesEv.c	P1-vtable+mangled	arm9	dScMB_c	dScMB_c	vtable dScMB_c slot 3 @0x2034d70 | _ZN7dScMB_c16CleanupResourcesEv	1		True		-
src/_ZN7dScMB_c6RenderEv.c	P1-vtable+mangled	arm9	dScMB_c	dScMB_c	vtable dScMB_c slot 9 @0x2034d9c | _ZN7dScMB_c6RenderEv	1		True		-
src/_ZN7dScMB_c8BehaviorEv.c	P1-vtable+mangled	arm9	dScMB_c	dScMB_c	vtable dScMB_c slot 6 @0x2034da4 | _ZN7dScMB_c8BehaviorEv	1		True		-
src/_ZN7dScMB_cD0Ev.c	DTOR-ONLY	arm9	dScMB_c	dScMB_c	_ZN7dScMB_cD0Ev	1		True	_ZTV8dScene_c	-
src/_ZN7dScMB_cD1Ev.c	DTOR-ONLY	arm9	dScMB_c	dScMB_c	_ZN7dScMB_cD1Ev	1		True	_ZTV8dScene_c	-
src/_ZN7dWipe_c10SetToStartEv.c	P1-vtable+mangled	arm9	dWipe_c	dWipe_c	vtable dWipe_c slot 9 @0x202ecfc | _ZN7dWipe_c10SetToStartEv	1		True		-
src/_ZN7dWipe_c11AdvanceFadeEv.c	P1-vtable+mangled	arm9	dWipe_c	dWipe_c	vtable dWipe_c slot 2 @0x202f428 | _ZN7dWipe_c11AdvanceFadeEv	1		True		-
src/_ZN7dWipe_c14SetForwardTimeEj.c	P1-vtable+mangled	arm9	dWipe_c	dWipe_c	vtable dWipe_c slot 4 @0x202f708 | _ZN7dWipe_c14SetForwardTimeEj	1		True		-
src/_ZN7dWipe_c15SetBackwardTimeEj.c	P1-vtable+mangled	arm9	dWipe_c	dWipe_c	vtable dWipe_c slot 3 @0x202f928 | _ZN7dWipe_c15SetBackwardTimeEj	1	inert	True		-
src/_ZN7dWipe_c7IsAtEndEv.c	P1-vtable+mangled	arm9	dWipe_c	dWipe_c	vtable dWipe_c slot 6 @0x202eddc | _ZN7dWipe_c7IsAtEndEv	1		True		-
src/_ZN7dWipe_c8SetToEndEv.c	P1-vtable+mangled	arm9	dWipe_c	dWipe_c	vtable dWipe_c slot 8 @0x202ed08 | _ZN7dWipe_c8SetToEndEv	1		True		-
src/_ZN7dWipe_c9IsAtStartEv.c	P1-vtable+mangled	arm9	dWipe_c	dWipe_c	vtable dWipe_c slot 5 @0x202ee38 | _ZN7dWipe_c9IsAtStartEv	1		True		-
src/_ZN7dWipe_cD0Ev.c	DTOR-ONLY	arm9	dWipe_c	dWipe_c	_ZN7dWipe_cD0Ev	1		True		-
src/_ZN7dWipe_cD1Ev.c	DTOR-ONLY	arm9	dWipe_c	dWipe_c	_ZN7dWipe_cD1Ev	1		True		-
src/_ZN7daDgr_c8BehaviorEv.c	P1-vtable+mangled	ov025	daDgr_c	daDgr_c	vtable daDgr_c slot 6 @0x21113f0 | _ZN7daDgr_c8BehaviorEv	1		True		-
src/_ZN7daOts_cD0Ev.c	DTOR-ONLY	ov064		daOts_c	_ZN7daOts_cD0Ev	1		True		-
src/_ZN7daOts_cD1Ev.c	DTOR-ONLY	ov064		daOts_c	_ZN7daOts_cD1Ev	1		True		-
src/_ZN7fBase_c9SceneNode5ResetEv.c	P3-mangled-method-only	arm9		SceneNode	_ZN7fBase_c9SceneNode5ResetEv	1		False		no-header:SceneNode
src/_ZN7fBase_c9SceneNodeC1Ev.c	P3-mangled-method-only	arm9		SceneNode	_ZN7fBase_c9SceneNodeC1Ev	1		False		no-header:SceneNode
src/_ZN7fBase_cD0Ev.cpp	DTOR-ONLY	arm9	fBase_c	fBase_c	_ZN7fBase_cD0Ev	1		True		-
src/_ZN7fBase_cD1Ev.cpp	DTOR-ONLY	arm9	fBase_c	fBase_c	_ZN7fBase_cD1Ev	1		True	_ZTV7fBase_c	-
src/_ZN7fBase_cD2Ev.cpp	DTOR-ONLY	arm9		fBase_c	_ZN7fBase_cD2Ev	1		True	_ZTV7fBase_c	-
src/_ZN8BigBullyD0Ev.c	DTOR-ONLY	ov064	daBDonketu_c	BigBully/daBDonketu_c	_ZN8BigBullyD0Ev	1		True	_ZTV8BigBully	-
src/_ZN8BookShotD0Ev.c	DTOR-ONLY	ov020	daBook_c	BookShot/daBook_c	_ZN8BookShotD0Ev	1		True		-
src/_ZN15daObjWc_Obj05_cD0Ev.c	DTOR-ONLY	ov029	daObjWc_Obj05_c	daObjWc_Obj05_c/daObjWc_Obj05_c	_ZN15daObjWc_Obj05_cD0Ev	1		True	_ZTV10dBgActor_c/_ZTV15daObjWc_Obj05_c	-
src/_ZN8GoombossD0Ev.c	DTOR-ONLY	ov074	daKuriKing_c	Goomboss/daKuriKing_c	_ZN8GoombossD0Ev	1		True	_ZTV8Goomboss	-
src/_ZN8MetalNet16OnPendingDestroyEv.c	P1-vtable+mangled	ov009	daObjMc_Metalnet_c	MetalNet/daObjMc_Metalnet_c	vtable daObjMc_Metalnet_c slot 12 @0x2111ea4 | _ZN8MetalNet16OnPendingDestroyEv	1		True		-
src/_ZN8Moneybag16CleanupResourcesEv.c	P1-vtable+mangled	ov081	daGmch_c	Moneybag/daGmch_c	vtable daGmch_c slot 3 @0x2127798 | _ZN8Moneybag16CleanupResourcesEv	1		True		-
src/_ZN8Moneybag16OnPendingDestroyEv.c	P1-vtable+mangled	ov081	daGmch_c	Moneybag/daGmch_c	vtable daGmch_c slot 12 @0x21277dc | _ZN8Moneybag16OnPendingDestroyEv	1		True		-
src/_ZN8MoneybagD0Ev.c	DTOR-ONLY	ov081	daGmch_c	Moneybag/daGmch_c	_ZN8MoneybagD0Ev	1		True		-
src/_ZN8PaintingD0Ev.c	DTOR-ONLY	ov080	daPicGate_c	Painting/daPicGate_c	_ZN8PaintingD0Ev	1		True	_ZTV8Painting	-
src/_ZN8Particle10SysTracker6UpdateEv.c	P3-mangled-method-only	arm9		SysTracker	_ZN8Particle10SysTracker6UpdateEv	1		False		no-header:SysTracker
src/_ZN8Particle10SysTrackerC1Ev.c	P3-mangled-method-only	arm9		SysTracker	_ZN8Particle10SysTrackerC1Ev	1		False		no-header:SysTracker
src/_ZN8Particle13ScaleCallback14SpawnParticlesERNS_6SystemE.c	P1-vtable+mangled	arm9	dPa_c::level_c::scaleCallback_c	ScaleCallback/dPa_c	vtable dPa_c::level_c::scaleCallback_c slot 0 @0x20225d0 | _ZN8Particle13ScaleCallback14SpawnParticlesERNS_6SystemE	1		False		no-header:ScaleCallback/dPa_c
src/_ZN8Particle13ScaleCallback8OnUpdateERNS_6SystemEb.c	P1-vtable+mangled	arm9	dPa_c::level_c::scaleCallback_c	ScaleCallback/dPa_c	vtable dPa_c::level_c::scaleCallback_c slot 1 @0x20225a8 | _ZN8Particle13ScaleCallback8OnUpdateERNS_6SystemEb	1		False		no-header:ScaleCallback/dPa_c
src/_ZN8Particle17CheckLavaCallback8OnUpdateERNS_6SystemEb.c	P1-vtable+mangled	arm9	dPa_c::level_c::checkYoganCallback_c	CheckLavaCallback/dPa_c	vtable dPa_c::level_c::checkYoganCallback_c slot 1 @0x20222f0 | _ZN8Particle17CheckLavaCallback8OnUpdateERNS_6SystemEb	1		False		no-header:CheckLavaCallback/dPa_c
src/_ZN8Particle19SetSelfDestructFlagEj.c	P3-mangled-method-only	arm9		Particle	_ZN8Particle19SetSelfDestructFlagEj	1		True		-
src/_ZN8Particle20RunningSlidingDustAtE5Fix12IiES1_S1_.c	P3-mangled-method-only	arm9		Particle	_ZN8Particle20RunningSlidingDustAtE5Fix12IiES1_S1_	1		True		by-value-class-param
src/_ZN8Particle22FitWaterSimpleCallback8OnUpdateERNS_6SystemEb.c	P1-vtable+mangled	arm9	dPa_c::level_c::fitWaterSimpleCallback_c	FitWaterSimpleCallback/dPa_c	vtable dPa_c::level_c::fitWaterSimpleCallback_c slot 1 @0x2022418 | _ZN8Particle22FitWaterSimpleCallback8OnUpdateERNS_6SystemEb	1		False		no-header:FitWaterSimpleCallback/dPa_c
src/_ZN8Particle25EndingStarGlitterCallback14SpawnParticlesERNS_6SystemE.c	P1-vtable+mangled	arm9	dPa_c::level_c::edStarKiraCallback_c	EndingStarGlitterCallback/dPa_c	vtable dPa_c::level_c::edStarKiraCallback_c slot 0 @0x202222c | _ZN8Particle25EndingStarGlitterCallback14SpawnParticlesERNS_6SystemE	1		False		no-header:EndingStarGlitterCallback/dPa_c
src/_ZN8Particle25EndingStarGlitterCallback8OnUpdateERNS_6SystemEb.c	P1-vtable+mangled	arm9	dPa_c::level_c::edStarKiraCallback_c	EndingStarGlitterCallback/dPa_c	vtable dPa_c::level_c::edStarKiraCallback_c slot 1 @0x20221dc | _ZN8Particle25EndingStarGlitterCallback8OnUpdateERNS_6SystemEb	1		False		no-header:EndingStarGlitterCallback/dPa_c
src/_ZN8Particle6System10NewWeatherEjj5Fix12IiES2_S2_PK11Vector3_16fj.c	P3-mangled-method-only	arm9		System	_ZN8Particle6System10NewWeatherEjj5Fix12IiES2_S2_PK11Vector3_16fj	1		False		by-value-class-param;no-header:System
src/_ZN8Particle6System12FromUniqueIDEj.c	P3-mangled-method-only	arm9		System	_ZN8Particle6System12FromUniqueIDEj	1		False		no-header:System
src/_ZN8Particle6System12NewBigSplashE5Fix12IiES2_S2_.c	P3-mangled-method-only	arm9		System	_ZN8Particle6System12NewBigSplashE5Fix12IiES2_S2_	1		False		by-value-class-param;no-header:System
src/_ZN8Particle6System17NewUnkCallback818Ejj5Fix12IiES2_S2_PK11Vector3_16f.c	P3-mangled-method-only	arm9		System	_ZN8Particle6System17NewUnkCallback818Ejj5Fix12IiES2_S2_PK11Vector3_16f	1		False		by-value-class-param;no-header:System
src/_ZN8Particle6System3NewEjj5Fix12IiES2_S2_PK11Vector3_16fPNS_8CallbackE.c	P3-mangled-method-only	arm9		System	_ZN8Particle6System3NewEjj5Fix12IiES2_S2_PK11Vector3_16fPNS_8CallbackE	1		False		by-value-class-param;no-header:System
src/_ZN8Particle6System9NewRippleE5Fix12IiES2_S2_.c	P3-mangled-method-only	arm9		System	_ZN8Particle6System9NewRippleE5Fix12IiES2_S2_	1		False		by-value-class-param;no-header:System
src/_ZN8Particle6System9NewSimpleEj5Fix12IiES2_S2_.c	P3-mangled-method-only	arm9		System	_ZN8Particle6System9NewSimpleEj5Fix12IiES2_S2_	1		False		by-value-class-param;no-header:System
src/_ZN8Particle7Manager9AddSystemEiR7Vector3.c	P3-mangled-method-only	arm9		Manager	_ZN8Particle7Manager9AddSystemEiR7Vector3	1		False		no-header:Manager
src/_ZN8Particle7Texture12AllocPalVramEjb.c	P3-mangled-method-only	arm9		Texture	_ZN8Particle7Texture12AllocPalVramEjb	1		False		no-header:Texture
src/_ZN8Particle7Texture12AllocTexVramEjb.c	P3-mangled-method-only	arm9		Texture	_ZN8Particle7Texture12AllocTexVramEjb	1		False		no-header:Texture
src/_ZN8Particle9RenderAllEv.c	P3-mangled-method-only	arm9		Particle	_ZN8Particle9RenderAllEv	1		True		-
src/_ZN8SignPostD0Ev.c	DTOR-ONLY	ov002	daObjTatefuda_c	SignPost/daObjTatefuda_c	_ZN8SignPostD0Ev	1		True	_ZTV10dBgActor_c	-
src/_ZN8SignPostD1Ev.c	DTOR-ONLY	ov002	daObjTatefuda_c	SignPost/daObjTatefuda_c	_ZN8SignPostD1Ev	1		True	_ZTV10dBgActor_c	-
src/_ZN8Squasher8BehaviorEv.c	P1-vtable+mangled	ov023	daObjFm_Battan_c	Squasher/daObjFm_Battan_c	vtable daObjFm_Battan_c slot 6 @0x21113b0 | _ZN8Squasher8BehaviorEv	1		True		-
src/_ZN8YoshiEggD0Ev.c	DTOR-ONLY	ov002	daYegg_c	YoshiEgg/daYegg_c	_ZN8YoshiEggD0Ev	1		True		-
src/_ZN8dActor_c10SpawnCoinsERK7Vector3j5Fix12IiEs.c	P3-mangled-method-only	arm9		dActor_c	_ZN8dActor_c10SpawnCoinsERK7Vector3j5Fix12IiEs	1		True		by-value-class-param
src/_ZN8dActor_c12ReflectAngleE5Fix12IiES1_s.c	P3-mangled-method-only	arm9		dActor_c	_ZN8dActor_c12ReflectAngleE5Fix12IiES1_s	1		True		by-value-class-param
src/_ZN8dActor_c13SpawnFireballERK7Vector3PK10Vector3_165Fix12IiES7_j.c	P3-mangled-method-only	arm9		dActor_c	_ZN8dActor_c13SpawnFireballERK7Vector3PK10Vector3_165Fix12IiES7_j	1		True		by-value-class-param
src/_ZN8dActor_c15IsPlayerInRangeE5Fix12IiES1_S1_i.c	P3-mangled-method-only	arm9		dActor_c	_ZN8dActor_c15IsPlayerInRangeE5Fix12IiES1_S1_i	1		True		by-value-class-param
src/_ZN8dActor_c18DropShadowScaleXYZER11ShadowModelR9Matrix4x35Fix12IiES5_S5_j.c	P3-mangled-method-only	arm9		dActor_c	_ZN8dActor_c18DropShadowScaleXYZER11ShadowModelR9Matrix4x35Fix12IiES5_S5_j	1		True		by-value-class-param
src/_ZN8dActor_c19DropShadowRadHeightER11ShadowModelR9Matrix4x35Fix12IiES5_j.c	P3-mangled-method-only	arm9		dActor_c	_ZN8dActor_c19DropShadowRadHeightER11ShadowModelR9Matrix4x35Fix12IiES5_j	1		True		by-value-class-param
src/_ZN8dActor_cD0Ev.cpp	DTOR-ONLY	arm9	dActor_c	dActor_c	_ZN8dActor_cD0Ev	1		True	_ZTV7dBase_c/_ZTV8dActor_c	-
src/_ZN8dM3dGSphD2Ev.cpp	DTOR-ONLY	arm9		dM3dGSph	_ZN8dM3dGSphD2Ev	1		False		no-header:dM3dGSph
src/_ZN9AnimationD0Ev.cpp	DTOR-ONLY	arm9	dExtFrameCtrl_c	Animation/dExtFrameCtrl_c	_ZN9AnimationD0Ev	1		True	_ZTV9Animation	-
src/_ZN9AnimationD1Ev.cpp	DTOR-ONLY	arm9	dExtFrameCtrl_c	Animation/dExtFrameCtrl_c	_ZN9AnimationD1Ev	1		True	_ZTV9Animation	-
src/_ZN9AnimationD2Ev.cpp	DTOR-ONLY	arm9		Animation	_ZN9AnimationD2Ev	1		True	_ZTV9Animation	-
src/_ZN15daObjWc_Obj02_cD0Ev.c	DTOR-ONLY	ov029	daObjWc_Obj02_c	daObjWc_Obj02_c/daObjWc_Obj02_c	_ZN15daObjWc_Obj02_cD0Ev	1		True	_ZTV10dBgActor_c/_ZTV15daObjWc_Obj02_c	-
src/_ZN15daObjWc_Obj02_cD1Ev.c	DTOR-ONLY	ov029	daObjWc_Obj02_c	daObjWc_Obj02_c/daObjWc_Obj02_c	_ZN15daObjWc_Obj02_cD1Ev	1		True	_ZTV10dBgActor_c/_ZTV15daObjWc_Obj02_c	-
src/_ZN9BlueFlameD0Ev.c	DTOR-ONLY	ov002	daObjFire_c	BlueFlame/daObjFire_c	_ZN9BlueFlameD0Ev	1		True		-
src/_ZN9BootScene13InitResourcesEv.c	P1-vtable+mangled	arm9	dScBoot_c	BootScene/dScBoot_c	vtable dScBoot_c slot 0 @0x2005a58 | _ZN9BootScene13InitResourcesEv	1		True		-
src/_ZN9BootScene8BehaviorEv.c	P1-vtable+mangled	arm9	dScBoot_c	BootScene/dScBoot_c	vtable dScBoot_c slot 6 @0x2005418 | _ZN9BootScene8BehaviorEv	1		True		-
src/_ZN9Butterfly16CleanupResourcesEv.c	P1-vtable+mangled	ov100	daBtfly_c	Butterfly/daBtfly_c	vtable daBtfly_c slot 3 @0x2141988 | _ZN9Butterfly16CleanupResourcesEv	1		True		-
src/_ZN9Butterfly16OnPendingDestroyEv.c	P1-vtable+mangled	ov100	daBtfly_c	Butterfly/daBtfly_c	vtable daBtfly_c slot 12 @0x21419d0 | _ZN9Butterfly16OnPendingDestroyEv	1		True		-
src/_ZN9ButterflyD0Ev.c	DTOR-ONLY	ov100	daBtfly_c	Butterfly/daBtfly_c	_ZN9ButterflyD0Ev	1		True		-
src/_ZN10daCamTag_cD0Ev.c	DTOR-ONLY	ov002	daCamTag_c	daCamTag_c/daCamTag_c	_ZN10daCamTag_cD0Ev	1		True	_ZTV10daCamTag_c	-
src/_ZN9DorrieCap13OnYoshiTryEatEv.c	P1-vtable+mangled	ov065	daDossyCap_c	DorrieCap/daDossyCap_c	vtable daDossyCap_c slot 18 @0x21195e4 | _ZN9DorrieCap13OnYoshiTryEatEv	1		True		-
src/_ZN9DorrieCapD0Ev.c	DTOR-ONLY	ov065	daDossyCap_c	DorrieCap/daDossyCap_c	_ZN9DorrieCapD0Ev	1		True		-
src/_ZN9DorrieCapD1Ev.c	DTOR-ONLY	ov065	daDossyCap_c	DorrieCap/daDossyCap_c	_ZN9DorrieCapD1Ev	1		True		-
src/_ZN9HugeCoverD0Ev.c	DTOR-ONLY	ov032	daObjTdFuta_c	HugeCover/daObjTdFuta_c	_ZN9HugeCoverD0Ev	1		True	_ZTV10dBgActor_c/_ZTV9HugeCover	-
src/_ZN9KoopaFlag16CleanupResourcesEv.c	P1-vtable+mangled	ov062	daRFlag_c	KoopaFlag/daRFlag_c	vtable daRFlag_c slot 3 @0x211b000 | _ZN9KoopaFlag16CleanupResourcesEv	1		True		-
src/_ZN9KoopaFlagD0Ev.c	DTOR-ONLY	ov062	daRFlag_c	KoopaFlag/daRFlag_c	_ZN9KoopaFlagD0Ev	1		True		-
src/_ZN9LightBeam16CleanupResourcesEv.c	P1-vtable+mangled	ov010	daObjC1Hikari_c	LightBeam/daObjC1Hikari_c	vtable daObjC1Hikari_c slot 3 @0x2111a94 | _ZN9LightBeam16CleanupResourcesEv	1		True		-
src/_ZN9LightBeamD0Ev.c	DTOR-ONLY	ov010	daObjC1Hikari_c	LightBeam/daObjC1Hikari_c	_ZN9LightBeamD0Ev	1		True		-
src/_ZN9ModelAnim7SetAnimEP8BCA_Filei5Fix12IiEj.c	P3-mangled-method-only	arm9		ModelAnim	_ZN9ModelAnim7SetAnimEP8BCA_Filei5Fix12IiEj	1		True		by-value-class-param
src/_ZN9ModelAnimC1Ev.c	P3-mangled-method-only	arm9		ModelAnim	_ZN9ModelAnimC1Ev	1		True	_ZTV9ModelAnim	-
src/_ZN9ModelAnimC2Ev.c	P3-mangled-method-only	arm9		ModelAnim	_ZN9ModelAnimC2Ev	1		True	_ZTV9ModelAnim	-
src/_ZN9ModelAnimD0Ev.c	DTOR-ONLY	arm9	dExtAnmModel_c	ModelAnim/dExtAnmModel_c	_ZN9ModelAnimD0Ev	1		True	_ZTV9ModelAnim	-
src/_ZN9ModelAnimD2Ev.cpp	DTOR-ONLY	arm9		ModelAnim	_ZN9ModelAnimD2Ev	1		True	_ZTV9ModelAnim	-
src/_ZN9ModelBaseC1Ev.c	P3-mangled-method-only	arm9		ModelBase	_ZN9ModelBaseC1Ev	1		True		-
src/_ZN9ModelBaseD0Ev.cpp	DTOR-ONLY	arm9	dExtModel_c	ModelBase/dExtModel_c	_ZN9ModelBaseD0Ev	1		True		-
src/_ZN9ModelBaseD1Ev.cpp	DTOR-ONLY	arm9	dExtModel_c	ModelBase/dExtModel_c	_ZN9ModelBaseD1Ev	1		True		-
src/_ZN9ModelBaseD2Ev.cpp	DTOR-ONLY	arm9		ModelBase	_ZN9ModelBaseD2Ev	1		True		-
src/_ZN9MontyMole16CleanupResourcesEv.c	P1-vtable+mangled	ov080	daChoropu_c	MontyMole/daChoropu_c	vtable daChoropu_c slot 3 @0x2124458 | _ZN9MontyMole16CleanupResourcesEv	1		True		-
src/_ZN9MontyMoleD0Ev.c	DTOR-ONLY	ov080	daChoropu_c	MontyMole/daChoropu_c	_ZN9MontyMoleD0Ev	1		True		-
src/_ZN16daObjPushblock_c16CleanupResourcesEv.c	P1-vtable+mangled	ov002	daObjPushblock_c	daObjPushblock_c/daObjPushblock_c	vtable daObjPushblock_c slot 3 @0x20b8d68 | _ZN16daObjPushblock_c16CleanupResourcesEv	1		True		-
src/_ZN16daObjPushblock_c8BehaviorEv.c	P1-vtable+mangled	ov002	daObjPushblock_c	daObjPushblock_c/daObjPushblock_c	vtable daObjPushblock_c slot 6 @0x20b8dd4 | _ZN16daObjPushblock_c8BehaviorEv	1		True		-
src/_ZN16daObjPushblock_c8OnPushedER8dActor_c.c	P1-vtable+mangled	ov002	daObjPushblock_c	daObjPushblock_c/daObjPushblock_c	vtable daObjPushblock_c slot 25 @0x20b8d3c | _ZN16daObjPushblock_c8OnPushedER8dActor_c	1		True		-
src/_ZN9ShipWater13InitResourcesEv.c	P1-vtable+mangled	ov017	daObjKsWater_c	ShipWater/daObjKsWater_c	vtable daObjKsWater_c slot 0 @0x21113c0 | _ZN9ShipWater13InitResourcesEv	1		True		-
src/_ZN9SolidHeapC1EPvjP4HeapP18SolidHeapAllocator.c	P3-mangled-method-only	arm9		SolidHeap	_ZN9SolidHeapC1EPvjP4HeapP18SolidHeapAllocator	1		True	_ZTV9SolidHeap	-
src/_ZN9SolidHeapD1Ev.cpp	DTOR-ONLY	arm9	mHeap::SolidHeap_t	SolidHeap/mHeap	_ZN9SolidHeapD1Ev	1		True	_ZTV9SolidHeap	-
src/_ZN9SpindriftD0Ev.c	DTOR-ONLY	ov081	daHuwa_c	Spindrift/daHuwa_c	_ZN9SpindriftD0Ev	1		True		-
src/_ZN9SubmarineD0Ev.c	DTOR-ONLY	ov026	daObjWlSubmarine_c	Submarine/daObjWlSubmarine_c	_ZN9SubmarineD0Ev	1		True	_ZTV10dBgActor_c/_ZTV9Submarine	-
src/_ZN9TinyCoverD0Ev.c	DTOR-ONLY	ov033	daObjTtFuta_c	TinyCover/daObjTtFuta_c	_ZN9TinyCoverD0Ev	1		True	_ZTV10dBgActor_c/_ZTV9TinyCover	-
src/_ZN9TinyWater8BehaviorEv.c	P1-vtable+mangled	ov033	daObjTtWater_c	TinyWater/daObjTtWater_c	vtable daObjTtWater_c slot 6 @0x21114f8 | _ZN9TinyWater8BehaviorEv	1		True		-
src/_ZN13daObjHmBskt_c16CleanupResourcesEv.c	P1-vtable+mangled	ov030	daObjHmBskt_c	daObjHmBskt_c/daObjHmBskt_c	vtable daObjHmBskt_c slot 3 @0x211130c | _ZN13daObjHmBskt_c16CleanupResourcesEv	1		True		-
src/_ZN9dScDSMT_c16CleanupResourcesEv.c	P1-vtable+mangled	ov007	dScDSMT_c	dScDSMT_c	vtable dScDSMT_c slot 3 @0x20cc45c | _ZN9dScDSMT_c16CleanupResourcesEv	1		True		-
src/_ZN9dScDSMT_c16OnPendingDestroyEv.c	P1-vtable+mangled	ov007	dScDSMT_c	dScDSMT_c	vtable dScDSMT_c slot 12 @0x20cc2ac | _ZN9dScDSMT_c16OnPendingDestroyEv	1		True		-
src/_ZN9dScDSMT_c6RenderEv.c	P1-vtable+mangled	ov007	dScDSMT_c	dScDSMT_c	vtable dScDSMT_c slot 9 @0x20cc2b0 | _ZN9dScDSMT_c6RenderEv	1		True		-
src/_ZN9dScDSMT_c8BehaviorEv.c	P1-vtable+mangled	ov007	dScDSMT_c	dScDSMT_c	vtable dScDSMT_c slot 6 @0x20cc2cc | _ZN9dScDSMT_c8BehaviorEv	1		True		-
src/_ZN9dScDSMT_cD0Ev.c	DTOR-ONLY	ov007	dScDSMT_c	dScDSMT_c	_ZN9dScDSMT_cD0Ev	1		True		-
src/_ZN9dScDSMT_cD1Ev.c	DTOR-ONLY	ov007	dScDSMT_c	dScDSMT_c	_ZN9dScDSMT_cD1Ev	1		True		-
src/_ZN9daSCoin_c16CleanupResourcesEv.c	P1-vtable+mangled	ov002	daSCoin_c	daSCoin_c	vtable daSCoin_c slot 3 @0x20f069c | _ZN9daSCoin_c16CleanupResourcesEv	1		True		-
src/_ZN9daSCoin_cD0Ev.c	DTOR-ONLY	ov002	daSCoin_c	daSCoin_c	_ZN9daSCoin_cD0Ev	1		True	_ZTV9daSCoin_c	-
src/_ZN9daSCoin_cD1Ev.c	DTOR-ONLY	ov002	daSCoin_c	daSCoin_c	_ZN9daSCoin_cD1Ev	1		True	_ZTV9daSCoin_c	-
src/_ZNK10ClsnResult6CopyToERS_.c	P3-mangled-method-only	arm9		ClsnResult	_ZNK10ClsnResult6CopyToERS_	1		True		-
src/_ZNK11SurfaceInfo12CopyNormalToER7Vector3.c	P3-mangled-method-only	arm9		SurfaceInfo	_ZNK11SurfaceInfo12CopyNormalToER7Vector3	1		False		no-header:SurfaceInfo
src/_ZNK7PathPtr7GetNodeER7Vector3j.c	P3-mangled-method-only	arm9		PathPtr	_ZNK7PathPtr7GetNodeER7Vector3j	1		True		-
src/_ZNK8Particle10SysTracker8Contents8FindDataEj.c	P3-mangled-method-only	arm9		Contents	_ZNK8Particle10SysTracker8Contents8FindDataEj	1		False		no-header:Contents
src/__destroy_arr.c	PURE-C					0		None		NONMATCHING-draft;not-in-delinks
src/__sinit_02073a24.c	PURE-C	arm9				0		None		extra-sections:init
src/__sinit_02073e6c.c	WEAK-refs-only	arm9				0		None		extra-sections:init
src/__sinit_02074d90.c	PURE-C	arm9				0		None		extra-sections:init
src/__sinit_02074da8.c	PURE-C	arm9				0		None		extra-sections:init
src/__sinit_02074dbc.c	PURE-C	arm9				0		None		extra-sections:init
src/__sinit_02074dc0.c	PURE-C	arm9				0		None		extra-sections:init
src/__sinit_02074dc4.c	PURE-C	arm9				0		None		extra-sections:init
src/__sinit_02074e0c.c	PURE-C	arm9				0		None		extra-sections:init
src/__sinit_02074e44.c	PURE-C	arm9				0		None		extra-sections:init
src/__sinit_02074e80.c	PURE-C	arm9				0		None		extra-sections:init
src/__sinit_02074edc.c	WEAK-refs-only	arm9				0		None		extra-sections:init
src/__sinit_02074f80.c	WEAK-refs-only	arm9				0		None		extra-sections:init
src/__sinit_02074fb8.c	PURE-C	arm9				0		None		extra-sections:init
src/__sinit_02074fe4.c	PURE-C	arm9				0		None		extra-sections:init
src/__sinit_0207501c.c	WEAK-refs-only	arm9				0		None		extra-sections:init
src/__sinit_02075054.c	PURE-C	arm9				0		None		extra-sections:init
src/__sinit_020750b4.c	PURE-C	arm9				0		None		extra-sections:init
src/__sinit_020750b8.c	WEAK-refs-only	arm9				0		None		extra-sections:init
src/__sinit_020750ec.c	PURE-C	arm9				0		None		extra-sections:init
src/__sinit_0207511c.c	WEAK-refs-only	arm9				0		None		extra-sections:init
src/__sinit_02075150.c	PURE-C	arm9				0		None		extra-sections:init
src/__sinit_02075154.c	PURE-C	arm9				0		None		extra-sections:init
src/__sinit_ov002_02100560.c	PURE-C	ov002				0		None		extra-sections:init
src/__sinit_ov002_02100938.c	PURE-C	ov002				0		None		extra-sections:init
src/__sinit_ov002_02100adc.c	PURE-C	ov002				0		None		extra-sections:init
src/__sinit_ov002_02100c50.c	PURE-C	ov002				0		None		extra-sections:init
src/__sinit_ov002_02100d44.c	PURE-C	ov002				0		None		extra-sections:init
src/__sinit_ov002_02100e50.c	PURE-C	ov002				0		None		extra-sections:init
src/__sinit_ov002_02100ec4.c	WEAK-refs-only	ov002				0		None		extra-sections:init
src/__sinit_ov002_02100f84.c	WEAK-refs-only	ov002				0		None		extra-sections:init
src/__sinit_ov002_02101064.c	WEAK-refs-only	ov002				0		None		extra-sections:init
src/__sinit_ov002_02101478.c	PURE-C	ov002				0		None		extra-sections:init
src/__sinit_ov002_021014e4.c	PURE-C	ov002				0		None		extra-sections:init
src/__sinit_ov002_02101588.c	PURE-C	ov002				0		None		extra-sections:init
src/__sinit_ov002_02101738.c	PURE-C	ov002				0		None		extra-sections:init
src/__sinit_ov002_02101894.c	WEAK-refs-only	ov002				0		None		extra-sections:init
src/__sinit_ov002_02101900.c	WEAK-refs-only	ov002				0		None		extra-sections:init
src/__sinit_ov002_02101968.c	PURE-C	ov002				0		None		extra-sections:init
src/__sinit_ov002_021019d0.c	WEAK-refs-only	ov002				0		None		extra-sections:init
src/__sinit_ov002_02106e40.c	WEAK-refs-only	ov002				0		None		extra-sections:init
src/__sinit_ov002_02107118.c	PURE-C	ov002				0		None		extra-sections:init
src/__sinit_ov002_021071f4.c	PURE-C	ov002				0		None		extra-sections:init
src/__sinit_ov002_02107298.c	PURE-C	ov002				0		None		extra-sections:init
src/__sinit_ov002_02107304.c	PURE-C	ov002				0		None		extra-sections:init
src/__sinit_ov002_02107370.c	WEAK-refs-only	ov002				0		None		extra-sections:init
src/__sinit_ov002_02107f88.c	PURE-C	ov002				0		None		extra-sections:init
src/__sinit_ov002_0210804c.c	WEAK-refs-only	ov002				0		None		extra-sections:init
src/__sinit_ov002_02108094.c	PURE-C	ov002				0		None		extra-sections:init
src/__sinit_ov004_020b948c.c	PURE-C	ov004				0		None		extra-sections:init
src/__sinit_ov004_020b955c.c	PURE-C	ov004				0		None		extra-sections:init
src/__sinit_ov004_020b9ad0.c	PURE-C	ov004				0		None		extra-sections:init
src/__sinit_ov004_020b9b24.c	PURE-C	ov004				0		None		extra-sections:init
src/__sinit_ov006_0212f4c4.c	WEAK-refs-only	ov006				0		None		extra-sections:init
src/__sinit_ov006_0212f52c.c	WEAK-refs-only	ov006				0		None		extra-sections:init
src/__sinit_ov006_0212f660.c	PURE-C	ov006				0		None		extra-sections:init
src/__sinit_ov006_0212f6b4.c	WEAK-refs-only	ov006				0		None		extra-sections:init
src/__sinit_ov006_0212fc7c.c	PURE-C	ov006				0		None		extra-sections:init
src/__sinit_ov006_0212fd48.c	PURE-C	ov006				0		None		extra-sections:init
src/__sinit_ov006_021300b0.c	PURE-C	ov006				0		None		extra-sections:init
src/__sinit_ov006_0213014c.c	PURE-C	ov006				0		None		extra-sections:init
src/__sinit_ov006_021303d0.c	PURE-C	ov006				0		None		extra-sections:init
src/__sinit_ov006_021304ac.c	PURE-C	ov006				0		None		extra-sections:init
src/__sinit_ov006_02130758.c	PURE-C	ov006				0		None		extra-sections:init
src/__sinit_ov006_02130a04.c	PURE-C	ov006				0		None		extra-sections:init
src/__sinit_ov006_02130a08.c	WEAK-refs-only	ov006				0		None		extra-sections:init
src/__sinit_ov006_02130df8.c	PURE-C	ov006				0		None		extra-sections:init
src/__sinit_ov006_02130e9c.c	PURE-C	ov006				0		None		extra-sections:init
src/__sinit_ov006_02130f00.c	PURE-C	ov006				0		None		extra-sections:init
src/__sinit_ov006_02130f64.c	PURE-C	ov006				0		None		extra-sections:init
src/__sinit_ov006_021311c8.c	PURE-C	ov006				0		None		extra-sections:init
src/__sinit_ov006_021314e4.c	PURE-C	ov006				0		None		extra-sections:init
src/__sinit_ov006_021318a0.c	PURE-C	ov006				0		None		extra-sections:init
src/__sinit_ov006_0213195c.c	PURE-C	ov006				0		None		extra-sections:init
src/__sinit_ov006_02131a38.c	PURE-C	ov006				0		None		extra-sections:init
src/__sinit_ov006_02131cd0.c	PURE-C	ov006				0		None		extra-sections:init
src/__sinit_ov006_02131fa4.c	PURE-C	ov006				0		None		extra-sections:init
src/__sinit_ov006_021322bc.c	PURE-C	ov006				0		None		extra-sections:init
src/__sinit_ov006_02132894.c	PURE-C	ov006				0		None		extra-sections:init
src/__sinit_ov006_02132970.c	PURE-C	ov006				0		None		extra-sections:init
src/__sinit_ov006_02132f68.c	PURE-C	ov006				0		None		extra-sections:init
src/__sinit_ov006_0213322c.c	PURE-C	ov006				0		None		extra-sections:init
src/__sinit_ov006_0213326c.c	PURE-C	ov006				0		None		extra-sections:init
src/__sinit_ov006_021333e0.c	PURE-C	ov006				0		None		extra-sections:init
src/__sinit_ov009_02112458.c	WEAK-refs-only	ov009				0		None		extra-sections:init
src/__sinit_ov009_02112524.c	WEAK-refs-only	ov009				0		None		extra-sections:init
src/__sinit_ov009_02112a5c.c	PURE-C	ov009				0		None		extra-sections:init
src/__sinit_ov009_02112ac8.c	WEAK-refs-only	ov009				0		None		extra-sections:init
src/__sinit_ov010_0211203c.c	PURE-C	ov010				0		None		extra-sections:init
src/__sinit_ov010_0211211c.c	PURE-C	ov010				0		None		extra-sections:init
src/__sinit_ov010_0211215c.c	PURE-C	ov010				0		None		extra-sections:init
src/__sinit_ov012_02111a88.c	PURE-C	ov012				0		None		extra-sections:init
src/__sinit_ov012_02111af4.c	PURE-C	ov012				0		None		extra-sections:init
src/__sinit_ov013_021116b8.c	PURE-C	ov013				0		None		extra-sections:init
src/__sinit_ov013_021116f8.c	PURE-C	ov013				0		None		extra-sections:init
src/__sinit_ov014_021130ac.c	PURE-C	ov014				0		None		extra-sections:init
src/__sinit_ov014_02113118.c	WEAK-refs-only	ov014				0		None		extra-sections:init
src/__sinit_ov014_021132fc.c	PURE-C	ov014				0		None		extra-sections:init
src/__sinit_ov015_02112f9c.c	PURE-C	ov015				0		None		extra-sections:init
src/__sinit_ov015_02112fdc.c	PURE-C	ov015				0		None		extra-sections:init
src/__sinit_ov015_02113048.c	PURE-C	ov015				0		None		extra-sections:init
src/__sinit_ov015_02113264.c	PURE-C	ov015				0		None		extra-sections:init
src/__sinit_ov015_021132d0.c	PURE-C	ov015				0		None		extra-sections:init
src/__sinit_ov015_0211333c.c	PURE-C	ov015				0		None		extra-sections:init
src/__sinit_ov015_021133a8.c	PURE-C	ov015				0		None		extra-sections:init
src/__sinit_ov016_021136ec.c	WEAK-refs-only	ov016				0		None		extra-sections:init
src/__sinit_ov016_021138bc.c	PURE-C	ov016				0		None		extra-sections:init
src/__sinit_ov016_02113978.c	PURE-C	ov016				0		None		extra-sections:init
src/__sinit_ov016_021139e4.c	PURE-C	ov016				0		None		extra-sections:init
src/__sinit_ov016_02113a50.c	PURE-C	ov016				0		None		extra-sections:init
src/__sinit_ov017_0211198c.c	PURE-C	ov017				0		None		extra-sections:init
src/__sinit_ov018_02112c14.c	PURE-C	ov018				0		None		extra-sections:init
src/__sinit_ov018_02112e00.c	PURE-C	ov018				0		None		extra-sections:init
src/__sinit_ov019_021127a4.c	WEAK-refs-only	ov019				0		None		extra-sections:init
src/__sinit_ov019_02112b14.c	WEAK-refs-only	ov019				0		None		extra-sections:init
src/__sinit_ov020_02113674.c	WEAK-refs-only	ov020				0		None		extra-sections:init
src/__sinit_ov020_0211372c.c	PURE-C	ov020				0		None		extra-sections:init
src/__sinit_ov021_02113500.c	WEAK-refs-only	ov021				0		None		extra-sections:init
src/__sinit_ov021_02113688.c	PURE-C	ov021				0		None		extra-sections:init
src/__sinit_ov021_021136c8.c	PURE-C	ov021				0		None		extra-sections:init
src/__sinit_ov022_02112ca8.c	PURE-C	ov022				0		None		extra-sections:init
src/__sinit_ov022_02112d14.c	PURE-C	ov022				0		None		extra-sections:init
src/__sinit_ov022_02112d80.c	PURE-C	ov022				0		None		extra-sections:init
src/__sinit_ov022_02112dec.c	PURE-C	ov022				0		None		extra-sections:init
src/__sinit_ov022_02112e58.c	PURE-C	ov022				0		None		extra-sections:init
src/__sinit_ov022_02112ec0.c	PURE-C	ov022				0		None		extra-sections:init
src/__sinit_ov022_02112f78.c	PURE-C	ov022				0		None		extra-sections:init
src/__sinit_ov022_02112fe4.c	PURE-C	ov022				0		None		extra-sections:init
src/__sinit_ov022_02113050.c	PURE-C	ov022				0		None		extra-sections:init
src/__sinit_ov022_021130bc.c	PURE-C	ov022				0		None		extra-sections:init
src/__sinit_ov023_02111aa8.c	PURE-C	ov023				0		None		extra-sections:init
src/__sinit_ov024_02112808.c	PURE-C	ov024				0		None		extra-sections:init
src/__sinit_ov025_02112970.c	PURE-C	ov025				0		None		extra-sections:init
src/__sinit_ov025_021129dc.c	PURE-C	ov025				0		None		extra-sections:init
src/__sinit_ov025_02112a44.c	PURE-C	ov025				0		None		extra-sections:init
src/__sinit_ov025_02112aac.c	PURE-C	ov025				0		None		extra-sections:init
src/__sinit_ov026_02112b7c.c	PURE-C	ov026				0		None		extra-sections:init
src/__sinit_ov026_02112bbc.c	PURE-C	ov026				0		None		extra-sections:init
src/__sinit_ov026_02112c28.c	PURE-C	ov026				0		None		extra-sections:init
src/__sinit_ov026_02112c94.c	WEAK-refs-only	ov026				0		None		extra-sections:init
src/__sinit_ov026_02112d68.c	PURE-C	ov026				0		None		extra-sections:init
src/__sinit_ov027_02112cb0.c	PURE-C	ov027				0		None		extra-sections:init
src/__sinit_ov027_02112d1c.c	WEAK-refs-only	ov027				0		None		extra-sections:init
src/__sinit_ov027_02112f70.c	WEAK-refs-only	ov027				0		None		extra-sections:init
src/__sinit_ov029_02112b38.c	PURE-C	ov029				0		None		extra-sections:init
src/__sinit_ov029_02112ba4.c	PURE-C	ov029				0		None		extra-sections:init
src/__sinit_ov029_02112c10.c	WEAK-refs-only	ov029				0		None		extra-sections:init
src/__sinit_ov029_02112c4c.c	PURE-C	ov029				0		None		extra-sections:init
src/__sinit_ov029_02112cb8.c	PURE-C	ov029				0		None		extra-sections:init
src/__sinit_ov029_02112d24.c	PURE-C	ov029				0		None		extra-sections:init
src/__sinit_ov029_02112d90.c	PURE-C	ov029				0		None		extra-sections:init
src/__sinit_ov029_02112dfc.c	PURE-C	ov029				0		None		extra-sections:init
src/__sinit_ov030_0211484c.c	PURE-C	ov030				0		None		extra-sections:init
src/__sinit_ov030_021148b8.c	PURE-C	ov030				0		None		extra-sections:init
src/__sinit_ov030_02114924.c	WEAK-refs-only	ov030				0		None		extra-sections:init
src/__sinit_ov031_02111434.c	PURE-C	ov031				0		None		extra-sections:init
src/__sinit_ov032_02112c10.c	WEAK-refs-only	ov032				0		None		extra-sections:init
src/__sinit_ov032_02112dbc.c	PURE-C	ov032				0		None		extra-sections:init
src/__sinit_ov032_02112e28.c	PURE-C	ov032				0		None		extra-sections:init
src/__sinit_ov033_021119e8.c	PURE-C	ov033				0		None		extra-sections:init
src/__sinit_ov033_02111a54.c	PURE-C	ov033				0		None		extra-sections:init
src/__sinit_ov034_021138ec.c	WEAK-refs-only	ov034				0		None		extra-sections:init
src/__sinit_ov035_02111f04.c	PURE-C	ov035				0		None		extra-sections:init
src/__sinit_ov035_02111fc0.c	PURE-C	ov035				0		None		extra-sections:init
src/__sinit_ov036_021125b0.c	PURE-C	ov036				0		None		extra-sections:init
src/__sinit_ov036_0211261c.c	PURE-C	ov036				0		None		extra-sections:init
src/__sinit_ov036_02112688.c	PURE-C	ov036				0		None		extra-sections:init
src/__sinit_ov036_021126c8.c	PURE-C	ov036				0		None		extra-sections:init
src/__sinit_ov036_02112730.c	PURE-C	ov036				0		None		extra-sections:init
src/__sinit_ov036_0211279c.c	PURE-C	ov036				0		None		extra-sections:init
src/__sinit_ov036_02112944.c	WEAK-refs-only	ov036				0		None		extra-sections:init
src/__sinit_ov039_021113b4.c	PURE-C	ov039				0		None		extra-sections:init
src/__sinit_ov043_021117fc.c	PURE-C	ov043				0		None		extra-sections:init
src/__sinit_ov043_02111868.c	PURE-C	ov043				0		None		extra-sections:init
src/__sinit_ov043_021118d4.c	PURE-C	ov043				0		None		extra-sections:init
src/__sinit_ov043_02111940.c	PURE-C	ov043				0		None		extra-sections:init
src/__sinit_ov044_02111314.c	PURE-C	ov044				0		None		extra-sections:init
src/__sinit_ov045_021121a8.c	PURE-C	ov045				0		None		extra-sections:init
src/__sinit_ov045_02112214.c	PURE-C	ov045				0		None		extra-sections:init
src/__sinit_ov045_02112280.c	PURE-C	ov045				0		None		extra-sections:init
src/__sinit_ov045_021122ec.c	PURE-C	ov045				0		None		extra-sections:init
src/__sinit_ov045_02112358.c	PURE-C	ov045				0		None		extra-sections:init
src/__sinit_ov045_021123c0.c	PURE-C	ov045				0		None		extra-sections:init
src/__sinit_ov047_021116dc.c	PURE-C	ov047				0		None		extra-sections:init
src/__sinit_ov047_02111748.c	PURE-C	ov047				0		None		extra-sections:init
src/__sinit_ov047_021117b4.c	PURE-C	ov047				0		None		extra-sections:init
src/__sinit_ov047_0211181c.c	PURE-C	ov047				0		None		extra-sections:init
src/__sinit_ov052_02111b64.c	PURE-C	ov052				0		None		extra-sections:init
src/__sinit_ov052_02111bd0.c	PURE-C	ov052				0		None		extra-sections:init
src/__sinit_ov055_021118d4.c	PURE-C	ov055				0		None		extra-sections:init
src/__sinit_ov056_02112b48.c	PURE-C	ov056				0		None		extra-sections:init
src/__sinit_ov060_021195dc.c	WEAK-refs-only	ov060				0		None		extra-sections:init
src/__sinit_ov060_02119df0.c	PURE-C	ov060				0		None		extra-sections:init
src/__sinit_ov060_02119f94.c	PURE-C	ov060				0		None		extra-sections:init
src/__sinit_ov060_0211a000.c	PURE-C	ov060				0		None		extra-sections:init
src/__sinit_ov060_0211a388.c	PURE-C	ov060				0		None		extra-sections:init
src/__sinit_ov060_0211a428.c	WEAK-refs-only	ov060				0		None		extra-sections:init
src/__sinit_ov062_0211cf30.c	WEAK-refs-only	ov062				0		None		extra-sections:init
src/__sinit_ov062_0211d2d8.c	WEAK-refs-only	ov062				0		None		extra-sections:init
src/__sinit_ov062_0211d4a0.c	WEAK-refs-only	ov062				0		None		extra-sections:init
src/__sinit_ov062_0211d690.c	WEAK-refs-only	ov062				0		None		extra-sections:init
src/__sinit_ov062_0211d6fc.c	WEAK-refs-only	ov062				0		None		extra-sections:init
src/__sinit_ov064_0211ae00.c	WEAK-refs-only	ov064				0		None		extra-sections:init
src/__sinit_ov064_0211aee0.c	WEAK-refs-only	ov064				0		None		extra-sections:init
src/__sinit_ov064_0211afc0.c	PURE-C	ov064				0		None		extra-sections:init
src/__sinit_ov064_0211b078.c	PURE-C	ov064				0		None		extra-sections:init
src/__sinit_ov064_0211b0e4.c	PURE-C	ov064				0		None		extra-sections:init
src/__sinit_ov064_0211b150.c	PURE-C	ov064				0		None		extra-sections:init
src/__sinit_ov064_0211b1d4.c	PURE-C	ov064				0		None		extra-sections:init
src/__sinit_ov064_0211b4dc.c	PURE-C	ov064				0		None		extra-sections:init
src/__sinit_ov064_0211b518.c	PURE-C	ov064				0		None		extra-sections:init
src/__sinit_ov064_0211b59c.c	WEAK-refs-only	ov064				0		None		extra-sections:init
src/__sinit_ov064_0211b698.c	WEAK-refs-only	ov064				0		None		extra-sections:init
src/__sinit_ov065_0211c110.c	WEAK-refs-only	ov065				0		None		extra-sections:init
src/__sinit_ov065_0211c2a8.c	WEAK-refs-only	ov065				0		None		extra-sections:init
src/__sinit_ov065_0211c440.c	WEAK-refs-only	ov065				0		None		extra-sections:init
src/__sinit_ov065_0211c660.c	PURE-C	ov065				0		None		extra-sections:init
src/__sinit_ov065_0211c76c.c	PURE-C	ov065				0		None		extra-sections:init
src/__sinit_ov065_0211c7d8.c	PURE-C	ov065				0		None		extra-sections:init
src/__sinit_ov065_0211c890.c	PURE-C	ov065				0		None		extra-sections:init
src/__sinit_ov065_0211c8fc.c	PURE-C	ov065				0		None		extra-sections:init
src/__sinit_ov065_0211c9b8.c	PURE-C	ov065				0		None		extra-sections:init
src/__sinit_ov065_0211ca74.c	PURE-C	ov065				0		None		extra-sections:init
src/__sinit_ov066_0211a418.c	WEAK-refs-only	ov066				0		None		extra-sections:init
src/__sinit_ov070_02122afc.c	WEAK-refs-only	ov070				0		None		extra-sections:init
src/__sinit_ov070_02122f30.c	PURE-C	ov070				0		None		extra-sections:init
src/__sinit_ov070_02123030.c	PURE-C	ov070				0		None		extra-sections:init
src/__sinit_ov071_021226ac.c	WEAK-refs-only	ov071				0		None		extra-sections:init
src/__sinit_ov071_021228c8.c	WEAK-refs-only	ov071				0		None		extra-sections:init
src/__sinit_ov071_02122a1c.c	WEAK-refs-only	ov071				0		None		extra-sections:init
src/__sinit_ov071_02122a64.c	PURE-C	ov071				0		None		extra-sections:init
src/__sinit_ov072_02122018.c	WEAK-refs-only	ov072				0		None		extra-sections:init
src/__sinit_ov072_021221f8.c	PURE-C	ov072				0		None		extra-sections:init
src/__sinit_ov072_02122350.c	WEAK-refs-only	ov072				0		None		extra-sections:init
src/__sinit_ov072_02122414.c	WEAK-refs-only	ov072				0		None		extra-sections:init
src/__sinit_ov073_02122874.c	WEAK-refs-only	ov073				0		None		extra-sections:init
src/__sinit_ov073_02122d48.c	PURE-C	ov073				0		None		extra-sections:init
src/__sinit_ov074_02122978.c	WEAK-refs-only	ov074				0		None		extra-sections:init
src/__sinit_ov075_0211b5e0.c	WEAK-refs-only	ov075				0		None		extra-sections:init
src/__sinit_ov075_0211bb00.c	PURE-C	ov075				0		None		extra-sections:init
src/__sinit_ov075_0211c51c.c	PURE-C	ov075				0		None		extra-sections:init
src/__sinit_ov077_02127240.c	WEAK-refs-only	ov077				0		None		extra-sections:init
src/__sinit_ov077_0212749c.c	WEAK-refs-only	ov077				0		None		extra-sections:init
src/__sinit_ov077_021275fc.c	WEAK-refs-only	ov077				0		None		extra-sections:init
src/__sinit_ov078_02126660.c	WEAK-refs-only	ov078				0		None		extra-sections:init
src/__sinit_ov079_02127618.c	WEAK-refs-only	ov079				0		None		extra-sections:init
src/__sinit_ov079_021279d4.c	PURE-C	ov079				0		None		extra-sections:init
src/__sinit_ov079_02127a10.c	PURE-C	ov079				0		None		extra-sections:init
src/__sinit_ov079_02127acc.c	PURE-C	ov079				0		None		extra-sections:init
src/__sinit_ov080_021278c0.c	WEAK-refs-only	ov080				0		None		extra-sections:init
src/__sinit_ov080_02127a60.c	PURE-C	ov080				0		None		extra-sections:init
src/__sinit_ov080_02127b2c.c	PURE-C	ov080				0		None		extra-sections:init
src/__sinit_ov081_021280e8.c	WEAK-refs-only	ov081				0		None		extra-sections:init
src/__sinit_ov081_02128154.c	WEAK-refs-only	ov081				0		None		extra-sections:init
src/__sinit_ov081_021284b4.c	PURE-C	ov081				0		None		extra-sections:init
src/__sinit_ov081_021284f0.c	WEAK-refs-only	ov081				0		None		extra-sections:init
src/__sinit_ov081_021287b8.c	PURE-C	ov081				0		None		extra-sections:init
src/__sinit_ov084_0213035c.c	WEAK-refs-only	ov084				0		None		extra-sections:init
src/__sinit_ov084_02130558.c	WEAK-refs-only	ov084				0		None		extra-sections:init
src/__sinit_ov084_02130654.c	WEAK-refs-only	ov084				0		None		extra-sections:init
src/__sinit_ov085_0212f2a8.c	WEAK-refs-only	ov085				0		None		extra-sections:init
src/__sinit_ov085_0212f3a0.c	WEAK-refs-only	ov085				0		None		extra-sections:init
src/__sinit_ov085_0212f5ec.c	WEAK-refs-only	ov085				0		None		extra-sections:init
src/__sinit_ov085_0212f9bc.c	PURE-C	ov085				0		None		extra-sections:init
src/__sinit_ov085_0212fa40.c	WEAK-refs-only	ov085				0		None		extra-sections:init
src/__sinit_ov085_0212fdb0.c	PURE-C	ov085				0		None		extra-sections:init
src/__sinit_ov089_021328d4.c	WEAK-refs-only	ov089				0		None		extra-sections:init
src/__sinit_ov090_02133ce8.c	WEAK-refs-only	ov090				0		None		extra-sections:init
src/__sinit_ov090_02133ea8.c	WEAK-refs-only	ov090				0		None		extra-sections:init
src/__sinit_ov090_02133f4c.c	WEAK-refs-only	ov090				0		None		extra-sections:init
src/__sinit_ov090_02134020.c	WEAK-refs-only	ov090				0		None		extra-sections:init
src/__sinit_ov091_02134524.c	PURE-C	ov091				0		None		extra-sections:init
src/__sinit_ov091_021345dc.c	PURE-C	ov091				0		None		extra-sections:init
src/__sinit_ov091_021346e8.c	PURE-C	ov091				0		None		extra-sections:init
src/__sinit_ov091_02134930.c	PURE-C	ov091				0		None		extra-sections:init
src/__sinit_ov091_021349c4.c	PURE-C	ov091				0		None		extra-sections:init
src/__sinit_ov091_02134a30.c	WEAK-refs-only	ov091				0		None		extra-sections:init
src/__sinit_ov092_021320cc.c	PURE-C	ov092				0		None		extra-sections:init
src/__sinit_ov094_021367e8.c	WEAK-refs-only	ov094				0		None		extra-sections:init
src/__sinit_ov095_02136fe0.c	PURE-C	ov095				0		None		extra-sections:init
src/__sinit_ov095_0213722c.c	PURE-C	ov095				0		None		extra-sections:init
src/__sinit_ov096_0213770c.c	PURE-C	ov096				0		None		extra-sections:init
src/__sinit_ov096_02137894.c	WEAK-refs-only	ov096				0		None		extra-sections:init
src/__sinit_ov098_0213bf9c.c	PURE-C	ov098				0		None		extra-sections:init
src/__sinit_ov098_0213c058.c	PURE-C	ov098				0		None		extra-sections:init
src/__sinit_ov098_0213c214.c	PURE-C	ov098				0		None		extra-sections:init
src/__sinit_ov098_0213c2b4.c	PURE-C	ov098				0		None		extra-sections:init
src/__sinit_ov100_021473bc.c	WEAK-refs-only	ov100				0		None		extra-sections:init
src/__sinit_ov100_021474e8.c	PURE-C	ov100				0		None		extra-sections:init
src/__sinit_ov100_021475a4.c	WEAK-refs-only	ov100				0		None		extra-sections:init
src/__sinit_ov100_02147698.c	WEAK-refs-only	ov100				0		None		extra-sections:init
src/__sinit_ov100_02147a70.c	PURE-C	ov100				0		None		extra-sections:init
src/__sinit_ov100_02147bc0.c	WEAK-refs-only	ov100				0		None		extra-sections:init
src/__sinit_ov100_02147d7c.c	PURE-C	ov100				0		None		extra-sections:init
src/__sinit_ov102_0214d714.c	PURE-C	ov102				0		None		extra-sections:init
src/__sinit_ov102_0214d908.c	WEAK-refs-only	ov102				0		None		extra-sections:init
src/__sinit_ov102_0214de70.c	WEAK-refs-only	ov102				0		None		extra-sections:init
src/__sinit_ov102_0214dfac.c	PURE-C	ov102				0		None		extra-sections:init
src/_dmul.c	PURE-C					0		None		not-in-delinks
src/_ll_sdiv.c	PURE-C					0		None		not-in-delinks
src/_s32_div_f.c	PURE-C					0		None		not-in-delinks
src/_u32_div_f.c	PURE-C					0		None		not-in-delinks
src/actors/BigBooIcon/BigBooIcon_Spawn.c	WEAK-refs-only	ov063				1		None		-
src/actors/Boo/_ZN3Boo13InitResourcesEv.c	P1-vtable+mangled	ov063	daTrs_c	Boo/daTrs_c	vtable daTrs_c slot 0 @0x211b9bc | _ZN3Boo13InitResourcesEv	1		True		-
src/actors/Boo/_ZN3Boo16OnPendingDestroyEv.c	P1-vtable+mangled	ov063	daTrs_c	Boo/daTrs_c	vtable daTrs_c slot 12 @0x211af6c | _ZN3Boo16OnPendingDestroyEv	1		True		-
src/actors/BooCage/BooCage_Spawn.c	WEAK-refs-only	ov063				1		None		-
src/actors/Bookshelf/Bookshelf_Spawn.c	WEAK-refs-only	ov063				1		None		-
src/actors/FallBlockBbh/daObjTh_Fall_Block_c_classInit.c	S1-stores-rom-vptr	ov063			stores _ZTV12FallBlockBbh	1		None	_ZTV12FallBlockBbh/_ZTV16daObjFallBlock_c	-
src/actors/FallBlockBbh/_ZN12FallBlockBbhD0Ev.cpp	DTOR-ONLY	ov063	daObjTh_Fall_Block_c	FallBlockBbh/daObjTh_Fall_Block_c	_ZN12FallBlockBbhD0Ev	1		True	_ZTV10dBgActor_c/_ZTV12FallBlockBbh/_ZTV16daObjFallBlock_c	-
src/actors/MadPiano/_ZN8MadPianoD1Ev.cpp	DTOR-ONLY	ov063	daPiano_c	MadPiano/daPiano_c	_ZN8MadPianoD1Ev	1		True	_ZTV10dBgActor_c/_ZTV8MadPiano	-
src/actors/MadPiano/__sinit_ov063_0211e5fc.c	WEAK-refs-only	ov063				0		None		extra-sections:init
src/actors/MansionSteps/MansionSteps_Spawn.c	WEAK-refs-only	ov063				1		None		-
src/actors/MansionSteps/_ZN12MansionSteps16OnPendingDestroyEv.c	P1-vtable+mangled	ov063	daTrsTrap_c	MansionSteps/daTrsTrap_c	vtable daTrsTrap_c slot 12 @0x211ce30 | _ZN12MansionSteps16OnPendingDestroyEv	1		True		-
src/actors/MerryGoRound/MerryGoRound_Spawn.c	WEAK-refs-only	ov063				1		None		-
src/actors/TrapDoor/TrapDoor_Spawn.c	WEAK-refs-only	ov063				1		None		-
src/dScMgJump2_c_Spawn.c	P2-vtable-only	ov006	dScMgJump_c	dScMgJump_c	vtable dScMgJump_c slot 38 @0x20efaf0	1		True	_ZTV12dScMgJump2_c/_ZTV14dScMgD3DBase_c	-
src/daObjAbuku_c_Spawn.c	S1-stores-rom-vptr	ov002			stores _ZTV12daObjAbuku_c	1		None	_ZTV12daObjAbuku_c	-
src/daObjEmmLog_c_Spawn.c	S1-stores-rom-vptr	ov052			stores _ZTV13daObjEmmLog_c	1		None	_ZTV13daObjEmmLog_c	-
src/daSCoin_c_Spawn.c	S1-stores-rom-vptr	ov002			stores _ZTV9daSCoin_c	1		None	_ZTV9daSCoin_c	-
src/engine/fader/_ZN10FaderColorD0Ev.c	DTOR-ONLY	arm9	dFdColor_c	FaderColor/dFdColor_c	_ZN10FaderColorD0Ev	1		True		-
src/engine/fader/_ZN10FaderColorD1Ev.c	DTOR-ONLY	arm9	dFdColor_c	FaderColor/dFdColor_c	_ZN10FaderColorD1Ev	1		True		-
src/engine/fader/_ZN15FaderBrightnessD0Ev.c	DTOR-ONLY	arm9	dFdBrightness_c	FaderBrightness/dFdBrightness_c	_ZN15FaderBrightnessD0Ev	1		True		-
src/engine/fader/_ZN15FaderBrightnessD1Ev.c	DTOR-ONLY	arm9	dFdBrightness_c	FaderBrightness/dFdBrightness_c	_ZN15FaderBrightnessD1Ev	1		True		-
src/engine/fader/_ZN5FaderD0Ev.c	DTOR-ONLY	arm9	dFader_c	Fader/dFader_c	_ZN5FaderD0Ev	1		True		-
src/engine/fader/_ZN5FaderD1Ev.c	DTOR-ONLY	arm9	dFader_c	Fader/dFader_c	_ZN5FaderD1Ev	1		True		-
src/engine/fader/_ZN9FaderWipeC1Ev.c	P3-mangled-method-only	arm9		FaderWipe	_ZN9FaderWipeC1Ev	1		True	_ZTV9FaderWipe	-
src/engine/fader/_ZN9FaderWipeD0Ev.c	DTOR-ONLY	arm9	dFdWipe_c	FaderWipe/dFdWipe_c	_ZN9FaderWipeD0Ev	1		True	_ZTV9FaderWipe	-
src/engine/fader/_ZN9FaderWipeD1Ev.c	DTOR-ONLY	arm9	dFdWipe_c	FaderWipe/dFdWipe_c	_ZN9FaderWipeD1Ev	1		True	_ZTV9FaderWipe	-
src/engine/message/func_0201cb2c.c	PURE-C	arm9				1		None		-
src/engine/message/func_0201fe08.c	PURE-C	arm9				1		None		-
src/func_01ff859c.c	PURE-C					0		None		not-in-delinks
src/func_01ff97d8.c	PURE-C					0		None		not-in-delinks
src/func_01ffa344.c	PURE-C					0		None		not-in-delinks
src/func_01ffa4bc.c	PURE-C					0		None		not-in-delinks
src/func_01ffafd4.c	PURE-C					0		None		not-in-delinks
src/func_01ffb008.c	PURE-C					0		None		not-in-delinks
src/func_01ffb030.c	PURE-C					0		None		not-in-delinks
src/func_01ffd9d4.c	PURE-C					0		None		not-in-delinks
src/func_01ffdb28.c	PURE-C					0		None		not-in-delinks
src/func_01ffdd08.c	WEAK-refs-only					0		None		not-in-delinks
src/func_01ffdd98.c	PURE-C					0		None		not-in-delinks
src/func_01ffde98.c	PURE-C					0		None		not-in-delinks
src/func_020048d8.c	PURE-C	arm9				1		None		-
src/func_0200497c.c	PURE-C					0		None		NONMATCHING-draft;not-in-delinks
src/func_02005000.c	PURE-C	arm9				1		None		-
src/func_02005060.c	PURE-C	arm9				1		None		-
src/func_02005098.c	PURE-C	arm9				1		None		-
src/func_020050dc.c	PURE-C	arm9				1		None		-
src/func_02005110.c	WEAK-refs-only	arm9				1		None		-
src/func_02005324.c	WEAK-refs-only	arm9				1		None		-
src/func_02005348.c	WEAK-refs-only	arm9				1		None		-
src/func_02005e28.c	WEAK-refs-only	arm9				1		None		-
src/func_02005ed8.c	PURE-C	arm9				1		None		-
src/func_020070e8.c	PURE-C	arm9				1		None		-
src/func_020071a8.c	PURE-C	arm9				1		None		-
src/func_020071e0.c	WEAK-refs-only	arm9				1		None		-
src/func_020072c4.c	WEAK-refs-only	arm9				1		None		-
src/func_020073a0.c	WEAK-refs-only	arm9				1		None		-
src/func_02007414.c	PURE-C	arm9				1		None		-
src/func_02007450.c	PURE-C	arm9				1		None		-
src/func_02007484.c	WEAK-refs-only	arm9				1		None		-
src/func_020074e8.c	WEAK-refs-only	arm9				1		None		-
src/func_0200751c.c	PURE-C	arm9				1		None		-
src/func_02007548.c	PURE-C	arm9				1		None		-
src/func_020075b4.c	PURE-C	arm9				1		None		-
src/func_0200762c.c	PURE-C	arm9				1		None		-
src/func_02007698.c	PURE-C	arm9				1		None		-
src/func_02007758.c	PURE-C	arm9				1		None		-
src/func_020077f0.c	PURE-C	arm9				1		None		-
src/func_02007870.c	PURE-C	arm9				1		None		-
src/func_020078c4.c	PURE-C	arm9				1		None		-
src/func_02007910.c	PURE-C	arm9				1		None		-
src/func_020079ac.c	PURE-C	arm9				1		None		-
src/func_02007a8c.c	PURE-C	arm9				1		None		-
src/func_02007b0c.c	PURE-C	arm9				1		None		-
src/func_02007b98.c	PURE-C	arm9				1		None		-
src/func_02007c14.c	PURE-C	arm9				1		None		-
src/func_02007c9c.c	PURE-C	arm9				1		None		-
src/func_02007cec.c	PURE-C	arm9				1		None		-
src/func_02007d0c.c	PURE-C	arm9				1		None		-
src/func_02007d58.c	PURE-C	arm9				1		None		-
src/func_02007e5c.c	PURE-C	arm9				1		None		-
src/func_02007f14.c	PURE-C	arm9				1		None		-
src/func_02007fcc.c	WEAK-refs-only	arm9				1		None		-
src/func_02008008.c	PURE-C	arm9				1		None		-
src/func_02008028.c	PURE-C	arm9				1		None		-
src/func_02008080.c	PURE-C	arm9				1		None		-
src/func_020080b0.c	PURE-C	arm9				1		None		-
src/func_020080f0.c	PURE-C	arm9				1		None		-
src/func_0200814c.c	PURE-C	arm9				1		None		-
src/func_02008200.c	PURE-C	arm9				1		None		-
src/func_020082a0.c	PURE-C	arm9				1		None		-
src/func_020082f8.c	WEAK-refs-only	arm9				1		None		-
src/func_0200840c.c	WEAK-refs-only	arm9				1		None		-
src/func_02008450.c	PURE-C	arm9				1		None		-
src/func_02008474.c	PURE-C	arm9				1		None		-
src/func_020084b0.c	PURE-C	arm9				1		None		-
src/func_02008500.c	PURE-C	arm9				1		None		-
src/func_0200897c.c	PURE-C	arm9				1		None		-
src/func_020089d8.c	PURE-C	arm9				1		None		-
src/func_020089f8.c	PURE-C	arm9				1		None		-
src/func_02008a70.c	PURE-C	arm9				1		None		-
src/func_02008abc.c	PURE-C	arm9				1		None		-
src/func_02008b08.c	WEAK-refs-only	arm9				1		None		-
src/func_02008b4c.c	PURE-C	arm9				1		None		-
src/func_02008cb4.c	WEAK-refs-only	arm9				1		None		-
src/func_02009138.c	PURE-C	arm9				1		None		-
src/func_020091f8.c	PURE-C	arm9				1		None		-
src/func_0200928c.c	PURE-C	arm9				1		None		-
src/func_020092c4.c	WEAK-refs-only	arm9				1		None		-
src/func_02009374.c	PURE-C	arm9				1		None		-
src/func_020093d4.c	PURE-C	arm9				1		None		-
src/func_020093f4.c	PURE-C	arm9				1		None		-
src/func_02009414.c	PURE-C	arm9				1		None		-
src/func_020094a8.c	PURE-C	arm9				1		None		-
src/func_020094c0.c	PURE-C	arm9				1		None		-
src/func_020094e4.c	PURE-C	arm9				1		None		-
src/func_02009540.c	WEAK-refs-only	arm9				1		None		-
src/func_020095c4.c	PURE-C	arm9				1		None		-
src/func_020095e4.c	PURE-C	arm9				1		None		-
src/func_020097ec.c	PURE-C	arm9				1		None		-
src/func_0200985c.c	PURE-C	arm9				1		None		-
src/func_0200987c.c	PURE-C	arm9				1		None		-
src/func_020098b8.c	PURE-C	arm9				1		None		-
src/func_020098e0.c	PURE-C	arm9				1		None		-
src/func_02009a8c.c	WEAK-refs-only	arm9				1		None		-
src/func_02009aa8.c	PURE-C	arm9				1		None		-
src/func_02009d30.c	PURE-C	arm9				1		None		-
src/func_02009d70.c	PURE-C	arm9				1		None		-
src/func_02009d90.c	PURE-C	arm9				1		None		-
src/func_02009db0.c	PURE-C	arm9				1		None		-
src/func_02009dd0.c	PURE-C	arm9				1		None		-
src/func_02009df0.c	PURE-C	arm9				1		None		-
src/func_02009e10.c	PURE-C	arm9				1		None		-
src/func_02009e30.c	PURE-C	arm9				1		None		-
src/func_02009e50.c	PURE-C	arm9				1		None		-
src/func_0200af0c.c	PURE-C	arm9				1		None		-
src/func_0200af20.c	WEAK-refs-only	arm9				1		None		-
src/func_0200b0fc.c	WEAK-refs-only	arm9				1		None		-
src/func_0200b590.c	WEAK-refs-only	arm9				1		None		-
src/func_0200b798.c	WEAK-refs-only	arm9				1		None		-
src/func_0200b990.c	WEAK-refs-only	arm9				1		None		-
src/func_0200bb28.c	WEAK-refs-only	arm9				1		None		-
src/func_0200bec4.c	WEAK-refs-only	arm9				1		None		-
src/func_0200c394.c	WEAK-refs-only	arm9				1		None		-
src/func_0200c66c.c	WEAK-refs-only	arm9				1		None		-
src/func_0200c9e0.c	PURE-C	arm9				1		None		-
src/func_0200ca14.c	PURE-C	arm9				1		None		-
src/func_0200cb58.c	PURE-C	arm9				1		None		-
src/func_0200cbe0.c	PURE-C	arm9				1		None		-
src/func_0200cce4.c	WEAK-refs-only	arm9				1		None		-
src/func_0200cf40.c	PURE-C	arm9				1		None		-
src/func_0200d064.c	PURE-C	arm9				1		None		-
src/func_0200d0ac.c	PURE-C	arm9				1		None		-
src/func_0200d10c.c	WEAK-refs-only	arm9				1		None		-
src/func_0200d148.c	WEAK-refs-only	arm9				1		None		-
src/func_0200d1e4.c	PURE-C	arm9				1		None		-
src/func_0200d3f8.c	WEAK-refs-only	arm9				1		None		-
src/func_0200d438.c	WEAK-refs-only	arm9				1		None		-
src/func_0200d474.c	WEAK-refs-only	arm9				1		None		-
src/func_0200d4b0.c	PURE-C	arm9				1		None		-
src/func_0200d508.c	WEAK-refs-only	arm9				1		None		-
src/func_0200d544.c	WEAK-refs-only	arm9				1		None		-
src/func_0200d580.c	WEAK-refs-only	arm9				1		None		-
src/func_0200d5c0.c	WEAK-refs-only	arm9				1		None		-
src/func_0200d5fc.c	WEAK-refs-only	arm9				1		None		-
src/func_0200d63c.c	WEAK-refs-only	arm9				1		None		-
src/func_0200d678.c	WEAK-refs-only	arm9				1		None		-
src/func_0200d6b4.c	WEAK-refs-only	arm9				1		None		-
src/func_0200d6f0.c	WEAK-refs-only	arm9				1		None		-
src/func_0200d72c.c	WEAK-refs-only	arm9				1		None		-
src/func_0200d768.c	WEAK-refs-only	arm9				1		None		-
src/func_0200d7a4.c	WEAK-refs-only	arm9				1		None		-
src/func_0200d7e0.c	WEAK-refs-only	arm9				1		None		-
src/func_0200d81c.c	WEAK-refs-only	arm9				1		None		-
src/func_0200d858.c	PURE-C	arm9				1		None		-
src/func_0200d89c.c	PURE-C	arm9				1		None		-
src/func_0200d8ac.c	PURE-C	arm9				1		None		-
src/func_0200d8c8.c	WEAK-refs-only	arm9				1		None		-
src/func_0200d954.c	WEAK-refs-only	arm9				1		None		-
src/func_0200e494.c	PURE-C	arm9				1		None		-
src/func_0200e4e4.c	WEAK-refs-only	arm9				1		None		-
src/func_0200e55c.c	WEAK-refs-only	arm9				1		None		-
src/func_0200e5ac.c	PURE-C	arm9				1		None		-
src/func_0200e5fc.c	WEAK-refs-only	arm9				1		None		-
src/func_0200e6d8.c	WEAK-refs-only	arm9				1		None		-
src/func_0200e728.c	PURE-C	arm9				1		None		-
src/func_0200ee68.c	PURE-C	arm9				1		None		-
src/func_0200ee8c.c	PURE-C	arm9				1		None		-
src/func_0200eec8.c	PURE-C	arm9				1		None		-
src/func_0200f0bc.c	PURE-C	arm9				1		None		-
src/func_0200f220.c	WEAK-refs-only	arm9				1		None		-
src/func_0200f2cc.c	WEAK-refs-only	arm9				1		None		-
src/func_0200f468.c	PURE-C	arm9				1		None		-
src/func_0200f46c.c	PURE-C	arm9				1		None		-
src/func_0200f4b4.c	PURE-C	arm9				1		None		-
src/func_0200f4f4.c	WEAK-refs-only	arm9				1		None		-
src/func_0200f760.c	WEAK-refs-only	arm9				1		None		-
src/func_0200f7f0.c	WEAK-refs-only	arm9				1		None		-
src/func_0200fa04.c	WEAK-refs-only	arm9				1		None		-
src/func_0200fa8c.c	PURE-C	arm9				1		None		-
src/func_0200fc44.c	WEAK-refs-only	arm9				1		None		-
src/func_0200fccc.c	PURE-C	arm9				1		None		-
src/func_020105cc.c	WEAK-refs-only	arm9				1		None		-
src/func_02010844.c	WEAK-refs-only	arm9				1		None		-
src/func_02010da4.c	PURE-C	arm9				1		None		-
src/func_02010e78.c	PURE-C	arm9				1		None		-
src/func_02011654.c	PURE-C	arm9				1		None		-
src/func_02011698.c	PURE-C	arm9				1		None		-
src/func_020116c4.c	PURE-C	arm9				1		None		-
src/func_0201179c.c	PURE-C	arm9				1		None		-
src/func_0201186c.c	PURE-C	arm9				1		None		-
src/func_02011934.c	PURE-C	arm9				1		None		-
src/func_02011974.c	PURE-C	arm9				1		None		-
src/func_020119c8.c	PURE-C	arm9				1		None		-
src/func_02011a28.c	PURE-C	arm9				1		None		-
src/func_02011a5c.c	PURE-C	arm9				1		None		-
src/func_02011aa0.c	PURE-C	arm9				1		None		-
src/func_02011ac4.c	PURE-C	arm9				1		None		-
src/func_02011af8.c	PURE-C	arm9				1		None		-
src/func_02011b38.c	PURE-C	arm9				1		None		-
src/func_02011b7c.c	PURE-C	arm9				1		None		-
src/func_02011c24.c	PURE-C	arm9				1		None		-
src/func_02011c54.c	PURE-C	arm9				1		None		-
src/func_02011c8c.c	WEAK-refs-only	arm9				1		None		-
src/func_02011cfc.c	WEAK-refs-only	arm9				1		None		-
src/func_02011d08.c	WEAK-refs-only	arm9				1		None		-
src/func_02011d14.c	PURE-C	arm9				1		None		-
src/func_02011d20.c	WEAK-refs-only	arm9				1		None		-
src/func_02011d2c.c	PURE-C	arm9				1		None		-
src/func_02011d38.c	PURE-C	arm9				1		None		-
src/func_02011d44.c	PURE-C	arm9				1		None		-
src/func_02011d50.c	PURE-C	arm9				1		None		-
src/func_02011d5c.c	PURE-C	arm9				1		None		-
src/func_02011db4.c	PURE-C	arm9				1		None		-
src/func_02011dc0.c	PURE-C	arm9				1		None		-
src/func_02011dcc.c	PURE-C	arm9				1		None		-
src/func_02011e94.c	PURE-C	arm9				1		None		-
src/func_02011ee4.c	PURE-C	arm9				1		None		-
src/func_02011f7c.c	PURE-C	arm9				1		None		-
src/func_02012120.c	WEAK-refs-only	arm9				1		None		-
src/func_02012174.c	WEAK-refs-only	arm9				1		None		-
src/func_02012194.c	PURE-C	arm9				1		None		-
src/func_0201226c.c	PURE-C	arm9				1		None		-
src/func_02012310.c	PURE-C	arm9				1		None		-
src/func_020123c8.c	PURE-C	arm9				1		None		-
src/func_02012468.c	PURE-C	arm9				1		None		-
src/func_0201251c.c	PURE-C	arm9				1		None		-
src/func_020126ac.c	PURE-C	arm9				1		None		-
src/func_020126e8.c	PURE-C	arm9				1		None		-
src/func_02012718.c	PURE-C	arm9				1		None		-
src/func_0201277c.c	WEAK-refs-only	arm9				1		None		-
src/func_02012790.c	WEAK-refs-only	arm9				1		None		-
src/func_020127a4.c	PURE-C	arm9				1		None		-
src/func_020127ec.c	PURE-C	arm9				1		None		-
src/func_02012860.c	PURE-C	arm9				1		None		-
src/func_02012d64.c	WEAK-refs-only	arm9				1		None		-
src/func_02012dbc.c	PURE-C	arm9				1		None		-
src/func_02012dd0.c	PURE-C	arm9				1		None		-
src/func_02012e1c.c	PURE-C	arm9				1		None		-
src/func_02012e78.c	PURE-C	arm9				1		None		-
src/func_02013078.c	PURE-C	arm9				1		None		-
src/func_020133bc.c	WEAK-refs-only	arm9				1		None		-
src/func_020134c8.c	PURE-C	arm9				1		None		-
src/func_020134d8.c	PURE-C	arm9				1		None		-
src/func_02013524.c	PURE-C	arm9				1		None		-
src/func_02013568.c	PURE-C	arm9				1		None		-
src/func_02013580.c	PURE-C	arm9				1		None		-
src/func_02013598.c	PURE-C	arm9				1		None		-
src/func_020135d0.c	PURE-C	arm9				1		None		-
src/func_0201361c.c	PURE-C	arm9				1		None		-
src/func_02013638.c	PURE-C	arm9				1		None		-
src/func_02013868.c	PURE-C	arm9				1		None		-
src/func_02013890.c	PURE-C	arm9				1		None		-
src/func_020138dc.c	PURE-C	arm9				1		None		-
src/func_02013944.c	WEAK-refs-only	arm9				1		None		-
src/func_020139b8.c	WEAK-refs-only	arm9				1		None		-
src/func_02013a00.c	WEAK-refs-only	arm9				1		None		-
src/func_02013a44.c	WEAK-refs-only	arm9				1		None		-
src/func_02013a88.c	WEAK-refs-only	arm9				1		None		-
src/func_02013c84.c	WEAK-refs-only	arm9				1		None		-
src/func_02013e64.c	PURE-C	arm9				1		None		-
src/func_02013edc.c	PURE-C	arm9				1		None		-
src/func_02013f28.c	PURE-C	arm9				1		None		-
src/func_02013f4c.c	WEAK-refs-only	arm9				1		None		-
src/func_0201473c.c	PURE-C	arm9				1		None		-
src/func_020147bc.c	PURE-C	arm9				1		None		-
src/func_02014a20.c	P2-vtable-only	arm9	dCcAcPos_c	dCcAcPos_c	vtable dCcAcPos_c slot 3 @0x2014a20	1		False		no-header:dCcAcPos_c
src/func_02014f44.c	PURE-C	arm9				1		None		-
src/func_02014f5c.c	WEAK-refs-only	arm9				1		None		-
src/func_02014fa4.c	PURE-C	arm9				1		None		-
src/func_0201628c.c	PURE-C	arm9				1		None		-
src/func_020162a4.c	PURE-C	arm9				1		None		-
src/func_020165c4.c	WEAK-refs-only	arm9				1		None		-
src/func_020167a4.c	WEAK-refs-only	arm9				1		None		-
src/func_020169d8.c	PURE-C	arm9				1		None		-
src/func_020169f4.c	PURE-C	arm9				1		None		-
src/func_02016a04.c	PURE-C	arm9				1		None		-
src/func_02016a14.c	PURE-C	arm9				1		None		-
src/func_02016aac.c	PURE-C	arm9				1		None		-
src/func_02016acc.c	PURE-C	arm9				1		None		-
src/func_02016b24.c	PURE-C	arm9				1		None		-
src/func_02016e70.c	WEAK-refs-only	arm9				1		None		-
src/func_02017060.c	WEAK-refs-only	arm9				1		None		-
src/func_02017278.c	PURE-C	arm9				1		None		-
src/func_0201787c.c	WEAK-refs-only	arm9				1		None		-
src/func_020178b4.c	PURE-C	arm9				1		None		-
src/func_020178cc.c	PURE-C	arm9				1		None		-
src/func_020179b4.c	WEAK-refs-only	arm9				1		None		-
src/func_02017a0c.c	PURE-C	arm9				1		None		-
src/func_02017a24.c	PURE-C	arm9				1		None		-
src/func_02017a9c.c	PURE-C	arm9				1		None		-
src/func_02017ab4.c	PURE-C	arm9				1		None		-
src/func_02017acc.c	PURE-C	arm9				1		None		-
src/func_02017ae4.c	PURE-C	arm9				1		None		-
src/func_02017b4c.c	PURE-C	arm9				1		None		-
src/func_02017c24.c	WEAK-refs-only	arm9				1		None		-
src/func_02017e0c.c	PURE-C	arm9				1		None		-
src/func_02017e34.c	PURE-C	arm9				1		None		-
src/func_02017e48.c	PURE-C	arm9				1		None		-
src/func_02017e60.c	PURE-C	arm9				1		None		-
src/func_02017e94.c	PURE-C	arm9				1		None		-
src/func_02017fd0.c	WEAK-refs-only	arm9				1		None		-
src/func_0201817c.c	PURE-C	arm9				1		None		-
src/func_0201818c.c	WEAK-refs-only	arm9				1		None		-
src/func_02018270.c	PURE-C	arm9				1		None		-
src/func_020182bc.c	PURE-C	arm9				1		None		-
src/func_020182ec.c	PURE-C	arm9				1		None		-
src/func_0201834c.c	WEAK-refs-only	arm9				1		None		-
src/func_02018434.c	PURE-C	arm9				1		None		-
src/func_02018474.c	PURE-C	arm9				1		None		-
src/func_020184e0.c	WEAK-refs-only	arm9				1		None		-
src/func_02018568.c	PURE-C	arm9				1		None		-
src/func_02018598.c	PURE-C	arm9				1		None		-
src/func_020185c0.c	PURE-C	arm9				1		None		-
src/func_020186c0.c	PURE-C	arm9				1		None		-
src/func_02018770.c	PURE-C	arm9				1		None		-
src/func_02018908.c	WEAK-refs-only	arm9				1		None		-
src/func_02018934.c	WEAK-refs-only	arm9				1		None		-
src/func_020189f0.c	PURE-C	arm9				1		None		-
src/func_02018a24.c	PURE-C	arm9				1		None		-
src/func_02018a40.c	PURE-C	arm9				1		None		-
src/func_02018aa4.c	PURE-C	arm9				1		None		-
src/func_02018ac4.c	PURE-C	arm9				1		None		-
src/func_02018b64.c	PURE-C	arm9				1		None		-
src/func_02018c00.c	PURE-C	arm9				1		None		-
src/func_02018cbc.c	PURE-C	arm9				1		None		-
src/func_02018d48.c	PURE-C	arm9				1		None		-
src/func_02018d98.c	PURE-C	arm9				1		None		-
src/func_02018dc4.c	PURE-C	arm9				1		None		-
src/func_02018e00.c	PURE-C	arm9				1		None		-
src/func_02018e3c.c	PURE-C	arm9				1		None		-
src/func_02018e68.c	PURE-C	arm9				1		None		-
src/func_02018ec0.c	PURE-C	arm9				1		None		-
src/func_02018efc.c	PURE-C	arm9				1		None		-
src/func_02019018.c	PURE-C	arm9				1		None		-
src/func_02019028.c	PURE-C	arm9				1		None		-
src/func_020190b8.c	PURE-C	arm9				1		None		-
src/func_02019100.c	PURE-C	arm9				1		None		-
src/func_02019144.c	WEAK-refs-only	arm9				1		None		-
src/func_02019390.c	WEAK-refs-only	arm9				1		None		-
src/func_02019404.c	PURE-C	arm9				1		None		-
src/func_02019440.c	PURE-C	arm9				1		None		-
src/func_0201964c.c	WEAK-refs-only	arm9				1		None		-
src/func_020196cc.c	PURE-C	arm9				1		None		-
src/func_0201973c.c	PURE-C	arm9				1		None		-
src/func_02019780.c	WEAK-refs-only	arm9				1		None		-
src/func_020197b8.c	WEAK-refs-only	arm9				1		None		-
src/func_020199a4.c	PURE-C	arm9				1		None		-
src/func_02019a58.c	PURE-C	arm9				1		None		-
src/func_02019ac4.c	PURE-C	arm9				1		None		-
src/func_02019dfc.c	PURE-C	arm9				1		None		-
src/func_02019e60.c	PURE-C	arm9				1		None		-
src/func_02019ebc.c	PURE-C	arm9				1		None		-
src/func_02019ed0.c	PURE-C	arm9				1		None		-
src/func_02019f10.c	PURE-C	arm9				1		None		-
src/func_02019f64.c	PURE-C	arm9				1		None		-
src/func_02019ff4.c	PURE-C	arm9				1		None		-
src/func_0201a028.c	WEAK-refs-only	arm9				1		None		-
src/func_0201a03c.c	PURE-C	arm9				1		None		-
src/func_0201a054.c	WEAK-refs-only	arm9				1		None		-
src/func_0201a1bc.c	WEAK-refs-only	arm9				1		None		-
src/func_0201a244.c	WEAK-refs-only	arm9				1		None		-
src/func_0201a2f8.c	WEAK-refs-only	arm9				1		None		-
src/func_0201a3e4.c	WEAK-refs-only	arm9				1		None		-
src/func_0201a428.c	WEAK-refs-only	arm9				1		None		-
src/func_0201a458.c	WEAK-refs-only	arm9				1		None		-
src/func_0201a490.c	PURE-C	arm9				1		None		-
src/func_0201a4bc.c	PURE-C	arm9				1		None		-
src/func_0201a4d0.c	PURE-C	arm9				1		None		-
src/func_0201a4e4.c	WEAK-refs-only	arm9				1		None		-
src/func_0201a5cc.c	PURE-C	arm9				1		None		-
src/func_0201a5f8.c	PURE-C	arm9				1		None		-
src/func_0201a614.c	PURE-C	arm9				1		None		-
src/func_0201a694.c	PURE-C	arm9				1		None		-
src/func_0201a754.c	PURE-C	arm9				1		None		-
src/func_0201a798.c	PURE-C	arm9				1		None		-
src/func_0201a8b4.c	PURE-C	arm9				1		None		-
src/func_0201a96c.c	WEAK-refs-only	arm9				1		None		-
src/func_0201a9ec.c	PURE-C	arm9				1		None		-
src/func_0201a9fc.c	PURE-C	arm9				1		None		-
src/func_0201aa18.c	PURE-C	arm9				1		None		-
src/func_0201aa50.c	PURE-C	arm9				1		None		-
src/func_0201aaa4.c	PURE-C	arm9				1		None		-
src/func_0201aab0.c	PURE-C	arm9				1		None		-
src/func_0201aac8.c	PURE-C	arm9				1		None		-
src/func_0201aad4.c	PURE-C	arm9				1		None		-
src/func_0201aaec.c	PURE-C	arm9				1		None		-
src/func_0201ab6c.c	WEAK-refs-only	arm9				1		None		-
src/func_0201aca4.c	WEAK-refs-only	arm9				1		None		-
src/func_0201adac.c	WEAK-refs-only	arm9				1		None		-
src/func_0201adfc.c	WEAK-refs-only	arm9				1		None		-
src/func_0201b100.c	WEAK-refs-only	arm9				1		None		-
src/func_0201b388.c	WEAK-refs-only	arm9				1		None		-
src/func_0201b6f8.c	PURE-C	arm9				1		None		-
src/func_0201b7cc.c	WEAK-refs-only	arm9				1		None		-
src/func_0201cebc.c	WEAK-refs-only	arm9				1		None		-
src/func_0201cfb8.c	PURE-C	arm9				1		None		-
src/func_0201d418.c	WEAK-refs-only	arm9				1		None		-
src/func_0201d850.c	WEAK-refs-only	arm9				1		None		-
src/func_0201eaac.c	PURE-C	arm9				1		None		-
src/func_0201ef38.c	PURE-C	arm9				1		None		-
src/func_0201ef50.c	WEAK-refs-only	arm9				1		None		-
src/func_0201f108.c	WEAK-refs-only	arm9				1		None		-
src/func_0201f32c.c	WEAK-refs-only	arm9				1		None		-
src/func_0201fb4c.c	PURE-C	arm9				1		None		-
src/func_0201fc88.c	PURE-C	arm9				1		None		-
src/func_0201fec8.c	PURE-C	arm9				1		None		-
src/func_0201ffcc.c	PURE-C	arm9				1		None		-
src/func_02020028.c	PURE-C	arm9				1		None		-
src/func_02020078.c	PURE-C	arm9				1		None		-
src/func_020200b8.c	PURE-C	arm9				1		None		-
src/func_020200e0.c	PURE-C	arm9				1		None		-
src/func_02020124.c	PURE-C	arm9				1		None		-
src/func_02020168.c	PURE-C	arm9				1		None		-
src/func_02020190.c	PURE-C	arm9				1		None		-
src/func_020201c0.c	PURE-C	arm9				1		None		-
src/func_020201f0.c	PURE-C	arm9				1		None		-
src/func_02020214.c	PURE-C	arm9				1		None		-
src/func_02020254.c	PURE-C	arm9				1		None		-
src/func_0202027c.c	PURE-C	arm9				1		None		-
src/func_0202029c.c	PURE-C	arm9				1		None		-
src/func_020202dc.c	PURE-C	arm9				1		None		-
src/func_02020304.c	PURE-C	arm9				1		None		-
src/func_02020334.c	PURE-C	arm9				1		None		-
src/func_02020364.c	PURE-C	arm9				1		None		-
src/func_02020388.c	PURE-C	arm9				1		None		-
src/func_0202043c.c	PURE-C	arm9				1		None		-
src/func_0202044c.c	PURE-C	arm9				1		None		-
src/func_02020768.c	PURE-C	arm9				1		None		-
src/func_02020820.c	PURE-C	arm9				1		None		-
src/func_02021a04.c	PURE-C	arm9				1		None		-
src/func_02021a48.c	PURE-C	arm9				1		None		-
src/func_02021a74.c	PURE-C	arm9				1		None		-
src/func_02021b98.c	PURE-C	arm9				1		None		-
src/func_02021bec.c	PURE-C	arm9				1		None		-
src/func_02021c90.c	PURE-C	arm9				1		None		-
src/func_02021cd4.c	PURE-C	arm9				1		None		-
src/func_02022260.c	PURE-C	arm9				1		None		-
src/func_020226fc.c	WEAK-refs-only	arm9				1		None		-
src/func_02022774.c	WEAK-refs-only	arm9				1		None		-
src/func_020227ec.c	WEAK-refs-only	arm9				1		None		-
src/func_02022864.c	WEAK-refs-only	arm9				1		None		-
src/func_020228dc.c	WEAK-refs-only	arm9				1		None		-
src/func_0202293c.c	WEAK-refs-only	arm9				1		None		-
src/func_020229f0.c	WEAK-refs-only	arm9				1		None		-
src/func_02022a4c.c	WEAK-refs-only	arm9				1		None		-
src/func_02022b04.c	WEAK-refs-only	arm9				1		None		-
src/func_02022c3c.c	WEAK-refs-only	arm9				1		None		-
src/func_02022c80.c	WEAK-refs-only	arm9				1		None		-
src/func_02022cbc.c	WEAK-refs-only	arm9				1		None		-
src/func_02022d00.c	WEAK-refs-only	arm9				1		None		-
src/func_02022d44.c	WEAK-refs-only	arm9				1		None		-
src/func_02023178.c	PURE-C	arm9				1		None		-
src/func_020233d4.c	PURE-C	arm9				1		None		-
src/func_020233f0.c	PURE-C	arm9				1		None		-
src/func_020233f4.c	PURE-C	arm9				1		None		-
src/func_02023408.c	PURE-C	arm9				1		None		-
src/func_0202345c.c	PURE-C	arm9				1		None		-
src/func_02023498.c	PURE-C	arm9				1		None		-
src/func_02023544.c	PURE-C	arm9				1		None		-
src/dScBoot_c_classInit.c	S1-stores-rom-vptr	arm9			stores _ZTV8dScene_c	1		None	_ZTV8dScene_c	-
src/func_02029408.c	PURE-C	arm9				1		None		-
src/func_02029600.c	PURE-C	arm9				1		None		-
src/func_0202a850.c	PURE-C	arm9				1		None		-
src/func_0202a8e0.c	PURE-C	arm9				1		None		-
src/func_0202a958.c	PURE-C	arm9				1		None		-
src/func_0202a96c.c	PURE-C	arm9				1		None		-
src/func_0202a980.c	PURE-C	arm9				1		None		-
src/func_0202ae74.c	PURE-C	arm9				1		None		-
src/func_0202af80.c	PURE-C	arm9				1		None		-
src/func_0202b044.c	PURE-C	arm9				1		None		-
src/func_0202b060.c	PURE-C	arm9				1		None		-
src/func_0202b090.c	PURE-C	arm9				1		None		-
src/func_0202b0c4.c	PURE-C	arm9				1		None		-
src/func_0202b0e0.c	PURE-C	arm9				1		None		-
src/func_0202deac.c	WEAK-refs-only	arm9				1		None		-
src/func_0202e118.c	PURE-C	arm9				1		None		-
src/func_0202ed14.c	PURE-C	arm9				1		None		-
src/func_0202ed48.c	PURE-C	arm9				1		None		-
src/func_0202ee94.c	WEAK-refs-only	arm9				1		None		-
src/func_0202efa0.c	WEAK-refs-only	arm9				1		None		-
src/func_0202f290.c	PURE-C	arm9				1		None		-
src/func_0202f2c4.c	PURE-C	arm9				1		None		-
src/func_0202f3a4.c	PURE-C	arm9				1		None		-
src/func_0202f58c.c	PURE-C	arm9				1		None		-
src/func_0202fb30.c	WEAK-refs-only	arm9				1		None		-
src/func_0202fc40.c	PURE-C	arm9				1		None		-
src/func_0202fd2c.c	PURE-C	arm9				1		None		-
src/func_0202ffec.c	PURE-C					0		None		NONMATCHING-draft;not-in-delinks
src/func_02030500.c	WEAK-refs-only	arm9				1		None		-
src/func_02030790.c	WEAK-refs-only	arm9				1		None		-
src/func_02030838.c	PURE-C	arm9				1		None		-
src/func_0203083c.c	WEAK-refs-only	arm9				1		None		-
src/func_020308a8.c	PURE-C	arm9				1		None		-
src/func_020308b4.c	PURE-C	arm9				1		None		-
src/func_020308d0.c	PURE-C	arm9				1		None		-
src/func_02030958.c	PURE-C	arm9				1		None		-
src/func_02030994.c	PURE-C	arm9				1		None		-
src/func_02030a38.c	PURE-C	arm9				1		None		-
src/func_02030a6c.c	PURE-C	arm9				1		None		-
src/func_02030a78.c	PURE-C	arm9				1		None		-
src/func_02030aa4.c	PURE-C	arm9				1		None		-
src/func_02030b58.c	PURE-C	arm9				1		None		-
src/func_02030c38.c	PURE-C	arm9				1		None		-
src/func_02030ca0.c	PURE-C	arm9				1		None		-
src/func_02030dac.c	PURE-C	arm9				1		None		-
src/func_02030e4c.c	PURE-C	arm9				1		None		-
src/func_02030fa8.c	PURE-C	arm9				1		None		-
src/func_02031028.c	PURE-C	arm9				1		None		-
src/func_02031154.c	PURE-C	arm9				1		None		-
src/func_0203128c.c	PURE-C	arm9				1		None		-
src/func_020313d8.c	WEAK-refs-only					0		None		not-in-delinks
src/func_02031428.c	PURE-C	arm9				1		None		-
src/func_020316d8.c	WEAK-refs-only	arm9				1		None		-
src/func_020318a4.c	PURE-C	arm9				1		None		-
src/func_020319fc.c	WEAK-refs-only	arm9				1		None		-
src/func_02031b84.c	WEAK-refs-only	arm9				1		None		-
src/func_02031cd4.c	PURE-C	arm9				1		None		-
src/func_02031e00.c	PURE-C	arm9				1		None		-
src/func_020321fc.c	PURE-C	arm9				1		None		-
src/func_020326ac.c	WEAK-refs-only	arm9				1		None		-
src/func_02032f54.c	PURE-C	arm9				1		None		-
src/func_02032f9c.c	WEAK-refs-only	arm9				1		None		-
src/func_020331fc.c	WEAK-refs-only	arm9				1		None		-
src/func_02033464.c	WEAK-refs-only	arm9				1		None		-
src/func_020337ec.c	WEAK-refs-only	arm9				1		None		-
src/func_02033a80.c	PURE-C	arm9				1		None		-
src/func_02033ae0.c	WEAK-refs-only	arm9				1		None		-
src/func_02033bb8.c	WEAK-refs-only	arm9				1		None		-
src/func_02033e50.c	WEAK-refs-only	arm9				1		None		-
src/func_02034504.c	PURE-C	arm9				1		None		-
src/func_020345b0.c	WEAK-refs-only	arm9				1		None		-
src/func_02034b1c.c	PURE-C	arm9				1		None		-
src/func_02034b40.c	P2-vtable-only	arm9	dScMB_c::graphCallback_c	dScMB_c	vtable dScMB_c::graphCallback_c slot 3 @0x2034b40	1		True		-
src/func_02034d24.c	P2-vtable-only	arm9	dScMB_c::graphCallback_c	dScMB_c	vtable dScMB_c::graphCallback_c slot 2 @0x2034d24	1		True		-
src/func_02034d2c.c	P2-vtable-only	arm9	dScMB_c::graphCallback_c	dScMB_c	vtable dScMB_c::graphCallback_c slot 0 @0x2034d2c	1		True		-
src/func_02034fbc.c	WEAK-refs-only	arm9				1		None		-
src/func_020352b4.c	S1-stores-rom-vptr	arm9			stores _ZTV8dScene_c	1		None	_ZTV8dScene_c	-
src/func_02035354.c	PURE-C	arm9				1		None		-
src/func_02035394.c	PURE-C	arm9				1		None		-
src/func_020353b0.c	PURE-C	arm9				1		None		-
src/func_020353d4.c	PURE-C	arm9				1		None		-
src/func_020353e0.c	PURE-C	arm9				1		None		-
src/func_020353f4.c	PURE-C	arm9				1		None		-
src/func_02035408.c	PURE-C	arm9				1		None		-
src/func_02035414.c	PURE-C	arm9				1		None		-
src/func_02035428.c	PURE-C	arm9				1		None		-
src/func_0203543c.c	PURE-C	arm9				1		None		-
src/func_0203545c.c	PURE-C	arm9				1		None		-
src/func_02035468.c	PURE-C	arm9				1		None		-
src/func_0203547c.c	PURE-C	arm9				1		None		-
src/func_020354b0.c	PURE-C	arm9				1		None		-
src/func_020354d0.c	PURE-C	arm9				1		None		-
src/func_020354e0.c	P2-vtable-only	arm9	dBgCh	dBgCh	vtable dBgCh slot 1 @0x20354e0	1		False		no-header:dBgCh
src/func_02035504.c	P2-vtable-only	arm9	dBgCh	dBgCh	vtable dBgCh slot 0 @0x2035504	1		False		no-header:dBgCh
src/func_02035514.c	PURE-C	arm9				1		None		-
src/func_0203553c.c	PURE-C	arm9				1		None		-
src/func_02035550.c	PURE-C	arm9				1		None		-
src/func_0203558c.c	PURE-C	arm9				1		None		-
src/func_020355a0.c	PURE-C	arm9				1		None		-
src/func_020355b4.c	PURE-C	arm9				1		None		-
src/func_020355c8.c	PURE-C	arm9				1		None		-
src/func_020355dc.c	PURE-C	arm9				1		None		-
src/func_020355e8.c	PURE-C	arm9				1		None		-
src/func_020355fc.c	PURE-C	arm9				1		None		-
src/func_02035638.c	PURE-C	arm9				1		None		-
src/func_02035644.c	PURE-C	arm9				1		None		-
src/func_0203564c.c	PURE-C	arm9				1		None		-
src/func_0203567c.c	PURE-C	arm9				1		None		-
src/func_02035684.c	PURE-C	arm9				1		None		-
src/func_0203568c.c	PURE-C	arm9				1		None		-
src/func_020356c8.c	PURE-C	arm9				1		None		-
src/func_020356d4.c	PURE-C	arm9				1		None		-
src/func_0203573c.c	PURE-C	arm9				1		None		-
src/func_02035764.c	PURE-C	arm9				1		None		-
src/func_02035770.c	PURE-C	arm9				1		None		-
src/func_02035784.c	PURE-C	arm9				1		None		-
src/func_02035798.c	PURE-C	arm9				1		None		-
src/func_020357a0.c	PURE-C	arm9				1		None		-
src/func_020357c0.c	PURE-C	arm9				1		None		-
src/func_020357e0.c	PURE-C	arm9				1		None		-
src/func_02035800.c	PURE-C	arm9				1		None		-
src/func_02035860.c	PURE-C	arm9				1		None		-
src/func_02036acc.c	WEAK-refs-only	arm9				1		None		-
src/func_020371b0.c	WEAK-refs-only	arm9				1		None		-
src/func_02037318.c	WEAK-refs-only	arm9				1		None		-
src/func_020373b8.c	P2-vtable-only	arm9	dBgCh_Actr	dBgCh_Actr	vtable dBgCh_Actr slot 1 @0x20373b8	1		False		no-header:dBgCh_Actr
src/func_02037464.c	PURE-C	arm9				1		None		-
src/func_020374b8.c	PURE-C	arm9				1		None		-
src/func_020374d4.c	PURE-C	arm9				1		None		-
src/func_020374f0.c	P2-vtable-only	arm9	dBgCh_Gnd	dBgCh_Gnd	vtable dBgCh_Gnd slot 1 @0x20374f0	1		False		no-header:dBgCh_Gnd
src/func_020375c0.c	PURE-C					0		None		NONMATCHING-draft;not-in-delinks
src/func_020375ec.c	PURE-C	arm9				1		None		-
src/func_02037608.c	PURE-C	arm9				1		None		-
src/func_02037710.c	P2-vtable-only	arm9	dBgCh_Lin	dBgCh_Lin	vtable dBgCh_Lin slot 1 @0x2037710	1		False		no-header:dBgCh_Lin
src/func_0203781c.c	PURE-C					0		None		NONMATCHING-draft;not-in-delinks
src/func_0203782c.c	PURE-C	arm9				1		None		-
src/func_02037880.c	PURE-C	arm9				1		None		-
src/func_02037888.c	PURE-C	arm9				1		None		-
src/func_020378dc.c	PURE-C	arm9				1		None		-
src/func_02037938.c	PURE-C	arm9				1		None		-
src/func_02037940.c	PURE-C	arm9				1		None		-
src/func_0203794c.c	PURE-C	arm9				1		None		-
src/func_02037968.c	PURE-C	arm9				1		None		-
src/func_0203798c.c	PURE-C	arm9				1		None		-
src/func_0203799c.c	PURE-C	arm9				1		None		-
src/func_020379c0.c	PURE-C	arm9				1		None		-
src/func_020379d0.c	PURE-C	arm9				1		None		-
src/func_020379f4.c	PURE-C	arm9				1		None		-
src/func_02037a04.c	PURE-C	arm9				1		None		-
src/func_02037a38.c	PURE-C	arm9				1		None		-
src/func_02037a6c.c	PURE-C	arm9				1		None		-
src/func_02037b1c.c	PURE-C	arm9				1		None		-
src/func_02037b5c.c	PURE-C	arm9				1		None		-
src/func_02037c40.c	P2-vtable-only	arm9	dBgCh_SphCrr	dBgCh_SphCrr	vtable dBgCh_SphCrr slot 1 @0x2037c40	1		False		no-header:dBgCh_SphCrr
src/func_02037d94.c	PURE-C					0		None		NONMATCHING-draft;not-in-delinks
src/func_02037db4.c	PURE-C					0		None		NONMATCHING-draft;not-in-delinks
src/func_02037dc4.c	PURE-C	arm9				1		None		-
src/func_02037de8.c	PURE-C	arm9				1		None		-
src/func_02037e14.c	PURE-C	arm9				1		None		-
src/func_02037e20.c	PURE-C	arm9				1		None		-
src/func_02037e2c.c	PURE-C	arm9				1		None		-
src/func_02037e38.c	PURE-C	arm9				1		None		-
src/func_02037e48.c	PURE-C	arm9				1		None		-
src/func_02037e58.c	PURE-C	arm9				1		None		-
src/func_02037e68.c	PURE-C	arm9				1		None		-
src/func_02037e84.c	PURE-C	arm9				1		None		-
src/func_02037e90.c	PURE-C	arm9				1		None		-
src/func_02037e9c.c	PURE-C	arm9				1		None		-
src/func_02037eb0.c	PURE-C	arm9				1		None		-
src/func_02037ee4.c	PURE-C	arm9				1		None		-
src/func_02037ee8.c	PURE-C	arm9				1		None		-
src/func_02037eec.c	PURE-C	arm9				1		None		-
src/func_02037f18.c	PURE-C	arm9				1		None		-
src/func_02037f44.c	PURE-C	arm9				1		None		-
src/func_02037f54.c	PURE-C	arm9				1		None		-
src/func_02037f5c.c	PURE-C	arm9				1		None		-
src/func_02037f64.c	PURE-C	arm9				1		None		-
src/func_02037f94.c	PURE-C	arm9				1		None		-
src/func_02037fc0.c	PURE-C	arm9				1		None		-
src/func_02037fd4.c	PURE-C	arm9				1		None		-
src/func_02037fec.c	PURE-C	arm9				1		None		-
src/func_020380c0.c	PURE-C	arm9				1		None		-
src/func_02038114.c	P2-vtable-only	arm9	dBgPi	dBgPi	vtable dBgPi slot 1 @0x2038114	1		False		no-header:dBgPi
src/func_0203819c.c	PURE-C	arm9				1		None		-
src/func_020381cc.c	PURE-C	arm9				1		None		-
src/func_0203821c.c	PURE-C	arm9				1		None		-
src/func_02038224.c	PURE-C	arm9				1		None		-
src/func_02038228.c	PURE-C	arm9				1		None		-
src/func_02038234.c	PURE-C	arm9				1		None		-
src/func_02038298.c	PURE-C	arm9				1		None		-
src/func_020383e4.c	WEAK-refs-only	arm9				1		None		-
src/func_020383f0.c	WEAK-refs-only	arm9				1		None		-
src/func_02038408.c	PURE-C	arm9				1		None		-
src/func_02038414.c	WEAK-refs-only	arm9				1		None		-
src/func_020391f0.c	PURE-C	arm9				1		None		-
src/func_02039218.c	PURE-C	arm9				1		None		-
src/func_0203938c.c	PURE-C	arm9				1		None		-
src/func_02039394.c	PURE-C	arm9				1		None		-
src/func_0203939c.c	PURE-C	arm9				1		None		-
src/func_020393a4.c	PURE-C	arm9				1		None		-
src/func_020393ac.c	PURE-C	arm9				1		None		-
src/func_020393b4.c	PURE-C	arm9				1		None		-
src/func_020393bc.c	PURE-C	arm9				1		None		-
src/func_020393c4.c	PURE-C	arm9				1		None		-
src/func_020393cc.c	PURE-C	arm9				1		None		-
src/func_020393d4.c	PURE-C	arm9				1		None		-
src/func_020393f0.c	PURE-C	arm9				1		None		-
src/func_020393fc.c	PURE-C	arm9				1		None		-
src/func_02039404.c	PURE-C	arm9				1		None		-
src/func_020395fc.c	PURE-C	arm9				1		None		-
src/func_02039624.c	PURE-C	arm9				1		None		-
src/func_020396c0.c	PURE-C	arm9				1		None		-
src/func_020396d0.c	PURE-C	arm9				1		None		-
src/func_020396dc.c	PURE-C	arm9				1		None		-
src/func_02039794.c	PURE-C	arm9				1		None		-
src/func_020397b8.c	PURE-C	arm9				1		None		-
src/func_020397dc.c	PURE-C	arm9				1		None		-
src/func_020398c8.c	S1-stores-rom-vptr	arm9			stores _ZTV12MeshCollider	1		None	_ZTV12MeshCollider	-
src/func_020398fc.c	PURE-C	arm9				1		None		-
src/func_02039db8.c	PURE-C	arm9				1		None		-
src/func_02039e18.c	PURE-C	arm9				1		None		-
src/func_02039e30.c	PURE-C	arm9				1		None		-
src/func_02039e48.c	PURE-C	arm9				1		None		-
src/func_0203a4b8.c	S1-stores-rom-vptr	arm9			stores _ZTV18MovingMeshCollider	1		None	_ZTV18MovingMeshCollider	-
src/func_0203aa10.c	PURE-C	arm9				1		None		-
src/func_0203aa74.c	PURE-C	arm9				1		None		-
src/func_0203aad0.c	PURE-C	arm9				1		None		-
src/func_0203abb0.c	PURE-C	arm9				1		None		-
src/func_0203abcc.c	PURE-C	arm9				1		None		-
src/func_0203abd4.c	PURE-C	arm9				1		None		-
src/func_0203ac00.c	PURE-C	arm9				1		None		-
src/func_0203ac2c.c	P2-vtable-only	arm9	dM3dGSph	dM3dGSph	vtable dM3dGSph slot 1 @0x203ac2c	1		False		no-header:dM3dGSph
src/func_0203ac50.c	P2-vtable-only	arm9	dM3dGSph	dM3dGSph	vtable dM3dGSph slot 0 @0x203ac50	1		False		no-header:dM3dGSph
src/func_0203ac60.c	PURE-C	arm9				1		None		-
src/func_0203ac70.c	PURE-C	arm9				1		None		-
src/func_0203aca0.c	PURE-C	arm9				1		None		-
src/func_0203acbc.c	PURE-C	arm9				1		None		-
src/func_0203accc.c	PURE-C	arm9				1		None		-
src/func_0203ad44.c	PURE-C	arm9				1		None		-
src/func_0203ad54.c	PURE-C	arm9				1		None		-
src/func_0203ad6c.c	PURE-C	arm9				1		None		-
src/func_0203ad84.c	PURE-C	arm9				1		None		-
src/func_0203b20c.c	PURE-C	arm9				1		None		-
src/func_0203b244.c	PURE-C	arm9				1		None		-
src/func_0203b27c.c	PURE-C	arm9				1		None		-
src/func_0203b2ec.c	PURE-C	arm9				1		None		-
src/func_0203b358.c	PURE-C	arm9				1		None		-
src/func_0203b394.c	PURE-C	arm9				1		None		-
src/func_0203b3c0.c	PURE-C	arm9				1		None		-
src/func_0203b438.c	PURE-C	arm9				1		None		-
src/func_0203b684.c	PURE-C	arm9				1		None		-
src/func_0203b958.c	PURE-C	arm9				1		None		-
src/func_0203b9b4.c	PURE-C	arm9				1		None		-
src/func_0203b9bc.c	PURE-C	arm9				1		None		-
src/func_0203bb14.c	PURE-C	arm9				1		None		-
src/func_0203bb5c.c	PURE-C	arm9				1		None		-
src/func_0203bb60.c	PURE-C	arm9				1		None		-
src/func_0203bbc0.c	PURE-C	arm9				1		None		-
src/func_0203bc50.c	PURE-C	arm9				1		None		-
src/func_0203bc7c.c	PURE-C	arm9				1		None		-
src/func_0203bd24.c	PURE-C	arm9				1		None		-
src/func_0203c178.c	PURE-C	arm9				1		None		-
src/func_0203cbc0.c	WEAK-refs-only	arm9				1		None		-
src/func_0203cc0c.c	WEAK-refs-only	arm9				1		None		-
src/func_0203cc28.c	PURE-C	arm9				1		None		-
src/func_0203ccd4.c	PURE-C	arm9				1		None		-
src/func_0203cd80.c	PURE-C	arm9				1		None		-
src/func_0203ce80.c	PURE-C	arm9				1		None		-
src/func_0203cebc.c	PURE-C	arm9				1		None		-
src/func_0203cf00.c	PURE-C	arm9				1		None		-
src/func_0203cf94.c	PURE-C	arm9				1		None		-
src/func_0203d024.c	PURE-C	arm9				1		None		-
src/func_0203d384.c	PURE-C	arm9				1		None		-
src/func_0203d388.c	PURE-C	arm9				1		None		-
src/func_0203d434.c	PURE-C	arm9				1		None		-
src/func_0203d480.c	WEAK-refs-only	arm9				1		None		-
src/func_0203d4d0.c	PURE-C	arm9				1		None		-
src/func_0203d524.c	PURE-C	arm9				1		None		-
src/func_0203d570.c	PURE-C	arm9				1		None		-
src/func_0203d5bc.c	PURE-C	arm9				1		None		-
src/func_0203d5dc.c	WEAK-refs-only	arm9				1		None		-
src/func_0203d630.c	PURE-C	arm9				1		None		-
src/func_0203d680.c	PURE-C	arm9				1		None		-
src/func_0203d704.c	PURE-C	arm9				1		None		-
src/func_0203d738.c	PURE-C	arm9				1		None		-
src/func_0203d73c.c	PURE-C	arm9				1		None		-
src/func_0203d740.c	PURE-C	arm9				1		None		-
src/func_0203d7b8.c	PURE-C	arm9				1		None		-
src/func_0203d7d4.c	PURE-C	arm9				1		None		-
src/func_0203d81c.c	PURE-C	arm9				1		None		-
src/func_0203d854.c	PURE-C	arm9				1		None		-
src/func_0203d868.c	PURE-C	arm9				1		None		-
src/func_0203d890.c	PURE-C	arm9				1		None		-
src/func_0203d8a0.c	PURE-C	arm9				1		None		-
src/func_0203d8d4.c	PURE-C	arm9				1		None		-
src/func_0203d8e8.c	PURE-C	arm9				1		None		-
src/func_0203d8fc.c	PURE-C	arm9				1		None		-
src/func_0203d918.c	PURE-C	arm9				1		None		-
src/func_0203d930.c	PURE-C	arm9				1		None		-
src/func_0203d950.c	PURE-C	arm9				1		None		-
src/func_0203d974.c	PURE-C	arm9				1		None		-
src/func_0203d9b4.c	PURE-C	arm9				1		None		-
src/func_0203d9f4.c	PURE-C	arm9				1		None		-
src/func_0203da2c.c	PURE-C	arm9				1		None		-
src/func_0203da3c.c	PURE-C	arm9				1		None		-
src/func_0203da4c.c	PURE-C	arm9				1		None		-
src/func_0203da80.c	PURE-C	arm9				1		None		-
src/func_0203da9c.c	PURE-C	arm9				1		None		-
src/func_0203daac.c	PURE-C	arm9				1		None		-
src/func_0203dabc.c	PURE-C	arm9				1		None		-
src/func_0203dad4.c	PURE-C	arm9				1		None		-
src/func_0203dae4.c	PURE-C	arm9				1		None		-
src/func_0203dafc.c	PURE-C	arm9				1		None		-
src/func_0203db0c.c	PURE-C	arm9				1		None		-
src/func_0203db3c.c	PURE-C	arm9				1		None		-
src/func_0203db64.c	PURE-C	arm9				1		None		-
src/func_0203df40.c	PURE-C	arm9				1		None		-
src/func_0203e0ac.c	PURE-C	arm9				1		None		-
src/func_0203e20c.c	WEAK-refs-only	arm9				1		None		-
src/func_0203e978.c	PURE-C	arm9				1		None		-
src/func_0203e9a8.c	PURE-C	arm9				1		None		-
src/func_0203ea5c.c	PURE-C	arm9				1		None		-
src/func_0203f604.c	WEAK-refs-only	arm9				1		None		-
src/func_0203f644.c	PURE-C	arm9				1		None		-
src/func_0203f650.c	PURE-C	arm9				1		None		-
src/func_0203f6a4.c	PURE-C	arm9				1		None		-
src/func_0203f6b4.c	PURE-C	arm9				1		None		-
src/func_0203f6e8.c	PURE-C	arm9				1		None		-
src/func_0203f714.c	PURE-C	arm9				1		None		-
src/func_0203f818.c	PURE-C	arm9				1		None		-
src/func_0203f8a4.c	PURE-C	arm9				1		None		-
src/func_0203f920.c	PURE-C	arm9				1		None		-
src/func_0203f9d4.c	PURE-C	arm9				1		None		-
src/func_0203fa50.c	PURE-C	arm9				1		None		-
src/func_0203faa8.c	PURE-C	arm9				1		None		-
src/func_0203fb5c.c	PURE-C	arm9				1		None		-
src/func_0203fb98.c	PURE-C	arm9				1		None		-
src/func_0203fbc4.c	PURE-C	arm9				1		None		-
src/func_0203fc38.c	PURE-C	arm9				1		None		-
src/func_0203fc74.c	PURE-C	arm9				1		None		-
src/func_0203fcb0.c	PURE-C	arm9				1		None		-
src/func_0203fcec.c	PURE-C	arm9				1		None		-
src/func_0203fd28.c	PURE-C	arm9				1		None		-
src/func_0203fd64.c	PURE-C	arm9				1		None		-
src/func_0203fdac.c	PURE-C	arm9				1		None		-
src/func_0203fec4.c	PURE-C	arm9				1		None		-
src/func_02040014.c	PURE-C	arm9				1		None		-
src/func_020401e8.c	PURE-C	arm9				1		None		-
src/func_020402a0.c	PURE-C	arm9				1		None		-
src/func_02040384.c	PURE-C	arm9				1		None		-
src/func_02040388.c	PURE-C	arm9				1		None		-
src/func_02040408.c	PURE-C	arm9				1		None		-
src/func_02040504.c	PURE-C	arm9				1		None		-
src/func_020405b4.c	PURE-C	arm9				1		None		-
src/func_02040634.c	PURE-C	arm9				1		None		-
src/func_02040638.c	PURE-C	arm9				1		None		-
src/func_0204068c.c	PURE-C	arm9				1		None		-
src/func_020406b4.c	PURE-C	arm9				1		None		-
src/func_02040704.c	PURE-C	arm9				1		None		-
src/func_02040714.c	PURE-C	arm9				1		None		-
src/func_02040724.c	PURE-C	arm9				1		None		-
src/func_02040790.c	PURE-C	arm9				1		None		-
src/func_02040820.c	PURE-C	arm9				1		None		-
src/func_020408b0.c	WEAK-refs-only	arm9				1		None		-
src/func_02040a5c.c	WEAK-refs-only	arm9				1		None		-
src/func_02040a84.c	PURE-C	arm9				1		None		-
src/func_02040a94.c	PURE-C	arm9				1		None		-
src/func_02040aa4.c	WEAK-refs-only	arm9				1		None		-
src/func_02040bb0.c	PURE-C	arm9				1		None		-
src/func_02040c34.c	WEAK-refs-only	arm9				1		None		-
src/func_02040f30.c	WEAK-refs-only	arm9				1		None		-
src/func_02041224.c	WEAK-refs-only	arm9				1		None		-
src/func_020412f0.c	WEAK-refs-only	arm9				1		None		-
src/func_0204175c.c	WEAK-refs-only	arm9				1		None		-
src/func_020417d0.c	PURE-C	arm9				1		None		-
src/func_020418f0.c	PURE-C	arm9				1		None		-
src/func_02041930.c	PURE-C	arm9				1		None		-
src/func_02041a00.c	PURE-C	arm9				1		None		-
src/func_02041a94.c	PURE-C	arm9				1		None		-
src/func_02041ae8.c	PURE-C	arm9				1		None		-
src/func_02041b24.c	PURE-C	arm9				1		None		-
src/func_02041b60.c	PURE-C	arm9				1		None		-
src/func_02041bbc.c	WEAK-refs-only	arm9				1		None		-
src/func_02041c2c.c	PURE-C	arm9				1		None		-
src/func_02041c64.c	PURE-C	arm9				1		None		-
src/func_02041ce0.c	PURE-C	arm9				1		None		-
src/func_02041d28.c	WEAK-refs-only	arm9				1		None		-
src/func_02041e14.c	PURE-C	arm9				1		None		-
src/func_02042160.c	PURE-C	arm9				1		None		-
src/func_020421b4.c	PURE-C	arm9				1		None		-
src/func_02042200.c	PURE-C	arm9				1		None		-
src/func_02042254.c	WEAK-refs-only	arm9				1		None		-
src/func_020423c8.c	PURE-C	arm9				1		None		-
src/func_020423dc.c	PURE-C	arm9				1		None		-
src/func_020424c0.c	WEAK-refs-only	arm9				1		None		-
src/func_02042668.c	PURE-C	arm9				1		None		-
src/func_020426f0.c	PURE-C	arm9				1		None		-
src/func_020426f8.c	PURE-C	arm9				1		None		-
src/func_0204271c.c	PURE-C	arm9				1		None		-
src/func_02042748.c	PURE-C	arm9				1		None		-
src/func_02042778.c	PURE-C	arm9				1		None		-
src/func_02042784.c	PURE-C	arm9				1		None		-
src/func_020427c4.c	PURE-C	arm9				1		None		-
src/func_020427f8.c	PURE-C	arm9				1		None		-
src/func_02042f68.c	PURE-C	arm9				1		None		-
src/func_02042fe4.c	PURE-C	arm9				1		None		-
src/func_02042ffc.c	PURE-C	arm9				1		None		-
src/func_0204302c.c	PURE-C	arm9				1		None		-
src/func_02043060.c	PURE-C	arm9				1		None		-
src/func_02043098.c	PURE-C	arm9				1		None		-
src/func_02043180.c	PURE-C	arm9				1		None		-
src/func_020431c4.c	PURE-C	arm9				1		None		-
src/func_0204322c.c	WEAK-refs-only	arm9				1	inert	None		-
src/func_02043288.c	WEAK-refs-only	arm9				1		None		-
src/func_020432e4.c	WEAK-refs-only	arm9				1		None		-
src/func_0204335c.c	WEAK-refs-only	arm9				1		None		-
src/func_020433b8.c	PURE-C	arm9				1		None		-
src/func_02043810.c	PURE-C	arm9				1		None		-
src/func_02043880.c	WEAK-refs-only	arm9				1		None		-
src/func_02043f4c.c	PURE-C	arm9				1		None		-
src/func_02043f98.c	PURE-C	arm9				1		None		-
src/func_0204405c.c	PURE-C	arm9				1		None		-
src/func_020440e8.c	PURE-C	arm9				1		None		-
src/func_02044104.c	PURE-C	arm9				1		None		-
src/func_02044120.c	PURE-C	arm9				1		None		-
src/func_020441bc.c	PURE-C	arm9				1		None		-
src/func_0204424c.c	PURE-C	arm9				1		None		-
src/func_02044534.c	PURE-C	arm9				1		None		-
src/func_0204488c.c	PURE-C	arm9				1		None		-
src/func_02044b30.c	PURE-C	arm9				1		None		-
src/func_02044dc4.c	PURE-C	arm9				1		None		-
src/func_02044e50.c	PURE-C	arm9				1		None		-
src/func_02044efc.c	WEAK-refs-only	arm9				1		None		-
src/func_02044f74.c	PURE-C	arm9				1		None		-
src/func_02045074.c	PURE-C	arm9				1		None		-
src/func_02045178.c	PURE-C	arm9				1		None		-
src/func_0204531c.c	WEAK-refs-only	arm9				1		None		-
src/func_020453c0.c	PURE-C	arm9				1		None		-
src/func_0204547c.c	PURE-C	arm9				1		None		-
src/func_020456a0.c	WEAK-refs-only	arm9				1		None		-
src/func_020457f0.c	PURE-C	arm9				1		None		-
src/func_020458a8.c	PURE-C	arm9				1		None		-
src/func_02045a50.c	WEAK-refs-only	arm9				1		None		-
src/func_02045ad8.c	WEAK-refs-only	arm9				1		None		-
src/func_02045ce0.c	PURE-C	arm9				1		None		-
src/func_02045cf0.c	PURE-C	arm9				1		None		-
src/func_02045d00.c	PURE-C	arm9				1		None		-
src/func_02045d10.c	PURE-C	arm9				1		None		-
src/func_02045d9c.c	WEAK-refs-only	arm9				1		None		-
src/func_02045e2c.c	PURE-C	arm9				1		None		-
src/func_02045e44.c	PURE-C	arm9				1		None		-
src/func_02045e70.c	PURE-C	arm9				1		None		-
src/func_02045ec4.c	PURE-C	arm9				1		None		-
src/func_02045ef8.c	PURE-C	arm9				1		None		-
src/func_02045f4c.c	PURE-C	arm9				1		None		-
src/func_02045f80.c	PURE-C	arm9				1		None		-
src/func_02045fd4.c	PURE-C	arm9				1		None		-
src/func_02046008.c	PURE-C	arm9				1		None		-
src/func_0204605c.c	PURE-C	arm9				1		None		-
src/func_02046088.c	PURE-C	arm9				1		None		-
src/func_02046120.c	PURE-C	arm9				1		None		-
src/func_020461b4.c	PURE-C	arm9				1		None		-
src/func_02046208.c	PURE-C	arm9				1		None		-
src/func_02046234.c	PURE-C	arm9				1		None		-
src/func_02046288.c	PURE-C	arm9				1		None		-
src/func_020462b4.c	PURE-C	arm9				1		None		-
src/func_020462bc.c	PURE-C	arm9				1		None		-
src/func_020462d0.c	PURE-C	arm9				1		None		-
src/func_02046564.c	PURE-C	arm9				1		None		-
src/func_02046590.c	WEAK-refs-only	arm9				1		None		-
src/func_020469e0.c	PURE-C	arm9				1		None		-
src/func_020469e8.c	PURE-C	arm9				1		None		-
src/func_02046b64.c	PURE-C	arm9				1		None		-
src/func_02046bbc.c	PURE-C	arm9				1		None		-
src/func_02046d50.c	PURE-C	arm9				1		None		-
src/func_02046e28.c	PURE-C	arm9				1		None		-
src/func_020470e8.c	PURE-C	arm9				1		None		-
src/func_02047144.c	WEAK-refs-only	arm9				1		None		-
src/func_020471ac.c	WEAK-refs-only	arm9				1		None		-
src/func_02047218.c	PURE-C	arm9				1		None		-
src/func_02047910.c	PURE-C	arm9				1		None		-
src/func_02048234.c	PURE-C	arm9				1		None		-
src/func_02048528.c	PURE-C	arm9				1		None		-
src/func_020485f0.c	PURE-C	arm9				1		None		-
src/func_02048720.c	PURE-C	arm9				1		None		-
src/func_02048908.c	PURE-C	arm9				1		None		-
src/func_02048a18.c	PURE-C	arm9				1		None		-
src/func_02048a1c.c	PURE-C	arm9				1		None		-
src/func_02048af4.c	PURE-C	arm9				1		None		-
src/func_02048c30.c	PURE-C	arm9				1		None		-
src/func_02048d80.c	PURE-C	arm9				1		None		-
src/func_02048e54.c	WEAK-refs-only	arm9				1		None		-
src/func_02048e74.c	WEAK-refs-only	arm9				1		None		-
src/func_02048e94.c	WEAK-refs-only	arm9				1		None		-
src/func_02048ed4.c	PURE-C	arm9				1		None		-
src/func_02048ef4.c	PURE-C	arm9				1		None		-
src/func_02048f04.c	PURE-C	arm9				1		None		-
src/func_02048f14.c	PURE-C	arm9				1		None		-
src/func_02048f24.c	PURE-C	arm9				1		None		-
src/func_02048f34.c	PURE-C	arm9				1		None		-
src/func_02048fd4.c	PURE-C	arm9				1		None		-
src/func_02049018.c	PURE-C	arm9				1		None		-
src/func_0204921c.c	PURE-C	arm9				1		None		-
src/func_020494cc.c	PURE-C	arm9				1		None		-
src/func_02049764.c	PURE-C	arm9				1		None		-
src/func_020497a0.c	WEAK-refs-only	arm9				1		None		-
src/func_020499bc.c	WEAK-refs-only	arm9				1		None		-
src/func_02049ba8.c	PURE-C	arm9				1		None		-
src/func_02049c48.c	WEAK-refs-only	arm9				1		None		-
src/func_02049cd8.c	PURE-C	arm9				1		None		-
src/func_02049d60.c	PURE-C	arm9				1		None		-
src/func_02049d78.c	PURE-C	arm9				1		None		-
src/func_02049ee8.c	PURE-C	arm9				1		None		-
src/func_02049f58.c	PURE-C	arm9				1		None		-
src/func_0204a028.c	WEAK-refs-only	arm9				1		None		-
src/func_0204a0dc.c	WEAK-refs-only	arm9				1		None		-
src/func_0204a4c8.c	PURE-C	arm9				1		None		-
src/func_0204a5bc.c	PURE-C	arm9				1		None		-
src/func_0204a5c8.c	PURE-C	arm9				1		None		-
src/func_0204a730.c	PURE-C	arm9				1		None		-
src/func_0204ae2c.c	PURE-C	arm9				1		None		-
src/func_0204af38.c	PURE-C	arm9				1		None		-
src/func_0204af3c.c	PURE-C	arm9				1		None		-
src/func_0204b028.c	PURE-C	arm9				1		None		-
src/func_0204b244.c	PURE-C	arm9				1		None		-
src/func_0204b460.c	PURE-C	arm9				1		None		-
src/func_0204b81c.c	PURE-C	arm9				1		None		-
src/func_0204bbd8.c	PURE-C	arm9				1		None		-
src/func_0204be40.c	PURE-C	arm9				1		None		-
src/func_0204c0a8.c	PURE-C	arm9				1		None		-
src/func_0204c0e8.c	PURE-C	arm9				1		None		-
src/func_0204c194.c	PURE-C	arm9				1		None		-
src/func_0204c24c.c	PURE-C	arm9				1		None		-
src/func_0204c304.c	PURE-C	arm9				1		None		-
src/func_0204c584.c	PURE-C	arm9				1		None		-
src/func_0204cd5c.c	PURE-C	arm9				1		None		-
src/func_0204cebc.c	PURE-C	arm9				1		None		-
src/func_0204d0b8.c	PURE-C	arm9				1		None		-
src/func_0204d104.c	PURE-C	arm9				1		None		-
src/func_0204d150.c	PURE-C	arm9				1		None		-
src/func_0204d1b4.c	PURE-C	arm9				1		None		-
src/func_0204d294.c	PURE-C	arm9				1		None		-
src/func_0204d440.c	PURE-C	arm9				1		None		-
src/func_0204d8e8.c	PURE-C	arm9				1		None		-
src/func_0204d958.c	PURE-C	arm9				1		None		-
src/func_0204d9a0.c	PURE-C	arm9				1		None		-
src/func_0204d9f0.c	PURE-C	arm9				1		None		-
src/func_0204da4c.c	PURE-C	arm9				1		None		-
src/func_0204dab4.c	WEAK-refs-only	arm9				1		None		-
src/func_0204dc84.c	PURE-C	arm9				1		None		-
src/func_0204dcc0.c	PURE-C	arm9				1		None		-
src/func_0204ebb8.c	WEAK-refs-only	arm9				1		None		-
src/func_0204eda4.c	PURE-C	arm9				1		None		-
src/func_0204ede8.c	PURE-C	arm9				1		None		-
src/func_0204ee10.c	PURE-C	arm9				1		None		-
src/func_0204ee40.c	WEAK-refs-only	arm9				1		None		-
src/func_0204ef9c.c	PURE-C	arm9				1		None		-
src/func_0204efe0.c	PURE-C	arm9				1		None		-
src/func_0204effc.c	PURE-C	arm9				1		None		-
src/func_0204f03c.c	PURE-C	arm9				1		None		-
src/func_0204f070.c	PURE-C	arm9				1		None		-
src/func_0204f0b8.c	PURE-C	arm9				1		None		-
src/func_0204f0d8.c	PURE-C	arm9				1		None		-
src/func_0204f11c.c	PURE-C	arm9				1		None		-
src/func_0204f138.c	PURE-C	arm9				1		None		-
src/func_0204f15c.c	PURE-C	arm9				1		None		-
src/func_0204f194.c	PURE-C	arm9				1		None		-
src/func_0204f1e8.c	PURE-C	arm9				1		None		-
src/func_0204f2d4.c	WEAK-refs-only	arm9				1		None		-
src/func_0204f364.c	WEAK-refs-only	arm9				1		None		-
src/func_0204f3e0.c	PURE-C	arm9				1		None		-
src/func_0204f400.c	WEAK-refs-only	arm9				1		None		-
src/func_0204f460.c	WEAK-refs-only	arm9				1		None		-
src/func_0204f4bc.c	PURE-C	arm9				1		None		-
src/func_0204f504.c	WEAK-refs-only	arm9				1		None		-
src/func_0204f558.c	PURE-C	arm9				1		None		-
src/func_0204f5a0.c	PURE-C	arm9				1		None		-
src/func_0204f600.c	PURE-C	arm9				1		None		-
src/func_0204f630.c	PURE-C	arm9				1		None		-
src/func_0204f6f8.c	PURE-C	arm9				1		None		-
src/func_0204f720.c	PURE-C	arm9				1		None		-
src/func_0204f73c.c	PURE-C	arm9				1		None		-
src/func_0204f76c.c	PURE-C	arm9				1		None		-
src/func_0204f79c.c	PURE-C	arm9				1		None		-
src/func_0204f7cc.c	PURE-C	arm9				1		None		-
src/func_0204f7fc.c	PURE-C	arm9				1		None		-
src/func_0204f82c.c	PURE-C	arm9				1		None		-
src/func_0204f86c.c	PURE-C	arm9				1		None		-
src/func_0204f89c.c	PURE-C	arm9				1		None		-
src/func_0204f8cc.c	PURE-C	arm9				1		None		-
src/func_0204f914.c	PURE-C	arm9				1		None		-
src/func_0204f924.c	PURE-C	arm9				1		None		-
src/func_0204f934.c	PURE-C	arm9				1		None		-
src/func_0204f94c.c	PURE-C	arm9				1		None		-
src/func_0204f958.c	WEAK-refs-only	arm9				1		None		-
src/func_0204f9c4.c	PURE-C	arm9				1		None		-
src/func_0204fa2c.c	PURE-C	arm9				1		None		-
src/func_0204fa3c.c	WEAK-refs-only	arm9				1		None		-
src/func_0204fafc.c	WEAK-refs-only	arm9				1		None		-
src/func_0204fc40.c	WEAK-refs-only	arm9				1		None		-
src/func_0204fce8.c	PURE-C	arm9				1		None		-
src/func_0204fde8.c	PURE-C	arm9				1		None		-
src/func_0204fe5c.c	PURE-C	arm9				1		None		-
src/func_0204ff48.c	PURE-C	arm9				1		None		-
src/func_0204ff9c.c	PURE-C	arm9				1		None		-
src/func_0204ffcc.c	PURE-C	arm9				1		None		-
src/func_02050008.c	PURE-C	arm9				1		None		-
src/func_02050038.c	WEAK-refs-only	arm9				1		None		-
src/func_020500a4.c	WEAK-refs-only	arm9				1		None		-
src/func_020501b8.c	WEAK-refs-only	arm9				1		None		-
src/func_02050258.c	PURE-C	arm9				1		None		-
src/func_020502b8.c	PURE-C	arm9				1		None		-
src/func_020503a4.c	WEAK-refs-only	arm9				1		None		-
src/func_020506fc.c	PURE-C	arm9				1		None		-
src/func_02050798.c	PURE-C	arm9				1		None		-
src/func_020507e0.c	WEAK-refs-only	arm9				1		None		-
src/func_020508a0.c	PURE-C	arm9				1		None		-
src/func_02050950.c	PURE-C	arm9				1		None		-
src/func_02050970.c	PURE-C	arm9				1		None		-
src/func_0205097c.c	PURE-C	arm9				1		None		-
src/func_02050988.c	PURE-C	arm9				1		None		-
src/func_02050994.c	PURE-C	arm9				1		None		-
src/func_020509b0.c	PURE-C	arm9				1		None		-
src/func_020509d8.c	PURE-C	arm9				1		None		-
src/func_02050a5c.c	PURE-C	arm9				1		None		-
src/func_02050cdc.c	PURE-C	arm9				1		None		-
src/func_02050d2c.c	PURE-C	arm9				1		None		-
src/func_02050d3c.c	PURE-C	arm9				1		None		-
src/func_02050d54.c	PURE-C	arm9				1		None		-
src/func_02050f34.c	PURE-C	arm9				1		None		-
src/func_02050fb0.c	PURE-C	arm9				1		None		-
src/func_02050fd4.c	WEAK-refs-only	arm9				1		None		-
src/func_02051024.c	WEAK-refs-only	arm9				1		None		-
src/func_02051064.c	WEAK-refs-only	arm9				1		None		-
src/func_02051074.c	WEAK-refs-only	arm9				1		None		-
src/func_020510a4.c	WEAK-refs-only	arm9				1		None		-
src/func_0205117c.c	WEAK-refs-only	arm9				1		None		-
src/func_020511d4.c	WEAK-refs-only	arm9				1		None		-
src/func_02051244.c	WEAK-refs-only	arm9				1		None		-
src/func_020512f0.c	PURE-C	arm9				1		None		-
src/func_0205130c.c	WEAK-refs-only	arm9				1		None		-
src/func_020513a8.c	PURE-C	arm9				1		None		-
src/func_020513e4.c	PURE-C	arm9				1		None		-
src/func_02051420.c	PURE-C	arm9				1		None		-
src/func_02051454.c	WEAK-refs-only	arm9				1		None		-
src/func_020514b4.c	PURE-C	arm9				1		None		-
src/func_02051514.c	PURE-C	arm9				1		None		-
src/func_02051574.c	PURE-C	arm9				1		None		-
src/func_020515d4.c	PURE-C	arm9				1		None		-
src/func_02051634.c	WEAK-refs-only	arm9				1		None		-
src/func_020516d4.c	WEAK-refs-only	arm9				1		None		-
src/func_0205179c.c	WEAK-refs-only	arm9				1		None		-
src/func_020518a0.c	PURE-C	arm9				1		None		-
src/func_020518dc.c	PURE-C	arm9				1		None		-
src/func_02051918.c	PURE-C	arm9				1		None		-
src/func_02051a28.c	PURE-C	arm9				1		None		-
src/func_02051a48.c	PURE-C	arm9				1		None		-
src/func_02051a68.c	PURE-C	arm9				1		None		-
src/func_02051a88.c	PURE-C	arm9				1		None		-
src/func_02051a98.c	WEAK-refs-only	arm9				1		None		-
src/func_02051bd0.c	WEAK-refs-only	arm9				1		None		-
src/func_02051e60.c	PURE-C	arm9				1		None		-
src/func_02051f1c.c	PURE-C	arm9				1		None		-
src/func_02052008.c	WEAK-refs-only	arm9				1		None		-
src/func_020520a4.c	WEAK-refs-only	arm9				1		None		-
src/func_020520dc.c	PURE-C	arm9				1		None		-
src/func_02052208.c	PURE-C	arm9				1		None		-
src/func_02052234.c	PURE-C	arm9				1		None		-
src/func_0205227c.c	PURE-C	arm9				1		None		-
src/func_020522c4.c	PURE-C	arm9				1		None		-
src/func_020523e0.c	PURE-C	arm9				1		None		-
src/func_02052420.c	PURE-C	arm9				1		None		-
src/func_02052438.c	PURE-C	arm9				1		None		-
src/func_02052458.c	PURE-C	arm9				1		None		-
src/func_02052494.c	PURE-C	arm9				1		None		-
src/func_020524c4.c	PURE-C	arm9				1		None		-
src/func_020524e4.c	PURE-C					0		None		not-in-delinks
src/func_02052514.c	PURE-C					0		None		NONMATCHING-draft;not-in-delinks
src/func_02052550.c	PURE-C					0		None		not-in-delinks
src/func_0205256c.c	PURE-C					0		None		NONMATCHING-draft;not-in-delinks
src/func_020527e8.c	PURE-C					0		None		NONMATCHING-draft;not-in-delinks
src/func_02052800.c	PURE-C					0		None		NONMATCHING-draft;not-in-delinks
src/func_02052820.c	PURE-C					0		None		NONMATCHING-draft;not-in-delinks
src/func_0205283c.c	PURE-C					0		None		NONMATCHING-draft;not-in-delinks
src/func_02052ec8.c	PURE-C					0		None		NONMATCHING-draft;not-in-delinks
src/func_02052fdc.c	PURE-C	arm9				1		None		-
src/func_02053008.c	PURE-C	arm9				1		None		-
src/func_02053130.c	WEAK-refs-only	arm9				1		None		-
src/func_020531a4.c	PURE-C	arm9				1		None		-
src/func_02053200.c	WEAK-refs-only	arm9				1		None		-
src/func_02053274.c	PURE-C	arm9				1		None		-
src/func_02053320.c	PURE-C	arm9				1		None		-
src/func_02053380.c	PURE-C	arm9				1		None		-
src/func_02053644.c	PURE-C	arm9				1		None		-
src/func_020538b8.c	WEAK-refs-only	arm9				1		None		-
src/func_02053a8c.c	PURE-C	arm9				1		None		-
src/func_02053a90.c	PURE-C	arm9				1		None		-
src/func_02053b98.c	PURE-C	arm9				1		None		-
src/func_02053be0.c	PURE-C	arm9				1		None		-
src/func_02053c10.c	PURE-C	arm9				1		None		-
src/func_02053c40.c	PURE-C	arm9				1		None		-
src/func_02053d9c.c	PURE-C	arm9				1		None		-
src/func_02053e1c.c	PURE-C	arm9				1		None		-
src/func_02053e34.c	PURE-C	arm9				1		None		-
src/func_02053e4c.c	PURE-C	arm9				1		None		-
src/func_02053ea0.c	PURE-C	arm9				1		None		-
src/func_02053eb0.c	PURE-C	arm9				1		None		-
src/func_02053ec0.c	PURE-C	arm9				1		None		-
src/func_02053ed0.c	PURE-C	arm9				1		None		-
src/func_02053ee0.c	PURE-C	arm9				1		None		-
src/func_02053f08.c	PURE-C	arm9				1		None		-
src/func_02053f30.c	PURE-C	arm9				1		None		-
src/func_02053f44.c	PURE-C	arm9				1		None		-
src/func_02053f58.c	PURE-C	arm9				1		None		-
src/func_02053f6c.c	PURE-C	arm9				1		None		-
src/func_02053f80.c	PURE-C	arm9				1		None		-
src/func_02053f94.c	PURE-C	arm9				1		None		-
src/func_02053fa8.c	PURE-C	arm9				1		None		-
src/func_02053fbc.c	PURE-C	arm9				1		None		-
src/func_02053fe0.c	PURE-C	arm9				1		None		-
src/func_02054004.c	PURE-C	arm9				1		None		-
src/func_02054018.c	PURE-C	arm9				1		None		-
src/func_020540f0.c	PURE-C	arm9				1		None		-
src/func_02054118.c	PURE-C	arm9				1		None		-
src/func_02054140.c	PURE-C	arm9				1		None		-
src/func_02054154.c	PURE-C	arm9				1		None		-
src/func_02054168.c	PURE-C	arm9				1		None		-
src/func_0205417c.c	PURE-C	arm9				1		None		-
src/func_02054190.c	PURE-C	arm9				1		None		-
src/func_020541a4.c	PURE-C	arm9				1		None		-
src/func_020541b8.c	PURE-C	arm9				1		None		-
src/func_02054430.c	PURE-C	arm9				1		None		-
src/func_02054748.c	PURE-C	arm9				1		None		-
src/func_02054d88.c	PURE-C	arm9				1		None		-
src/func_02054ea8.c	PURE-C	arm9				1		None		-
src/func_02054efc.c	PURE-C	arm9				1		None		-
src/func_020551f0.c	PURE-C	arm9				1		None		-
src/func_0205532c.c	PURE-C	arm9				1		None		-
src/func_02055388.c	PURE-C	arm9				1		None		-
src/func_020553a4.c	PURE-C	arm9				1		None		-
src/func_020553c0.c	PURE-C					0		None		NONMATCHING-draft;not-in-delinks
src/func_02055454.c	PURE-C	arm9				1		None		-
src/func_02055464.c	PURE-C	arm9				1		None		-
src/func_02055490.c	PURE-C	arm9				1		None		-
src/func_020554bc.c	PURE-C	arm9				1		None		-
src/func_020555a4.c	PURE-C	arm9				1		None		-
src/func_02055624.c	PURE-C	arm9				1		None		-
src/func_020556d0.c	PURE-C	arm9				1		None		-
src/func_02055780.c	PURE-C	arm9				1		None		-
src/func_020557b4.c	PURE-C	arm9				1		None		-
src/func_0205583c.c	PURE-C	arm9				1		None		-
src/func_02055998.c	PURE-C	arm9				1		None		-
src/func_02055fb4.c	WEAK-refs-only	arm9				1		None		-
src/func_02056014.c	PURE-C	arm9				1		None		-
src/func_02056074.c	WEAK-refs-only	arm9				1		None		-
src/func_020560d4.c	WEAK-refs-only	arm9				1		None		-
src/func_020562b4.c	WEAK-refs-only	arm9				1		None		-
src/func_02056314.c	WEAK-refs-only	arm9				1		None		-
src/func_02056374.c	WEAK-refs-only	arm9				1		None		-
src/func_020563d4.c	WEAK-refs-only	arm9				1		None		-
src/func_02056434.c	WEAK-refs-only	arm9				1		None		-
src/func_02056494.c	WEAK-refs-only	arm9				1		None		-
src/func_020564f4.c	WEAK-refs-only	arm9				1		None		-
src/func_02056554.c	WEAK-refs-only	arm9				1		None		-
src/func_020565b4.c	PURE-C	arm9				1		None		-
src/func_02056674.c	PURE-C	arm9				1		None		-
src/func_020566dc.c	PURE-C	arm9				1		None		-
src/func_02056e4c.c	WEAK-refs-only	arm9				1		None		-
src/func_02056e98.c	WEAK-refs-only	arm9				1		None		-
src/func_02057000.c	PURE-C	arm9				1		None		-
src/func_02057014.c	PURE-C					0		None		NONMATCHING-draft;not-in-delinks
src/func_02057020.c	PURE-C					0		None		NONMATCHING-draft;not-in-delinks
src/func_02057078.c	PURE-C					0		None		NONMATCHING-draft;not-in-delinks
src/func_020570a8.c	PURE-C	arm9				1		None		-
src/func_020570b8.c	PURE-C	arm9				1		None		-
src/func_020570c0.c	PURE-C	arm9				1		None		-
src/func_020570d8.c	PURE-C	arm9				1		None		-
src/func_020570f0.c	PURE-C	arm9				1		None		-
src/func_0205710c.c	PURE-C	arm9				1		None		-
src/func_02057128.c	PURE-C	arm9				1		None		-
src/func_02057140.c	PURE-C	arm9				1		None		-
src/func_02057158.c	PURE-C	arm9				1		None		-
src/func_02057178.c	PURE-C	arm9				1		None		-
src/func_02057198.c	WEAK-refs-only	arm9				1		None		-
src/func_02057218.c	PURE-C	arm9				1		None		-
src/func_02057228.c	WEAK-refs-only	arm9				1		None		-
src/func_020572b8.c	PURE-C	arm9				1		None		-
src/func_020572c8.c	PURE-C	arm9				1		None		-
src/func_02057410.c	PURE-C	arm9				1		None		-
src/func_02057ce8.c	PURE-C	arm9				1		None		-
src/func_02057d00.c	PURE-C	arm9				1		None		-
src/func_02057d30.c	PURE-C	arm9				1		None		-
src/func_02057d94.c	PURE-C	arm9				1		None		-
src/func_02057e00.c	PURE-C	arm9				1		None		-
src/func_02057e30.c	PURE-C	arm9				1		None		-
src/func_02057e34.c	WEAK-refs-only	arm9				1		None		-
src/func_02057e48.c	WEAK-refs-only	arm9				1		None		-
src/func_02057e7c.c	PURE-C	arm9				1		None		-
src/func_02057e84.c	WEAK-refs-only	arm9				1		None		-
src/func_02057f38.c	PURE-C	arm9				1		None		-
src/func_02057f54.c	PURE-C	arm9				1		None		-
src/func_0205801c.c	PURE-C	arm9				1		None		-
src/func_02058048.c	WEAK-refs-only	arm9				1		None		-
src/func_02058158.c	PURE-C	arm9				1		None		-
src/func_0205816c.c	WEAK-refs-only	arm9				1		None		-
src/func_02058200.c	WEAK-refs-only	arm9				1		None		-
src/func_02058308.c	PURE-C	arm9				1		None		-
src/func_02058488.c	PURE-C	arm9				1		None		-
src/func_020584d0.c	PURE-C	arm9				1		None		-
src/func_02058538.c	PURE-C	arm9				1		None		-
src/func_02058568.c	PURE-C					0		None		NONMATCHING-draft;not-in-delinks
src/func_0205865c.c	PURE-C	arm9				1		None		-
src/func_02058690.c	WEAK-refs-only	arm9				1		None		-
src/func_02058764.c	PURE-C	arm9				1		None		-
src/func_020587dc.c	PURE-C	arm9				1		None		-
src/func_020587e4.c	WEAK-refs-only	arm9				1		None		-
src/func_02058894.c	WEAK-refs-only	arm9				1		None		-
src/func_02058940.c	PURE-C	arm9				1		None		-
src/func_02058960.c	PURE-C	arm9				1		None		-
src/func_02058988.c	PURE-C	arm9				1		None		-
src/func_020589ac.c	PURE-C	arm9				1		None		-
src/func_020589d4.c	WEAK-refs-only	arm9				1		None		-
src/func_02058a44.c	PURE-C	arm9				1		None		-
src/func_02058a94.c	WEAK-refs-only	arm9				1		None		-
src/func_02058b08.c	WEAK-refs-only	arm9				1		None		-
src/func_02058b9c.c	PURE-C	arm9				1		None		-
src/func_02058c84.c	PURE-C	arm9				1		None		-
src/func_02058cd0.c	PURE-C	arm9				1		None		-
src/func_02058d58.c	PURE-C	arm9				1		None		-
src/func_02058d6c.c	PURE-C	arm9				1		None		-
src/func_02058df4.c	PURE-C	arm9				1		None		-
src/func_02058ea0.c	PURE-C	arm9				1		None		-
src/func_02058eb4.c	PURE-C	arm9				1		None		-
src/func_02058ec8.c	WEAK-refs-only	arm9				1		None		-
src/func_02058f28.c	PURE-C	arm9				1		None		-
src/func_02059040.c	WEAK-refs-only	arm9				1		None		-
src/func_020590fc.c	WEAK-refs-only	arm9				1		None		-
src/func_02059170.c	WEAK-refs-only	arm9				1		None		-
src/func_0205929c.c	PURE-C	arm9				1		None		-
src/func_02059364.c	PURE-C	arm9				1		None		-
src/func_0205938c.c	PURE-C	arm9				1		None		-
src/func_020593f4.c	PURE-C	arm9				1		None		-
src/func_02059468.c	PURE-C					0		None		NONMATCHING-draft;not-in-delinks
src/func_0205947c.c	PURE-C	arm9				1		None		-
src/func_0205950c.c	WEAK-refs-only	arm9				1		None		-
src/func_02059578.c	PURE-C	arm9				1		None		-
src/func_02059594.c	PURE-C	arm9				1		None		-
src/func_02059624.c	PURE-C	arm9				1		None		-
src/func_02059640.c	PURE-C	arm9				1		None		-
src/func_02059650.c	WEAK-refs-only	arm9				1		None		-
src/func_02059700.c	PURE-C	arm9				1		None		-
src/func_02059788.c	WEAK-refs-only	arm9				1		None		-
src/func_02059824.c	PURE-C					0		None		NONMATCHING-draft;not-in-delinks
src/func_02059834.c	WEAK-refs-only	arm9				1		None		-
src/func_02059950.c	WEAK-refs-only	arm9				1		None		-
src/func_02059a60.c	PURE-C	arm9				1		None		-
src/func_02059ba0.c	PURE-C	arm9				1		None		-
src/func_02059bb0.c	PURE-C	arm9				1		None		-
src/func_02059bc0.c	WEAK-refs-only	arm9				1		None		-
src/func_02059c18.c	WEAK-refs-only	arm9				1		None		-
src/func_02059cb4.c	WEAK-refs-only	arm9				1		None		-
src/func_02059d8c.c	PURE-C					0		None		NONMATCHING-draft;not-in-delinks
src/func_02059d98.c	PURE-C					0		None		NONMATCHING-draft;not-in-delinks
src/func_02059dd4.c	PURE-C	arm9				1		None		-
src/func_02059e04.c	PURE-C	arm9				1		None		-
src/func_02059e48.c	PURE-C	arm9				1		None		-
src/func_02059eb0.c	PURE-C	arm9				1		None		-
src/func_02059f2c.c	PURE-C	arm9				1		None		-
src/func_02059f48.c	PURE-C	arm9				1		None		-
src/func_02059f58.c	WEAK-refs-only	arm9				1		None		-
src/func_02059fa8.c	PURE-C	arm9				1		None		-
src/func_02059fd0.c	PURE-C	arm9				1		None		-
src/func_0205a064.c	PURE-C	arm9				1		None		-
src/func_0205a21c.c	WEAK-refs-only	arm9				1		None		-
src/func_0205a290.c	WEAK-refs-only	arm9				1		None		-
src/func_0205a588.c	PURE-C					0		None		NONMATCHING-draft;not-in-delinks
src/func_0205a74c.c	PURE-C	arm9				1		None		-
src/func_0205a82c.c	PURE-C	arm9				1		None		-
src/func_0205a8c4.c	PURE-C	arm9				1		None		-
src/func_0205a8f0.c	PURE-C	arm9				1		None		-
src/func_0205a924.c	PURE-C	arm9				1		None		-
src/func_0205a958.c	PURE-C	arm9				1		None		-
src/func_0205a98c.c	PURE-C	arm9				1		None		-
src/func_0205a9b8.c	PURE-C	arm9				1		None		-
src/func_0205a9e4.c	PURE-C	arm9				1		None		-
src/func_0205aa10.c	PURE-C	arm9				1		None		-
src/func_0205aa68.c	PURE-C	arm9				1		None		-
src/func_0205aa9c.c	PURE-C	arm9				1		None		-
src/func_0205aac8.c	PURE-C	arm9				1		None		-
src/func_0205aaf4.c	PURE-C	arm9				1		None		-
src/func_0205ab28.c	PURE-C	arm9				1		None		-
src/func_0205ab6c.c	PURE-C	arm9				1		None		-
src/func_0205abb8.c	PURE-C	arm9				1		None		-
src/func_0205ac28.c	PURE-C	arm9				1		None		-
src/func_0205ac5c.c	PURE-C	arm9				1		None		-
src/func_0205ac84.c	PURE-C	arm9				1		None		-
src/func_0205acac.c	PURE-C	arm9				1		None		-
src/func_0205acd4.c	PURE-C	arm9				1		None		-
src/func_0205acfc.c	PURE-C	arm9				1		None		-
src/func_0205ad24.c	PURE-C	arm9				1		None		-
src/func_0205ad3c.c	PURE-C	arm9				1		None		-
src/func_0205ad54.c	PURE-C	arm9				1		None		-
src/func_0205ad6c.c	PURE-C	arm9				1		None		-
src/func_0205ad98.c	PURE-C	arm9				1		None		-
src/func_0205adc4.c	PURE-C	arm9				1		None		-
src/func_0205adf8.c	PURE-C	arm9				1		None		-
src/func_0205ae30.c	PURE-C	arm9				1		None		-
src/func_0205ae64.c	PURE-C	arm9				1		None		-
src/func_0205aed0.c	WEAK-refs-only	arm9				1		None		-
src/func_0205af00.c	PURE-C	arm9				1		None		-
src/func_0205af20.c	PURE-C	arm9				1		None		-
src/func_0205af4c.c	PURE-C	arm9				1		None		-
src/func_0205af78.c	PURE-C	arm9				1		None		-
src/func_0205afb4.c	PURE-C	arm9				1		None		-
src/func_0205afe0.c	PURE-C	arm9				1		None		-
src/func_0205b070.c	WEAK-refs-only	arm9				1		None		-
src/func_0205b1a4.c	PURE-C	arm9				1		None		-
src/func_0205b1d8.c	PURE-C	arm9				1		None		-
src/func_0205b274.c	PURE-C	arm9				1		None		-
src/func_0205b358.c	PURE-C	arm9				1		None		-
src/func_0205b470.c	PURE-C	arm9				1		None		-
src/func_0205b4d0.c	PURE-C	arm9				1		None		-
src/func_0205b504.c	PURE-C	arm9				1		None		-
src/func_0205b524.c	PURE-C	arm9				1		None		-
src/func_0205b554.c	WEAK-refs-only	arm9				1		None		-
src/func_0205b5d4.c	WEAK-refs-only	arm9				1		None		-
src/func_0205b608.c	WEAK-refs-only	arm9				1		None		-
src/func_0205b63c.c	PURE-C	arm9				1		None		-
src/func_0205b6b0.c	WEAK-refs-only	arm9				1		None		-
src/func_0205b6f4.c	WEAK-refs-only	arm9				1		None		-
src/func_0205b78c.c	WEAK-refs-only	arm9				1		None		-
src/func_0205b858.c	PURE-C	arm9				1		None		-
src/func_0205ba3c.c	PURE-C	arm9				1		None		-
src/func_0205ba64.c	WEAK-refs-only	arm9				1		None		-
src/func_0205bad8.c	WEAK-refs-only	arm9				1		None		-
src/func_0205bbdc.c	PURE-C	arm9				1		None		-
src/func_0205bbe4.c	PURE-C	arm9				1		None		-
src/func_0205bc0c.c	PURE-C	arm9				1		None		-
src/func_0205bc88.c	PURE-C	arm9				1		None		-
src/func_0205c048.c	PURE-C	arm9				1		None		-
src/func_0205c264.c	PURE-C	arm9				1		None		-
src/func_0205c378.c	PURE-C	arm9				1		None		-
src/func_0205c410.c	PURE-C	arm9				1		None		-
src/func_0205c448.c	PURE-C	arm9				1		None		-
src/func_0205c480.c	PURE-C	arm9				1		None		-
src/func_0205c4e4.c	PURE-C	arm9				1		None		-
src/func_0205c5e4.c	WEAK-refs-only	arm9				1		None		-
src/func_0205c788.c	PURE-C	arm9				1		None		-
src/func_0205c7c4.c	PURE-C	arm9				1		None		-
src/func_0205c7e4.c	WEAK-refs-only	arm9				1		None		-
src/func_0205c864.c	WEAK-refs-only	arm9				1		None		-
src/func_0205c91c.c	PURE-C	arm9				1		None		-
src/func_0205c9b8.c	PURE-C	arm9				1		None		-
src/func_0205caa8.c	WEAK-refs-only	arm9				1		None		-
src/func_0205cb68.c	PURE-C	arm9				1		None		-
src/func_0205cbe4.c	WEAK-refs-only	arm9				1		None		-
src/func_0205cc80.c	WEAK-refs-only	arm9				1		None		-
src/func_0205cd34.c	PURE-C	arm9				1		None		-
src/func_0205cd5c.c	WEAK-refs-only	arm9				1		None		-
src/func_0205cf5c.c	PURE-C	arm9				1		None		-
src/func_0205cfa4.c	WEAK-refs-only	arm9				1		None		-
src/func_0205d044.c	WEAK-refs-only	arm9				1		None		-
src/func_0205d23c.c	WEAK-refs-only	arm9				1		None		-
src/func_0205d28c.c	PURE-C	arm9				1		None		-
src/func_0205d2b0.c	PURE-C	arm9				1		None		-
src/func_0205d2dc.c	PURE-C	arm9				1		None		-
src/func_0205d304.c	PURE-C	arm9				1		None		-
src/func_0205d368.c	PURE-C	arm9				1		None		-
src/func_0205d3e4.c	PURE-C	arm9				1		None		-
src/func_0205d3f4.c	WEAK-refs-only	arm9				1		None		-
src/func_0205d4a0.c	PURE-C	arm9				1		None		-
src/func_0205d518.c	PURE-C	arm9				1		None		-
src/func_0205d568.c	PURE-C	arm9				1		None		-
src/func_0205d5e8.c	PURE-C	arm9				1		None		-
src/func_0205d644.c	PURE-C	arm9				1		None		-
src/func_0205d688.c	PURE-C	arm9				1		None		-
src/func_0205d714.c	PURE-C	arm9				1		None		-
src/func_0205d89c.c	PURE-C	arm9				1		None		-
src/func_0205d8d8.c	PURE-C	arm9				1		None		-
src/func_0205d920.c	PURE-C	arm9				1		None		-
src/func_0205d94c.c	PURE-C	arm9				1		None		-
src/func_0205d96c.c	PURE-C	arm9				1		None		-
src/func_0205da94.c	PURE-C	arm9				1		None		-
src/func_0205db24.c	PURE-C	arm9				1		None		-
src/func_0205db2c.c	PURE-C	arm9				1		None		-
src/func_0205db78.c	PURE-C	arm9				1		None		-
src/func_0205db88.c	WEAK-refs-only	arm9				1		None		-
src/func_0205dc0c.c	PURE-C	arm9				1		None		-
src/func_0205dc60.c	PURE-C	arm9				1		None		-
src/func_0205dc7c.c	WEAK-refs-only	arm9				1		None		-
src/func_0205dd9c.c	PURE-C	arm9				1		None		-
src/func_0205de9c.c	PURE-C	arm9				1		None		-
src/func_0205df40.c	PURE-C	arm9				1		None		-
src/func_0205dffc.c	PURE-C	arm9				1		None		-
src/func_0205e088.c	PURE-C	arm9				1		None		-
src/func_0205e0b0.c	WEAK-refs-only	arm9				1		None		-
src/func_0205e0f4.c	PURE-C	arm9				1		None		-
src/func_0205e280.c	PURE-C	arm9				1		None		-
src/func_0205e3d4.c	PURE-C	arm9				1		None		-
src/func_0205e6e4.c	PURE-C	arm9				1		None		-
src/func_0205e7e0.c	PURE-C	arm9				1		None		-
src/func_0205e89c.c	PURE-C	arm9				1		None		-
src/func_0205e904.c	PURE-C	arm9				1		None		-
src/func_0205e9fc.c	PURE-C	arm9				1		None		-
src/func_0205ea10.c	PURE-C	arm9				1		None		-
src/func_0205ea28.c	PURE-C	arm9				1		None		-
src/func_0205eb58.c	WEAK-refs-only	arm9				1		None		-
src/func_0205edc8.c	PURE-C	arm9				1		None		-
src/func_0205efc0.c	PURE-C	arm9				1		None		-
src/func_0205efe0.c	PURE-C	arm9				1		None		-
src/func_0205f040.c	WEAK-refs-only	arm9				1		None		-
src/func_0205f0e0.c	WEAK-refs-only	arm9				1		None		-
src/func_0205f1e4.c	PURE-C	arm9				1		None		-
src/func_0205f270.c	PURE-C	arm9				1		None		-
src/func_0205f300.c	PURE-C	arm9				1		None		-
src/func_0205f5c0.c	PURE-C	arm9				1		None		-
src/func_0205f5fc.c	PURE-C	arm9				1		None		-
src/func_0205f650.c	PURE-C	arm9				1		None		-
src/func_0205f66c.c	PURE-C	arm9				1		None		-
src/func_0205f68c.c	PURE-C	arm9				1		None		-
src/func_0205f8b0.c	PURE-C	arm9				1		None		-
src/func_0205f8e0.c	PURE-C	arm9				1		None		-
src/func_0205f958.c	PURE-C	arm9				1		None		-
src/func_0205f994.c	PURE-C	arm9				1		None		-
src/func_0205f9ac.c	PURE-C	arm9				1		None		-
src/func_0205f9e8.c	PURE-C	arm9				1		None		-
src/func_0205fa78.c	PURE-C	arm9				1		None		-
src/func_0205fab4.c	PURE-C	arm9				1		None		-
src/func_0205fb1c.c	PURE-C	arm9				1		None		-
src/func_0205fb58.c	PURE-C	arm9				1		None		-
src/func_0205fbd0.c	PURE-C	arm9				1		None		-
src/func_0205fc44.c	PURE-C	arm9				1		None		-
src/func_0205fcfc.c	PURE-C	arm9				1		None		-
src/func_0205fde8.c	PURE-C	arm9				1		None		-
src/func_0205feac.c	PURE-C	arm9				1		None		-
src/func_0205ff00.c	PURE-C	arm9				1		None		-
src/func_0205ff08.c	PURE-C	arm9				1		None		-
src/func_0205ff20.c	WEAK-refs-only	arm9				1		None		-
src/func_0205ff70.c	PURE-C	arm9				1		None		-
src/func_0205ff80.c	PURE-C	arm9				1		None		-
src/func_0205ff90.c	PURE-C	arm9				1		None		-
src/func_0205ffb0.c	PURE-C	arm9				1		None		-
src/func_0205ffd0.c	WEAK-refs-only	arm9				1		None		-
src/func_0206002c.c	WEAK-refs-only	arm9				1		None		-
src/func_020600e0.c	WEAK-refs-only	arm9				1		None		-
src/func_02060188.c	WEAK-refs-only	arm9				1		None		-
src/func_02060228.c	PURE-C	arm9				1		None		-
src/func_02060310.c	PURE-C	arm9				1		None		-
src/func_02060364.c	PURE-C	arm9				1		None		-
src/func_02060398.c	PURE-C	arm9				1		None		-
src/func_0206045c.c	PURE-C	arm9				1		None		-
src/func_02060470.c	PURE-C	arm9				1		None		-
src/func_02060484.c	WEAK-refs-only	arm9				1		None		-
src/func_0206071c.c	WEAK-refs-only	arm9				1		None		-
src/func_020607e8.c	PURE-C	arm9				1		None		-
src/func_0206081c.c	WEAK-refs-only	arm9				1		None		-
src/func_02060890.c	PURE-C	arm9				1		None		-
src/func_0206090c.c	PURE-C	arm9				1		None		-
src/func_02060918.c	WEAK-refs-only	arm9				1		None		-
src/func_02060a30.c	PURE-C	arm9				1		None		-
src/func_02060a64.c	PURE-C	arm9				1		None		-
src/func_02060b64.c	WEAK-refs-only	arm9				1		None		-
src/func_02060cac.c	WEAK-refs-only	arm9				1		None		-
src/func_02060d1c.c	PURE-C	arm9				1		None		-
src/func_02060d98.c	PURE-C	arm9				1		None		-
src/func_02060e38.c	WEAK-refs-only	arm9				1		None		-
src/func_02060ebc.c	PURE-C	arm9				1		None		-
src/func_020610fc.c	PURE-C					0		None		NONMATCHING-draft;not-in-delinks
src/func_02061138.c	WEAK-refs-only	arm9				1		None		-
src/func_0206116c.c	PURE-C	arm9				1		None		-
src/func_02061188.c	WEAK-refs-only	arm9				1		None		-
src/func_020614d0.c	WEAK-refs-only	arm9				1		None		-
src/func_0206152c.c	PURE-C	arm9				1		None		-
src/func_02061674.c	PURE-C	arm9				1		None		-
src/func_020616e8.c	WEAK-refs-only	arm9				1		None		-
src/func_020618b8.c	WEAK-refs-only	arm9				1		None		-
src/func_02061960.c	WEAK-refs-only	arm9				1		None		-
src/func_020619ac.c	WEAK-refs-only	arm9				1		None		-
src/func_02061ab0.c	WEAK-refs-only	arm9				1		None		-
src/func_02061b9c.c	WEAK-refs-only	arm9				1		None		-
src/func_02061c20.c	WEAK-refs-only	arm9				1		None		-
src/func_02061c88.c	WEAK-refs-only	arm9				1		None		-
src/func_02061ce4.c	WEAK-refs-only	arm9				1		None		-
src/func_02061d30.c	WEAK-refs-only	arm9				1		None		-
src/func_02061e38.c	WEAK-refs-only	arm9				1		None		-
src/func_02061fdc.c	PURE-C	arm9				1		None		-
src/func_02062024.c	PURE-C	arm9				1		None		-
src/func_020620b0.c	WEAK-refs-only	arm9				1		None		-
src/func_020621b8.c	PURE-C	arm9				1		None		-
src/func_02062200.c	PURE-C	arm9				1		None		-
src/func_02062240.c	PURE-C	arm9				1		None		-
src/func_020622a8.c	PURE-C	arm9				1		None		-
src/func_020622f0.c	PURE-C	arm9				1		None		-
src/func_02062338.c	PURE-C	arm9				1		None		-
src/func_02062380.c	PURE-C	arm9				1		None		-
src/func_020623ec.c	PURE-C	arm9				1		None		-
src/func_02062428.c	WEAK-refs-only	arm9				1		None		-
src/func_0206259c.c	PURE-C	arm9				1		None		-
src/func_020625fc.c	WEAK-refs-only	arm9				1		None		-
src/func_02062734.c	PURE-C	arm9				1		None		-
src/func_02062778.c	PURE-C	arm9				1		None		-
src/func_020627e8.c	WEAK-refs-only	arm9				1		None		-
src/func_02062990.c	WEAK-refs-only	arm9				1		None		-
src/func_02062df0.c	WEAK-refs-only	arm9				1		None		-
src/func_020631dc.c	WEAK-refs-only	arm9				1		None		-
src/func_020634fc.c	PURE-C	arm9				1		None		-
src/func_02063574.c	PURE-C	arm9				1		None		-
src/func_020635d8.c	PURE-C	arm9				1		None		-
src/func_02063648.c	WEAK-refs-only	arm9				1		None		-
src/func_02063718.c	PURE-C	arm9				1		None		-
src/func_02063980.c	PURE-C	arm9				1		None		-
src/func_02063ae4.c	PURE-C	arm9				1		None		-
src/func_02063bc4.c	PURE-C	arm9				1		None		-
src/func_02063d3c.c	PURE-C	arm9				1		None		-
src/func_02063da0.c	PURE-C	arm9				1		None		-
src/func_02063e08.c	PURE-C	arm9				1		None		-
src/func_02063ea8.c	PURE-C	arm9				1		None		-
src/func_02064470.c	PURE-C	arm9				1		None		-
src/func_02064554.c	PURE-C	arm9				1		None		-
src/func_02064674.c	PURE-C	arm9				1		None		-
src/func_0206470c.c	PURE-C	arm9				1		None		-
src/func_020647a4.c	PURE-C	arm9				1		None		-
src/func_020647d8.c	PURE-C	arm9				1		None		-
src/func_020647fc.c	PURE-C	arm9				1		None		-
src/func_02064888.c	PURE-C	arm9				1		None		-
src/func_0206491c.c	PURE-C	arm9				1		None		-
src/func_02064a28.c	PURE-C	arm9				1		None		-
src/func_02064a94.c	PURE-C	arm9				1		None		-
src/func_02064b2c.c	PURE-C	arm9				1		None		-
src/func_02064bac.c	PURE-C	arm9				1		None		-
src/func_02064c2c.c	PURE-C	arm9				1		None		-
src/func_02064cd8.c	PURE-C	arm9				1		None		-
src/func_02064d6c.c	PURE-C	arm9				1		None		-
src/func_02064e18.c	PURE-C	arm9				1		None		-
src/func_02064eac.c	PURE-C	arm9				1		None		-
src/func_02064f54.c	PURE-C	arm9				1		None		-
src/func_02064fe8.c	PURE-C	arm9				1		None		-
src/func_02065050.c	PURE-C	arm9				1		None		-
src/func_020650a0.c	PURE-C	arm9				1		None		-
src/func_020650d8.c	PURE-C	arm9				1		None		-
src/func_02065138.c	PURE-C	arm9				1		None		-
src/func_02065170.c	WEAK-refs-only	arm9				1		None		-
src/func_02065234.c	WEAK-refs-only	arm9				1		None		-
src/func_020652fc.c	WEAK-refs-only	arm9				1		None		-
src/func_020653cc.c	PURE-C	arm9				1		None		-
src/func_020654d0.c	PURE-C	arm9				1		None		-
src/func_02065500.c	PURE-C	arm9				1		None		-
src/func_02065538.c	PURE-C	arm9				1		None		-
src/func_020656d4.c	PURE-C	arm9				1		None		-
src/func_02065730.c	PURE-C	arm9				1		None		-
src/func_02065788.c	PURE-C	arm9				1		None		-
src/func_020657d0.c	PURE-C	arm9				1		None		-
src/func_020657fc.c	WEAK-refs-only	arm9				1		None		-
src/func_020658c0.c	WEAK-refs-only	arm9				1		None		-
src/func_02065970.c	PURE-C	arm9				1		None		-
src/func_020659a0.c	PURE-C	arm9				1		None		-
src/func_020659f8.c	PURE-C	arm9				1		None		-
src/func_02065a4c.c	PURE-C	arm9				1		None		-
src/func_02065a74.c	PURE-C	arm9				1		None		-
src/func_02065a84.c	PURE-C	arm9				1		None		-
src/func_02065a94.c	PURE-C	arm9				1		None		-
src/func_02065ad0.c	PURE-C	arm9				1		None		-
src/func_02065ae0.c	PURE-C	arm9				1		None		-
src/func_02065af0.c	WEAK-refs-only	arm9				1		None		-
src/func_02065b88.c	PURE-C	arm9				1		None		-
src/func_02065b94.c	PURE-C	arm9				1		None		-
src/func_02065ba0.c	PURE-C	arm9				1		None		-
src/func_02065bb0.c	PURE-C	arm9				1		None		-
src/func_02065bc0.c	PURE-C	arm9				1		None		-
src/func_02065bd0.c	PURE-C	arm9				1		None		-
src/func_02065be0.c	PURE-C	arm9				1		None		-
src/func_02065bf4.c	PURE-C	arm9				1		None		-
src/func_02065c1c.c	PURE-C	arm9				1		None		-
src/func_02065c2c.c	PURE-C	arm9				1		None		-
src/func_02065d5c.c	PURE-C	arm9				1		None		-
src/func_02065de4.c	PURE-C	arm9				1		None		-
src/func_02065eb8.c	PURE-C	arm9				1		None		-
src/func_02065edc.c	PURE-C	arm9				1		None		-
src/func_02065ef8.c	PURE-C	arm9				1		None		-
src/func_02065f08.c	PURE-C	arm9				1		None		-
src/func_02065f78.c	PURE-C	arm9				1		None		-
src/func_0206610c.c	PURE-C	arm9				1		None		-
src/func_020662c0.c	PURE-C	arm9				1		None		-
src/func_02066470.c	PURE-C	arm9				1		None		-
src/func_020664b4.c	PURE-C	arm9				1		None		-
src/func_0206655c.c	PURE-C	arm9				1		None		-
src/func_02066a94.c	PURE-C	arm9				1		None		-
src/func_02066fb0.c	PURE-C	arm9				1		None		-
src/func_02066fec.c	PURE-C	arm9				1		None		-
src/func_02067138.c	PURE-C	arm9				1		None		-
src/func_02067194.c	PURE-C	arm9				1		None		-
src/func_020671b4.c	WEAK-refs-only	arm9				1		None		-
src/func_02067250.c	PURE-C	arm9				1		None		-
src/func_020672a4.c	WEAK-refs-only	arm9				1		None		-
src/func_020672d0.c	PURE-C	arm9				1		None		-
src/func_0206736c.c	PURE-C	arm9				1		None		-
src/func_02067480.c	PURE-C	arm9				1		None		-
src/func_02067530.c	PURE-C	arm9				1		None		-
src/func_02067604.c	PURE-C	arm9				1		None		-
src/func_020676e0.c	PURE-C	arm9				1		None		-
src/func_020678a4.c	PURE-C	arm9				1		None		-
src/func_02067928.c	WEAK-refs-only	arm9				1		None		-
src/func_02067b68.c	PURE-C	arm9				1		None		-
src/func_02067bfc.c	WEAK-refs-only	arm9				1		None		-
src/func_02067e70.c	PURE-C	arm9				1		None		-
src/func_02067ee4.c	PURE-C	arm9				1		None		-
src/func_02067f2c.c	WEAK-refs-only	arm9				1		None		-
src/func_02067f68.c	PURE-C	arm9				1		None		-
src/func_02068188.c	PURE-C	arm9				1		None		-
src/func_020681b8.c	PURE-C	arm9				1		None		-
src/func_0206834c.c	PURE-C	arm9				1		None		-
src/func_02068398.c	PURE-C					0		None		NONMATCHING-draft;not-in-delinks
src/func_02068410.c	PURE-C	arm9				1		None		-
src/func_02068484.c	PURE-C	arm9				1		None		-
src/func_020684a8.c	PURE-C	arm9				1		None		-
src/func_020684d0.c	PURE-C	arm9				1		None		-
src/func_02068514.c	PURE-C	arm9				1		None		-
src/func_0206853c.c	PURE-C	arm9				1		None		-
src/func_020685cc.c	PURE-C	arm9				1		None		-
src/func_02068680.c	PURE-C	arm9				1		None		-
src/func_0206879c.c	PURE-C	arm9				1		None		-
src/func_020687f8.c	PURE-C	arm9				1		None		-
src/func_0206881c.c	PURE-C	arm9				1		None		-
src/func_02068834.c	PURE-C	arm9				1		None		-
src/func_02068844.c	PURE-C	arm9				1		None		-
src/func_020688b4.c	PURE-C	arm9				1		None		-
src/func_020688cc.c	PURE-C	arm9				1		None		-
src/func_020688e4.c	PURE-C	arm9				1		None		-
src/func_020688fc.c	PURE-C	arm9				1		None		-
src/func_02068a28.c	PURE-C	arm9				1		None		-
src/func_02068a54.c	WEAK-refs-only	arm9				1		None		-
src/func_02068a74.c	PURE-C	arm9				1		None		-
src/func_02068ae8.c	WEAK-refs-only	arm9				1		None		-
src/func_02068d08.c	PURE-C	arm9				1		None		-
src/func_02068dc8.c	PURE-C	arm9				1		None		-
src/func_02068e44.c	PURE-C	arm9				1		None		-
src/func_02068e4c.c	WEAK-refs-only	arm9				1		None		-
src/func_02069038.c	PURE-C	arm9				1		None		-
src/func_020690b0.c	WEAK-refs-only	arm9				1		None		-
src/func_02069918.c	PURE-C	arm9				1		None		-
src/func_02069994.c	PURE-C	arm9				1		None		-
src/func_0206a230.c	PURE-C	arm9				1		None		-
src/func_0206a29c.c	PURE-C	arm9				1		None		-
src/func_0206a318.c	PURE-C	arm9				1		None		-
src/func_0206a37c.c	WEAK-refs-only	arm9				1		None		-
src/func_0206a3a4.c	WEAK-refs-only	arm9				1		None		-
src/func_0206a424.c	PURE-C	arm9				1		None		-
src/func_0206a458.c	PURE-C	arm9				1		None		-
src/func_0206a4a0.c	PURE-C	arm9				1		None		-
src/func_0206a5c0.c	PURE-C	arm9				1		None		-
src/func_0206a600.c	PURE-C	arm9				1		None		-
src/func_0206a634.c	PURE-C	arm9				1		None		-
src/func_0206a694.c	PURE-C	arm9				1		None		-
src/func_0206a6d0.c	WEAK-refs-only	arm9				1		None		-
src/func_0206a88c.c	PURE-C	arm9				1		None		-
src/func_0206a928.c	PURE-C					0		None		NONMATCHING-draft;not-in-delinks
src/func_0206bc8c.c	PURE-C	arm9				1		None		-
src/func_0206bdb4.c	PURE-C	arm9				1		None		-
src/func_0206c244.c	PURE-C	arm9				1		None		-
src/func_0206c51c.c	PURE-C	arm9				1		None		-
src/func_0206c8b4.c	PURE-C	arm9				1		None		-
src/func_0206c90c.c	PURE-C	arm9				1		None		-
src/func_0206c93c.c	PURE-C	arm9				1		None		-
src/func_0206c9f4.c	PURE-C	arm9				1		None		-
src/func_0206ca44.c	PURE-C	arm9				1		None		-
src/func_0206ca7c.c	PURE-C	arm9				1		None		-
src/func_0206cb0c.c	PURE-C	arm9				1		None		-
src/func_0206cbc0.c	PURE-C	arm9				1		None		-
src/func_0206ccd8.c	PURE-C	arm9				1		None		-
src/func_0206cd9c.c	PURE-C	arm9				1		None		-
src/func_0206ce20.c	PURE-C	arm9				1		None		-
src/func_0206ce90.c	WEAK-refs-only					0		None		not-in-delinks
src/func_0206cec0.c	PURE-C					0		None		not-in-delinks
src/func_0206cee0.c	PURE-C					0		None		not-in-delinks
src/func_0206cf7c.c	PURE-C					0		None		not-in-delinks
src/func_0206cf98.c	WEAK-refs-only					0		None		not-in-delinks
src/func_0206d32c.c	WEAK-refs-only					0		None		not-in-delinks
src/func_0206d868.c	WEAK-refs-only					0		None		not-in-delinks
src/func_0206d890.c	WEAK-refs-only					0		None		not-in-delinks
src/func_0206d8c4.c	WEAK-refs-only					0		None		not-in-delinks
src/func_0206d940.c	WEAK-refs-only					0		None		not-in-delinks
src/func_0206d9cc.c	PURE-C					0		None		not-in-delinks
src/func_0206da18.c	PURE-C					0		None		not-in-delinks
src/func_0206da64.c	PURE-C	arm9				1		None		-
src/func_0206da94.c	PURE-C	arm9				1		None		-
src/func_0206da9c.c	PURE-C	arm9				1		None		-
src/func_0206dab4.c	PURE-C	arm9				1		None		-
src/func_0206dac4.c	PURE-C	arm9				1		None		-
src/func_0206dbf8.c	PURE-C	arm9				1		None		-
src/func_0206dc4c.c	PURE-C	arm9				1		None		-
src/func_0206dc7c.c	PURE-C	arm9				1		None		-
src/func_0206dcd4.c	PURE-C	arm9				1		None		-
src/func_0206dd30.c	PURE-C	arm9				1		None		-
src/func_0206dd7c.c	PURE-C	arm9				1		None		-
src/func_0206ddcc.c	PURE-C	arm9				1		None		-
src/func_0206de14.c	PURE-C	arm9				1		None		-
src/func_0206df14.c	PURE-C	arm9				1		None		-
src/func_0206df90.c	PURE-C	arm9				1		None		-
src/func_0206e030.c	PURE-C	arm9				1		None		-
src/func_0206e068.c	PURE-C	arm9				1		None		-
src/func_0206e06c.c	PURE-C	arm9				1		None		-
src/func_0206e184.c	WEAK-refs-only	arm9				1		None		-
src/func_0206e218.c	PURE-C	arm9				1		None		-
src/func_0206e240.c	PURE-C	arm9				1		None		-
src/func_0206e254.c	PURE-C	arm9				1		None		-
src/func_0206e28c.c	PURE-C	arm9				1		None		-
src/func_0206e2cc.c	PURE-C	arm9				1		None		-
src/func_0206e2f8.c	PURE-C	arm9				1		None		-
src/func_0206e310.c	PURE-C	arm9				1		None		-
src/func_0206e330.c	PURE-C					0		None		NONMATCHING-draft;not-in-delinks
src/func_0206e3dc.c	PURE-C	arm9				1		None		-
src/func_0206e450.c	PURE-C	arm9				1		None		-
src/func_0206e4a4.c	WEAK-refs-only	arm9				1		None		-
src/func_0206ece0.c	PURE-C	arm9				1		None		-
src/func_0206f338.c	PURE-C	arm9				1		None		-
src/func_0206f46c.c	PURE-C	arm9				1		None		-
src/func_0206f820.c	PURE-C	arm9				1		None		-
src/func_0206fb08.c	PURE-C	arm9				1		None		-
src/func_0206fd6c.c	PURE-C	arm9				1		None		-
src/func_02070348.c	PURE-C	arm9				1		None		-
src/func_0207037c.c	PURE-C	arm9				1		None		-
src/func_020706b0.c	PURE-C	arm9				1		None		-
src/func_020707a4.c	PURE-C	arm9				1		None		-
src/func_020707cc.c	PURE-C	arm9				1		None		-
src/func_020707f4.c	PURE-C	arm9				1		None		-
src/func_020708b4.c	PURE-C	arm9				1		None		-
src/func_02070b98.c	PURE-C	arm9				1		None		-
src/func_02070c68.c	PURE-C	arm9				1		None		-
src/func_02070ec0.c	PURE-C	arm9				1		None		-
src/func_020712a0.c	PURE-C	arm9				1		None		-
src/func_02071364.c	PURE-C	arm9				1		None		-
src/func_02071510.c	PURE-C	arm9				1		None		-
src/func_020715e0.c	PURE-C	arm9				1		None		-
src/func_02071644.c	PURE-C					0		None		NONMATCHING-draft;not-in-delinks
src/func_02071694.c	PURE-C	arm9				1		None		-
src/func_02071698.c	PURE-C	arm9				1		None		-
src/func_02071708.c	PURE-C	arm9				1		None		-
src/func_02071784.c	PURE-C	arm9				1		None		-
src/func_02071790.c	PURE-C					0		None		NONMATCHING-draft;not-in-delinks
src/func_020717c0.c	PURE-C					0		None		NONMATCHING-draft;not-in-delinks
src/func_0207180c.c	PURE-C	arm9				1		None		-
src/func_02071844.c	PURE-C	arm9				1		None		-
src/func_02071864.c	PURE-C	arm9				1		None		-
src/func_02071910.c	PURE-C	arm9				1		None		-
src/func_02071974.c	PURE-C	arm9				1		None		-
src/func_02071988.c	PURE-C	arm9				1		None		-
src/func_0207199c.c	PURE-C	arm9				1		None		-
src/func_020719ac.c	PURE-C	arm9				1		None		-
src/func_020719b4.c	PURE-C	arm9				1		None		-
src/func_020719ec.c	PURE-C	arm9				1		None		-
src/func_02071a50.c	PURE-C	arm9				1		None		-
src/func_02071ba0.c	PURE-C	arm9				1		None		-
src/func_02071be8.c	PURE-C	arm9				1		None		-
src/func_02071ccc.c	PURE-C	arm9				1		None		-
src/func_02071d3c.c	PURE-C	arm9				1		None		-
src/func_02071f1c.c	PURE-C	arm9				1		None		-
src/func_02071f88.c	PURE-C	arm9				1		None		-
src/func_02072014.c	PURE-C	arm9				1		None		-
src/func_02072168.c	PURE-C	arm9				1		None		-
src/func_020729f4.c	PURE-C	arm9				1		None		-
src/func_02072d90.c	PURE-C	arm9				1		None		-
src/func_02072dac.c	PURE-C	arm9				1		None		-
src/func_02072ed0.c	PURE-C	arm9				1		None		-
src/func_02072f3c.c	PURE-C	arm9				1		None		-
src/func_02072f94.c	PURE-C	arm9				1		None		-
src/func_02072fcc.c	PURE-C	arm9				1		None		-
src/func_020731dc.c	PURE-C	arm9				1		None		-
src/func_020731fc.c	PURE-C	arm9				1		None		-
src/func_02073220.c	PURE-C	arm9				1		None		-
src/func_0207322c.c	PURE-C	arm9				1		None		-
src/func_02073238.c	PURE-C	arm9				1		None		-
src/func_02073244.c	PURE-C	arm9				1		None		-
src/func_020732e8.c	PURE-C					0		None		NONMATCHING-draft;not-in-delinks
src/func_02073300.c	PURE-C					0		None		NONMATCHING-draft;not-in-delinks
src/func_0207335c.c	PURE-C					0		None		NONMATCHING-draft;not-in-delinks
src/func_020733a8.c	PURE-C					0		None		NONMATCHING-draft;not-in-delinks
src/func_02073470.c	WEAK-refs-only					0		None		NONMATCHING-draft;not-in-delinks
src/func_02073534.c	PURE-C					0		None		NONMATCHING-draft;not-in-delinks
src/func_02073584.c	PURE-C					0		None		NONMATCHING-draft;not-in-delinks
src/func_0207359c.c	P2-vtable-only	arm9	abi::__vmi_class_type_info	abi	vtable abi::__vmi_class_type_info slot 1 @0x207359c	1		False		no-header:abi
src/func_020735c8.c	P2-vtable-only	arm9	abi::__vmi_class_type_info	abi	vtable abi::__vmi_class_type_info slot 0 @0x20735c8	1		False		no-header:abi
src/func_020735ec.c	P2-vtable-only	arm9	abi::__si_class_type_info	abi	vtable abi::__si_class_type_info slot 1 @0x20735ec	1		False		no-header:abi
src/func_02073618.c	P2-vtable-only	arm9	abi::__si_class_type_info	abi	vtable abi::__si_class_type_info slot 0 @0x2073618	1		False		no-header:abi
src/func_0207363c.c	PURE-C	arm9				1		None		-
src/func_02073660.c	P2-vtable-only	arm9	abi::__class_type_info	abi	vtable abi::__class_type_info slot 1 @0x2073660	1		False		no-header:abi
src/func_0207368c.c	P2-vtable-only	arm9	abi::__class_type_info	abi	vtable abi::__class_type_info slot 0 @0x207368c	1		False		no-header:abi
src/func_020736b0.c	PURE-C	arm9				1		None		-
src/func_020736c0.c	P2-vtable-only	arm9	std::type_info	std	vtable std::type_info slot 1 @0x20736c0	1		False		no-header:std
src/func_020736e4.c	P2-vtable-only	arm9	std::type_info	std	vtable std::type_info slot 0 @0x20736e4	1		False		no-header:std
src/func_ov000_020aa420.c	PURE-C	ov000				1		None		-
src/func_ov001_020aa420.c	WEAK-refs-only	ov001				1		None		-
src/func_ov001_020aa6b0.c	PURE-C	ov001				1		None		-
src/func_ov001_020aa6cc.c	PURE-C	ov001				1		None		-
src/func_ov001_020aa79c.c	PURE-C	ov001				1		None		-
src/func_ov001_020aadac.c	WEAK-refs-only	ov001				1		None		-
src/func_ov001_020aaf40.c	WEAK-refs-only	ov001				1		None		-
src/func_ov001_020ab110.c	PURE-C	ov001				1		None		-
src/func_ov001_020ab228.c	PURE-C	ov001				1		None		-
src/func_ov001_020ab2e4.c	WEAK-refs-only	ov001				1		None		-
src/func_ov001_020ab374.c	P2-vtable-only	ov001	dCapIcon_c	dCapIcon_c	vtable dCapIcon_c slot 1 @0x20ab374	1		False		no-header:dCapIcon_c
src/func_ov001_020ab3a0.c	P2-vtable-only	ov001	dCapIcon_c	dCapIcon_c	vtable dCapIcon_c slot 0 @0x20ab3a0	1		False		no-header:dCapIcon_c
src/func_ov001_020ab3c4.c	PURE-C	ov001				1		None		-
src/func_ov001_020ab3f0.c	PURE-C	ov001				1		None		-
src/func_ov001_020ab41c.c	PURE-C	ov001				1		None		-
src/func_ov001_020ab54c.c	P2-vtable-only	ov001	dThIcon_c	dThIcon_c	vtable dThIcon_c slot 1 @0x20ab54c	1		False		no-header:dThIcon_c
src/func_ov001_020ab550.c	P2-vtable-only	ov001	dThIcon_c	dThIcon_c	vtable dThIcon_c slot 0 @0x20ab550	1		False		no-header:dThIcon_c
src/func_ov001_020ab5b0.c	PURE-C	ov001				1		None		-
src/func_ov002_020ae5c8.c	WEAK-refs-only	ov002				1		None		-
src/func_ov002_020ae608.c	WEAK-refs-only	ov002				1		None		-
src/func_ov002_020ae64c.c	PURE-C	ov002				1		None		-
src/func_ov002_020ae73c.c	WEAK-refs-only	ov002				1		None		-
src/func_ov002_020ae80c.c	PURE-C	ov002				1		None		-
src/func_ov002_020ae844.c	PURE-C	ov002				1		None		-
src/func_ov002_020ae87c.c	PURE-C	ov002				1		None		-
src/func_ov002_020ae890.c	WEAK-refs-only	ov002				1		None		-
src/func_ov002_020ae8b8.c	PURE-C	ov002				1		None		-
src/func_ov002_020ae954.c	PURE-C	ov002				1		None		-
src/func_ov002_020ae968.c	WEAK-refs-only	ov002				1		None		-
src/func_ov002_020ae9f8.c	PURE-C	ov002				1		None		-
src/func_ov002_020aea24.c	PURE-C	ov002				1		None		-
src/func_ov002_020aea2c.c	PURE-C	ov002				1		None		-
src/func_ov002_020aefa4.c	PURE-C	ov002				1		None		-
src/func_ov002_020af0c0.c	WEAK-refs-only	ov002				1		None		-
src/func_ov002_020af1dc.c	WEAK-refs-only	ov002				1		None		-
src/func_ov002_020af218.c	WEAK-refs-only	ov002				1		None		-
src/func_ov002_020af248.c	WEAK-refs-only	ov002				1		None		-
src/func_ov002_020af3a8.c	WEAK-refs-only	ov002				1		None		-
src/func_ov002_020af474.c	PURE-C	ov002				1		None		-
src/func_ov002_020af724.c	WEAK-refs-only	ov002				1		None		-
src/func_ov002_020af7cc.c	PURE-C	ov002				1		None		-
src/func_ov002_020af838.c	WEAK-refs-only	ov002				1		None		-
src/func_ov002_020af908.c	PURE-C	ov002				1		None		-
src/func_ov002_020af924.c	PURE-C	ov002				1		None		-
src/func_ov002_020af950.c	WEAK-refs-only	ov002				1		None		-
src/func_ov002_020afa50.c	PURE-C	ov002				1		None		-
src/func_ov002_020afa6c.c	PURE-C	ov002				1		None		-
src/func_ov002_020afa98.c	WEAK-refs-only	ov002				1		None		-
src/func_ov002_020afbb4.c	WEAK-refs-only	ov002				1		None		-
src/func_ov002_020afc44.c	PURE-C	ov002				1		None		-
src/func_ov002_020afd10.c	WEAK-refs-only	ov002				1		None		-
src/func_ov002_020aff10.c	WEAK-refs-only	ov002				1		None		-
src/func_ov002_020b0a0c.c	PURE-C	ov002				1		None		-
src/func_ov002_020b1008.c	WEAK-refs-only	ov002				1		None		-
src/func_ov002_020b10a0.c	WEAK-refs-only	ov002				1		None		-
src/func_ov002_020b10e4.c	WEAK-refs-only	ov002				1		None		-
src/func_ov002_020b12ec.c	PURE-C	ov002				1		None		-
src/func_ov002_020b1328.c	WEAK-refs-only	ov002				1		None		-
src/func_ov002_020b14d8.c	WEAK-refs-only	ov002				1		None		-
src/func_ov002_020b16c4.c	WEAK-refs-only	ov002				1		None		-
src/func_ov002_020b1884.c	WEAK-refs-only	ov002				1		None		-
src/func_ov002_020b18f0.c	WEAK-refs-only	ov002				1		None		-
src/func_ov002_020b19dc.c	WEAK-refs-only	ov002				1		None		-
src/func_ov002_020b1a60.c	WEAK-refs-only	ov002				1		None		-
src/func_ov002_020b1ad4.c	WEAK-refs-only	ov002				1		None		-
src/func_ov002_020b1cc0.c	WEAK-refs-only	ov002				1		None		-
src/func_ov002_020b3344.c	WEAK-refs-only	ov002				1		None		-
src/func_ov002_020b363c.c	PURE-C	ov002				1		None		-
src/func_ov002_020b36a0.c	PURE-C	ov002				1		None		-
src/func_ov002_020b41b8.c	PURE-C	ov002				1		None		-
src/func_ov002_020b42e4.c	WEAK-refs-only	ov002				1		None		-
src/func_ov002_020b4714.c	WEAK-refs-only	ov002				1		None		-
src/func_ov002_020b47ec.c	PURE-C	ov002				1		None		-
src/func_ov002_020b4b6c.c	WEAK-refs-only	ov002				1		None		-
src/func_ov002_020b4d58.c	WEAK-refs-only	ov002				1		None		-
src/func_ov002_020b4fd0.c	WEAK-refs-only	ov002				1		None		-
src/func_ov002_020b50a0.c	PURE-C	ov002				1		None		-
src/func_ov002_020b567c.c	PURE-C	ov002				1		None		-
src/func_ov002_020b56c4.c	PURE-C	ov002				1		None		-
src/func_ov002_020b5b98.c	PURE-C	ov002				1		None		-
src/func_ov002_020b5f9c.c	PURE-C	ov002				1		None		-
src/func_ov002_020b5fc4.c	PURE-C	ov002				1		None		-
src/func_ov002_020b60fc.c	WEAK-refs-only	ov002				1		None		-
src/func_ov002_020b6244.c	WEAK-refs-only	ov002				1		None		-
src/func_ov002_020b62cc.c	PURE-C	ov002				1		None		-
src/func_ov002_020b6374.c	PURE-C	ov002				1		None		-
src/func_ov002_020b6424.c	WEAK-refs-only	ov002				1		None		-
src/func_ov002_020b6584.c	WEAK-refs-only	ov002				1		None		-
src/func_ov002_020b66a8.c	WEAK-refs-only	ov002				1		None		-
src/func_ov002_020b6958.c	WEAK-refs-only	ov002				1		None		-
src/func_ov002_020b6a80.c	PURE-C	ov002				1		None		-
src/func_ov002_020b6c54.c	WEAK-refs-only	ov002				1		None		-
src/func_ov002_020b6d84.c	P2-vtable-only	ov002	daObjLava_c	daObjLava_c	vtable daObjLava_c slot 6 @0x20b6d84	1		False		no-header:daObjLava_c
src/func_ov002_020b71e8.c	PURE-C	ov002				1		None		-
src/func_ov002_020b71f0.c	PURE-C	ov002				1		None		-
src/func_ov002_020b7200.c	WEAK-refs-only	ov002				1		None		-
src/func_ov002_020b7330.c	WEAK-refs-only	ov002				1		None		-
src/func_ov002_020b74d0.c	WEAK-refs-only	ov002				1		None		-
src/func_ov002_020b76ec.c	WEAK-refs-only	ov002				1		None		-
src/func_ov002_020b781c.c	WEAK-refs-only	ov002				1		None		-
src/func_ov002_020b7b70.c	PURE-C	ov002				1		None		-
src/func_ov002_020b7c30.c	WEAK-refs-only	ov002				1		None		-
src/func_ov002_020b7cdc.c	PURE-C	ov002				1		None		-
src/func_ov002_020b7d58.c	PURE-C	ov002				1		None		-
src/func_ov002_020b7d6c.c	PURE-C	ov002				1		None		-
src/func_ov002_020b7d94.c	PURE-C	ov002				1		None		-
src/func_ov002_020b7e08.c	PURE-C	ov002				1		None		-
src/func_ov002_020b7f24.c	PURE-C	ov002				1		None		-
src/func_ov002_020b7f7c.c	WEAK-refs-only	ov002				1		None		-
src/func_ov002_020b91fc.c	WEAK-refs-only	ov002				1		None		-
src/func_ov002_020b92b8.c	PURE-C	ov002				1		None		-
src/func_ov002_020b94c4.c	WEAK-refs-only	ov002				1		None		-
src/func_ov002_020b96c0.c	PURE-C	ov002				1		None		-
src/func_ov002_020b979c.c	WEAK-refs-only	ov002				1		None		-
src/func_ov002_020b993c.c	WEAK-refs-only	ov002				1		None		-
src/func_ov002_020b9a1c.c	PURE-C	ov002				1		None		-
src/func_ov002_020b9f00.c	WEAK-refs-only	ov002				1		None		-
src/func_ov002_020ba0bc.c	WEAK-refs-only	ov002				1		None		-
src/func_ov002_020ba1ac.c	PURE-C	ov002				1		None		-
src/func_ov002_020ba2ac.c	PURE-C	ov002				1		None		-
src/func_ov002_020ba2d0.c	WEAK-refs-only	ov002				1		None		-
src/func_ov002_020ba3a8.c	PURE-C	ov002				1		None		-
src/func_ov002_020ba4c0.c	PURE-C	ov002				1		None		-
src/func_ov002_020baa2c.c	PURE-C	ov002				1		None		-
src/func_ov002_020baa98.c	PURE-C	ov002				1		None		-
src/func_ov002_020bac18.c	WEAK-refs-only	ov002				1		None		-
src/func_ov002_020bad10.c	WEAK-refs-only	ov002				1		None		-
src/func_ov002_020bae9c.c	WEAK-refs-only	ov002				1		None		-
src/func_ov002_020baf80.c	PURE-C	ov002				1		None		-
src/func_ov002_020bafc0.c	PURE-C	ov002				1		None		-
src/func_ov002_020bb060.c	WEAK-refs-only	ov002				1		None		-
src/func_ov002_020bb42c.c	WEAK-refs-only	ov002				1		None		-
src/func_ov002_020bb520.c	WEAK-refs-only	ov002				1		None		-
src/func_ov002_020bb9f0.c	PURE-C	ov002				1		None		-
src/func_ov002_020bb9fc.c	PURE-C	ov002				1		None		-
src/func_ov002_020bba24.c	PURE-C	ov002				1		None		-
src/func_ov002_020bbac8.c	PURE-C	ov002				1		None		-
src/func_ov002_020bbc78.c	PURE-C	ov002				1		None		-
src/func_ov002_020bbd50.c	PURE-C	ov002				1		None		-
src/func_ov002_020bc488.c	PURE-C	ov002				1		None		-
src/func_ov002_020bc664.c	PURE-C	ov002				1		None		-
src/func_ov002_020bc990.c	PURE-C	ov002				1		None		-
src/func_ov002_020bccfc.c	WEAK-refs-only	ov002				1		None		-
src/func_ov002_020bcd18.c	PURE-C	ov002				1		None		-
src/func_ov002_020bcd38.c	WEAK-refs-only	ov002				1		None		-
src/func_ov002_020bcdf0.c	WEAK-refs-only	ov002				1		None		-
src/func_ov002_020bd06c.c	WEAK-refs-only	ov002				1		None		-
src/func_ov002_020bd20c.c	PURE-C	ov002				1		None		-
src/func_ov002_020bd354.c	PURE-C	ov002				1		None		-
src/func_ov002_020bd3a0.c	PURE-C	ov002				1		None		-
src/func_ov002_020bd438.c	PURE-C	ov002				1		None		-
src/func_ov002_020bd4ac.c	PURE-C	ov002				1		None		-
src/func_ov002_020bd4c8.c	PURE-C	ov002				1		None		-
src/func_ov002_020bd4e0.c	PURE-C	ov002				1		None		-
src/func_ov002_020bd600.c	PURE-C	ov002				1		None		-
src/func_ov002_020bd8ac.c	PURE-C	ov002				1		None		-
src/func_ov002_020bda48.c	PURE-C	ov002				1		None		-
src/func_ov002_020bdc18.c	PURE-C	ov002				1		None		-
src/func_ov002_020bdd2c.c	PURE-C	ov002				1		None		-
src/func_ov002_020bdf8c.c	WEAK-refs-only	ov002				1		None		-
src/func_ov002_020be3b0.c	WEAK-refs-only	ov002				1		None		-
src/func_ov002_020bea7c.c	PURE-C	ov002				1		None		-
src/func_ov002_020beb38.c	PURE-C	ov002				1		None		-
src/func_ov002_020bec84.c	WEAK-refs-only	ov002				1		None		-
src/func_ov002_020bf13c.c	PURE-C	ov002				1		None		-
src/func_ov002_020bf224.c	PURE-C	ov002				1		None		-
src/func_ov002_020bf27c.c	PURE-C	ov002				1		None		-
src/func_ov002_020bf2d8.c	PURE-C	ov002				1		None		-
src/func_ov002_020bf340.c	PURE-C	ov002				1		None		-
src/func_ov002_020bf40c.c	WEAK-refs-only	ov002				1		None		-
src/func_ov002_020bf5e0.c	WEAK-refs-only	ov002				1		None		-
src/func_ov002_020bf88c.c	WEAK-refs-only	ov002				1		None		-
src/func_ov002_020bf90c.c	WEAK-refs-only	ov002				1		None		-
src/func_ov002_020bfec0.c	WEAK-refs-only	ov002				1		None		-
src/func_ov002_020c0108.c	WEAK-refs-only	ov002				1		None		-
src/func_ov002_020c0364.c	WEAK-refs-only	ov002				1		None		-
src/func_ov002_020c0434.c	PURE-C	ov002				1		None		-
src/func_ov002_020c04ac.c	PURE-C	ov002				1		None		-
src/func_ov002_020c04e0.c	WEAK-refs-only	ov002				1		None		-
src/func_ov002_020c06fc.c	WEAK-refs-only	ov002				1		None		-
src/func_ov002_020c0cbc.c	PURE-C	ov002				1		None		-
src/func_ov002_020c0d90.c	WEAK-refs-only	ov002				1		None		-
src/func_ov002_020c0fb4.c	WEAK-refs-only	ov002				1		None		-
src/func_ov002_020c133c.c	WEAK-refs-only	ov002				1		None		-
src/func_ov002_020c14b8.c	WEAK-refs-only	ov002				1		None		-
src/func_ov002_020c16ec.c	WEAK-refs-only	ov002				1		None		-
src/func_ov002_020c18b0.c	PURE-C	ov002				1		None		-
src/func_ov002_020c1ad8.c	WEAK-refs-only	ov002				1		None		-
src/func_ov002_020c1c84.c	WEAK-refs-only	ov002				1		None		-
src/func_ov002_020c1e44.c	PURE-C	ov002				1		None		-
src/func_ov002_020c200c.c	WEAK-refs-only	ov002				1		None		-
src/func_ov002_020c231c.c	WEAK-refs-only	ov002				1		None		-
src/func_ov002_020c25a8.c	WEAK-refs-only	ov002				1		None		-
src/func_ov002_020c2b08.c	WEAK-refs-only	ov002				1		None		-
src/func_ov002_020c2db8.c	PURE-C	ov002				1		None		-
src/func_ov002_020c2f64.c	WEAK-refs-only	ov002				1		None		-
src/func_ov002_020c2fec.c	PURE-C	ov002				1		None		-
src/func_ov002_020c3148.c	PURE-C	ov002				1		None		-
src/func_ov002_020c3160.c	PURE-C	ov002				1		None		-
src/func_ov002_020c38a0.c	WEAK-refs-only	ov002				1		None		-
src/func_ov002_020c3a48.c	WEAK-refs-only	ov002				1		None		-
src/func_ov002_020c3bdc.c	WEAK-refs-only	ov002				1		None		-
src/func_ov002_020c3cf0.c	PURE-C	ov002				1		None		-
src/func_ov002_020c3dbc.c	WEAK-refs-only	ov002				1		None		-
src/func_ov002_020c3e8c.c	WEAK-refs-only	ov002				1		None		-
src/func_ov002_020c3ea0.c	WEAK-refs-only	ov002				1		None		-
src/func_ov002_020c3f18.c	PURE-C	ov002				1		None		-
src/func_ov002_020c3f2c.c	WEAK-refs-only	ov002				1		None		-
src/func_ov002_020c4188.c	WEAK-refs-only	ov002				1		None		-
src/func_ov002_020c43c4.c	PURE-C	ov002				1		None		-
src/func_ov002_020c44c4.c	WEAK-refs-only	ov002				1		None		-
src/func_ov002_020c5244.c	PURE-C	ov002				1		None		-
src/func_ov002_020c56f0.c	WEAK-refs-only	ov002				1		None		-
src/func_ov002_020c5cd8.c	PURE-C	ov002				1		None		-
src/func_ov002_020c5d0c.c	PURE-C	ov002				1		None		-
src/func_ov002_020c5d60.c	WEAK-refs-only	ov002				1		None		-
src/func_ov002_020c61ac.c	WEAK-refs-only	ov002				1		None		-
src/func_ov002_020c6e14.c	WEAK-refs-only	ov002				1		None		-
src/func_ov002_020c6fe4.c	WEAK-refs-only	ov002				1		None		-
src/func_ov002_020c70ac.c	PURE-C	ov002				1		None		-
src/func_ov002_020c75f0.c	WEAK-refs-only	ov002				1		None		-
src/func_ov002_020c7cbc.c	WEAK-refs-only	ov002				1		None		-
src/func_ov002_020c7ff8.c	WEAK-refs-only	ov002				1		None		-
src/func_ov002_020c84b0.c	WEAK-refs-only	ov002				1		None		-
src/func_ov002_020c8540.c	WEAK-refs-only	ov002				1		None		-
src/func_ov002_020c8714.c	WEAK-refs-only	ov002				1		None		-
src/func_ov002_020c897c.c	WEAK-refs-only	ov002				1		None		-
src/func_ov002_020c8b54.c	PURE-C	ov002				1		None		-
src/func_ov002_020c8d14.c	WEAK-refs-only	ov002				1		None		-
src/func_ov002_020c904c.c	WEAK-refs-only	ov002				1		None		-
src/func_ov002_020c91bc.c	WEAK-refs-only	ov002				1		None		-
src/func_ov002_020c924c.c	PURE-C	ov002				1		None		-
src/func_ov002_020c92fc.c	WEAK-refs-only	ov002				1		None		-
src/func_ov002_020c94a4.c	WEAK-refs-only	ov002				1		None		-
src/func_ov002_020c965c.c	WEAK-refs-only	ov002				1		None		-
src/func_ov002_020c9718.c	PURE-C	ov002				1		None		-
src/func_ov002_020c97e0.c	PURE-C	ov002				1		None		-
src/func_ov002_020c990c.c	WEAK-refs-only	ov002				1		None		-
src/func_ov002_020c9998.c	WEAK-refs-only	ov002				1		None		-
src/func_ov002_020c9a04.c	WEAK-refs-only	ov002				1		None		-
src/func_ov002_020c9b10.c	WEAK-refs-only	ov002				1		None		-
src/func_ov002_020c9b5c.c	PURE-C	ov002				1		None		-
src/func_ov002_020c9b7c.c	WEAK-refs-only	ov002				1		None		-
src/func_ov002_020c9c00.c	WEAK-refs-only	ov002				1		None		-
src/func_ov002_020c9c4c.c	WEAK-refs-only	ov002				1		None		-
src/func_ov002_020c9cc0.c	PURE-C	ov002				1		None		-
src/func_ov002_020c9d1c.c	WEAK-refs-only	ov002				1		None		-
src/func_ov002_020c9de4.c	PURE-C	ov002				1		None		-
src/func_ov002_020c9e18.c	PURE-C	ov002				1		None		-
src/func_ov002_020ca0f4.c	WEAK-refs-only	ov002				1		None		-
src/func_ov002_020ca78c.c	WEAK-refs-only	ov002				1		None		-
src/func_ov002_020ca940.c	WEAK-refs-only	ov002				1		None		-
src/func_ov002_020cac60.c	WEAK-refs-only	ov002				1		None		-
src/func_ov002_020cae10.c	PURE-C	ov002				1		None		-
src/func_ov002_020caf68.c	PURE-C	ov002				1		None		-
src/func_ov002_020cbea8.c	WEAK-refs-only	ov002				1		None		-
src/func_ov002_020cc05c.c	PURE-C	ov002				1		None		-
src/func_ov002_020cc16c.c	WEAK-refs-only	ov002				1		None		-
src/func_ov002_020cc1f4.c	WEAK-refs-only	ov002				1		None		-
src/func_ov002_020cc660.c	PURE-C	ov002				1		None		-
src/func_ov002_020cd190.c	PURE-C	ov002				1		None		-
src/func_ov002_020cd28c.c	WEAK-refs-only	ov002				1		None		-
src/func_ov002_020cd2c4.c	WEAK-refs-only	ov002				1		None		-
src/func_ov002_020cd308.c	WEAK-refs-only	ov002				1		None		-
src/func_ov002_020cd364.c	WEAK-refs-only	ov002				1		None		-
src/func_ov002_020cd39c.c	WEAK-refs-only	ov002				1		None		-
src/func_ov002_020cd550.c	PURE-C	ov002				1		None		-
src/func_ov002_020cd71c.c	WEAK-refs-only	ov002				1		None		-
src/func_ov002_020ce324.c	WEAK-refs-only	ov002				1		None		-
src/func_ov002_020ce5f8.c	WEAK-refs-only	ov002				1		None		-
src/func_ov002_020ce798.c	WEAK-refs-only	ov002				1		None		-
src/func_ov002_020ce8bc.c	PURE-C	ov002				1		None		-
src/func_ov002_020ce9c8.c	WEAK-refs-only	ov002				1		None		-
src/func_ov002_020ceaf4.c	PURE-C	ov002				1		None		-
src/func_ov002_020ceb54.c	PURE-C	ov002				1		None		-
src/func_ov002_020ceb7c.c	PURE-C	ov002				1		None		-
src/func_ov002_020cec2c.c	WEAK-refs-only	ov002				1		None		-
src/func_ov002_020cedb0.c	PURE-C	ov002				1		None		-
src/func_ov002_020cf2f8.c	WEAK-refs-only	ov002				1		None		-
src/func_ov002_020cf384.c	PURE-C	ov002				1		None		-
src/func_ov002_020cf700.c	WEAK-refs-only	ov002				1		None		-
src/func_ov002_020d0178.c	WEAK-refs-only	ov002				1		None		-
src/func_ov002_020d0948.c	WEAK-refs-only	ov002				1		None		-
src/func_ov002_020d1f78.c	WEAK-refs-only	ov002				1		None		-
src/func_ov002_020d225c.c	PURE-C	ov002				1		None		-
src/func_ov002_020d22ec.c	WEAK-refs-only	ov002				1		None		-
src/func_ov002_020d2da0.c	WEAK-refs-only	ov002				1		None		-
src/func_ov002_020d2f24.c	WEAK-refs-only	ov002				1		None		-
src/func_ov002_020d2fdc.c	WEAK-refs-only	ov002				1		None		-
src/func_ov002_020d3498.c	PURE-C	ov002				1		None		-
src/func_ov002_020d36d8.c	WEAK-refs-only	ov002				1		None		-
src/func_ov002_020d413c.c	PURE-C	ov002				1		None		-
src/func_ov002_020d4540.c	PURE-C	ov002				1		None		-
src/func_ov002_020d45c0.c	WEAK-refs-only	ov002				1		None		-
src/func_ov002_020d4d88.c	WEAK-refs-only	ov002				1		None		-
src/func_ov002_020d5ab4.c	WEAK-refs-only	ov002				1		None		-
src/func_ov002_020d5c6c.c	WEAK-refs-only	ov002				1		None		-
src/func_ov002_020d6334.c	PURE-C	ov002				1		None		-
src/func_ov002_020d6368.c	WEAK-refs-only	ov002				1		None		-
src/func_ov002_020d674c.c	PURE-C	ov002				1		None		-
src/func_ov002_020d6dac.c	WEAK-refs-only	ov002				1		None		-
src/func_ov002_020d718c.c	PURE-C	ov002				1		None		-
src/func_ov002_020d71a0.c	WEAK-refs-only	ov002				1		None		-
src/func_ov002_020d71ec.c	WEAK-refs-only	ov002				1		None		-
src/func_ov002_020d80d0.c	PURE-C	ov002				1		None		-
src/func_ov002_020d8118.c	PURE-C	ov002				1		None		-
src/func_ov002_020d8158.c	WEAK-refs-only	ov002				1		None		-
src/func_ov002_020d82f0.c	PURE-C	ov002				1		None		-
src/func_ov002_020d8360.c	WEAK-refs-only	ov002				1		None		-
src/func_ov002_020d853c.c	WEAK-refs-only	ov002				1		None		-
src/func_ov002_020d8838.c	PURE-C	ov002				1		None		-
src/func_ov002_020d8a50.c	WEAK-refs-only	ov002				1		None		-
src/func_ov002_020d8d10.c	WEAK-refs-only	ov002				1		None		-
src/func_ov002_020d91b8.c	WEAK-refs-only	ov002				1		None		-
src/func_ov002_020d91e0.c	WEAK-refs-only	ov002				1		None		-
src/func_ov002_020d99a4.c	WEAK-refs-only	ov002				1		None		-
src/func_ov002_020d9a4c.c	WEAK-refs-only	ov002				1		None		-
src/func_ov002_020d9aac.c	WEAK-refs-only	ov002				1		None		-
src/func_ov002_020d9c70.c	PURE-C	ov002				1		None		-
src/func_ov002_020d9dcc.c	WEAK-refs-only	ov002				1		None		-
src/func_ov002_020da95c.c	PURE-C	ov002				1		None		-
src/func_ov002_020dacb4.c	WEAK-refs-only	ov002				1		None		-
src/func_ov002_020db674.c	WEAK-refs-only	ov002				1		None		-
src/func_ov002_020db704.c	WEAK-refs-only	ov002				1		None		-
src/func_ov002_020db8bc.c	PURE-C	ov002				1		None		-
src/func_ov002_020dba0c.c	PURE-C	ov002				1		None		-
src/func_ov002_020dbaec.c	PURE-C	ov002				1		None		-
src/func_ov002_020dbbc0.c	PURE-C	ov002				1		None		-
src/func_ov002_020dbc94.c	PURE-C	ov002				1		None		-
src/func_ov002_020dbd94.c	PURE-C	ov002				1		None		-
src/func_ov002_020dbe70.c	PURE-C	ov002				1		None		-
src/func_ov002_020dbf4c.c	PURE-C	ov002				1		None		-
src/func_ov002_020dc020.c	PURE-C	ov002				1		None		-
src/func_ov002_020dc09c.c	PURE-C	ov002				1		None		-
src/func_ov002_020dc174.c	WEAK-refs-only	ov002				1		None		-
src/func_ov002_020dc560.c	WEAK-refs-only	ov002				1		None		-
src/func_ov002_020dcafc.c	PURE-C	ov002				1		None		-
src/func_ov002_020dd2f4.c	WEAK-refs-only	ov002				1		None		-
src/func_ov002_020dd5ec.c	WEAK-refs-only	ov002				1		None		-
src/func_ov002_020dd8f4.c	WEAK-refs-only	ov002				1		None		-
src/func_ov002_020dd908.c	PURE-C	ov002				1		None		-
src/func_ov002_020de328.c	WEAK-refs-only	ov002				1		None		-
src/func_ov002_020de33c.c	WEAK-refs-only	ov002				1		None		-
src/func_ov002_020de3d0.c	PURE-C	ov002				1		None		-
src/func_ov002_020de428.c	WEAK-refs-only	ov002				1		None		-
src/func_ov002_020df300.c	PURE-C	ov002				1		None		-
src/func_ov002_020df7ac.c	WEAK-refs-only	ov002				1		None		-
src/func_ov002_020df840.c	WEAK-refs-only	ov002				1		None		-
src/func_ov002_020df8f0.c	WEAK-refs-only	ov002				1		None		-
src/func_ov002_020e032c.c	PURE-C	ov002				1		None		-
src/func_ov002_020e04a4.c	PURE-C	ov002				1		None		-
src/func_ov002_020e0a64.c	WEAK-refs-only	ov002				1		None		-
src/func_ov002_020e1c20.c	WEAK-refs-only	ov002				1		None		-
src/func_ov002_020e1e70.c	WEAK-refs-only	ov002				1		None		-
src/func_ov002_020e200c.c	WEAK-refs-only	ov002				1		None		-
src/func_ov002_020e25f0.c	WEAK-refs-only	ov002				1		None		-
src/func_ov002_020e2664.c	WEAK-refs-only	ov002				1		None		-
src/func_ov002_020e28d4.c	WEAK-refs-only	ov002				1		None		-
src/func_ov002_020e2ad0.c	PURE-C	ov002				1		None		-
src/func_ov002_020e2c84.c	WEAK-refs-only	ov002				1		None		-
src/func_ov002_020e301c.c	PURE-C	ov002				1		None		-
src/func_ov002_020e3078.c	PURE-C	ov002				1		None		-
src/func_ov002_020e3f90.c	WEAK-refs-only	ov002				1		None		-
src/func_ov002_020e4374.c	PURE-C	ov002				1		None		-
src/func_ov002_020e444c.c	WEAK-refs-only	ov002				1		None		-
src/func_ov002_020e496c.c	WEAK-refs-only	ov002				1		None		-
src/func_ov002_020e4990.c	WEAK-refs-only	ov002				1		None		-
src/func_ov002_020e4bb8.c	WEAK-refs-only	ov002				1		None		-
src/func_ov002_020e5948.c	WEAK-refs-only	ov002				1		None		-
src/func_ov002_020e6330.c	PURE-C	ov002				1		None		-
src/func_ov002_020e6350.c	PURE-C	ov002				1		None		-
src/func_ov002_020e63a4.c	WEAK-refs-only	ov002				1		None		-
src/func_ov002_020e640c.c	WEAK-refs-only	ov002				1		None		-
src/func_ov002_020e6780.c	PURE-C	ov002				1		None		-
src/func_ov002_020e69c0.c	PURE-C	ov002				1		None		-
src/func_ov002_020e6a78.c	PURE-C	ov002				1		None		-
src/func_ov002_020e6ad4.c	PURE-C	ov002				1		None		-
src/func_ov002_020e6b3c.c	PURE-C	ov002				1		None		-
src/func_ov002_020e6b74.c	PURE-C	ov002				1		None		-
src/func_ov002_020e6bb0.c	WEAK-refs-only	ov002				1		None		-
src/func_ov002_020e6d88.c	WEAK-refs-only	ov002				1		None		-
src/func_ov002_020e6edc.c	WEAK-refs-only	ov002				1		None		-
src/func_ov002_020e700c.c	WEAK-refs-only	ov002				1		None		-
src/func_ov002_020e7104.c	PURE-C	ov002				1		None		-
src/func_ov002_020e7218.c	WEAK-refs-only	ov002				1		None		-
src/func_ov002_020e7454.c	WEAK-refs-only	ov002				1		None		-
src/func_ov002_020e7554.c	WEAK-refs-only	ov002				1		None		-
src/func_ov002_020e763c.c	WEAK-refs-only	ov002				1		None		-
src/func_ov002_020e7d84.c	WEAK-refs-only	ov002				1		None		-
src/func_ov002_020e7e14.c	PURE-C	ov002				1		None		-
src/func_ov002_020e7e24.c	WEAK-refs-only	ov002				1		None		-
src/func_ov002_020e7eb4.c	PURE-C	ov002				1		None		-
src/func_ov002_020e7f2c.c	WEAK-refs-only	ov002				1		None		-
src/func_ov002_020e7fcc.c	WEAK-refs-only	ov002				1		None		-
src/func_ov002_020e8244.c	PURE-C	ov002				1		None		-
src/func_ov002_020e8398.c	WEAK-refs-only	ov002				1		None		-
src/func_ov002_020e84ec.c	PURE-C	ov002				1		None		-
src/func_ov002_020e8618.c	WEAK-refs-only	ov002				1		None		-
src/func_ov002_020e86ec.c	WEAK-refs-only	ov002				1		None		-
src/func_ov002_020e88a8.c	WEAK-refs-only	ov002				1		None		-
src/func_ov002_020e8abc.c	WEAK-refs-only	ov002				1		None		-
src/func_ov002_020e8c34.c	PURE-C	ov002				1		None		-
src/func_ov002_020e8dd8.c	WEAK-refs-only	ov002				1		None		-
src/func_ov002_020e8e80.c	WEAK-refs-only	ov002				1		None		-
src/func_ov002_020e930c.c	WEAK-refs-only	ov002				1		None		-
src/func_ov002_020e9448.c	PURE-C	ov002				1		None		-
src/func_ov002_020e9464.c	PURE-C	ov002				1		None		-
src/func_ov002_020e947c.c	WEAK-refs-only	ov002				1		None		-
src/func_ov002_020e9630.c	PURE-C	ov002				1		None		-
src/func_ov002_020e96a0.c	WEAK-refs-only	ov002				1		None		-
src/func_ov002_020e9840.c	WEAK-refs-only	ov002				1		None		-
src/func_ov002_020e99e8.c	WEAK-refs-only	ov002				1		None		-
src/func_ov002_020e9af4.c	WEAK-refs-only	ov002				1		None		-
src/func_ov002_020e9d18.c	WEAK-refs-only	ov002				1		None		-
src/func_ov002_020ea410.c	PURE-C	ov002				1		None		-
src/func_ov002_020ea420.c	WEAK-refs-only	ov002				1		None		-
src/func_ov002_020ea7ac.c	PURE-C	ov002				1		None		-
src/func_ov002_020ea824.c	WEAK-refs-only	ov002				1		None		-
src/func_ov002_020ea9d0.c	WEAK-refs-only	ov002				1		None		-
src/func_ov002_020ec610.c	PURE-C	ov002				1		None		-
src/func_ov002_020ec628.c	PURE-C	ov002				1		None		-
src/func_ov002_020ec640.c	PURE-C	ov002				1		None		-
src/func_ov002_020ec654.c	PURE-C	ov002				1		None		-
src/func_ov002_020ec670.c	WEAK-refs-only	ov002				1		None		-
src/func_ov002_020ec728.c	WEAK-refs-only	ov002				1		None		-
src/func_ov002_020ec80c.c	WEAK-refs-only	ov002				1		None		-
src/func_ov002_020ec978.c	WEAK-refs-only	ov002				1		None		-
src/func_ov002_020ec9c4.c	WEAK-refs-only	ov002				1		None		-
src/func_ov002_020ecad4.c	WEAK-refs-only	ov002				1		None		-
src/func_ov002_020ecb0c.c	WEAK-refs-only	ov002				1		None		-
src/func_ov002_020ecf94.c	PURE-C	ov002				1		None		-
src/func_ov002_020ecfc8.c	WEAK-refs-only	ov002				1		None		-
src/func_ov002_020ed0d4.c	WEAK-refs-only	ov002				1		None		-
src/func_ov002_020ed5b0.c	PURE-C	ov002				1		None		-
src/func_ov002_020ed6cc.c	PURE-C	ov002				1		None		-
src/func_ov002_020ed7f8.c	WEAK-refs-only	ov002				1		None		-
src/func_ov002_020edca4.c	WEAK-refs-only	ov002				1		None		-
src/func_ov002_020eddc4.c	WEAK-refs-only	ov002				1		None		-
src/func_ov002_020ee5d0.c	PURE-C	ov002				1		None		-
src/func_ov002_020eea84.c	WEAK-refs-only	ov002				1		None		-
src/func_ov002_020ef3ec.c	PURE-C	ov002				1		None		-
src/func_ov002_020ef3f0.c	PURE-C	ov002				1		None		-
src/func_ov002_020ef408.c	WEAK-refs-only	ov002				1		None		-
src/func_ov002_020ef57c.c	PURE-C	ov002				1		None		-
src/func_ov002_020ef670.c	WEAK-refs-only	ov002				1		None		-
src/func_ov002_020efa44.c	PURE-C	ov002				1		None		-
src/func_ov002_020efbdc.c	PURE-C	ov002				1		None		-
src/func_ov002_020efcf4.c	WEAK-refs-only	ov002				1		None		-
src/func_ov002_020efe68.c	PURE-C	ov002				1		None		-
src/func_ov002_020efe7c.c	PURE-C	ov002				1		None		-
src/func_ov002_020efe9c.c	PURE-C	ov002				1		None		-
src/func_ov002_020efebc.c	PURE-C	ov002				1		None		-
src/func_ov002_020efedc.c	PURE-C	ov002				1		None		-
src/func_ov002_020effb8.c	WEAK-refs-only	ov002				1		None		-
src/func_ov002_020f02c8.c	PURE-C	ov002				1		None		-
src/func_ov002_020f030c.c	PURE-C	ov002				1		None		-
src/func_ov002_020f035c.c	PURE-C	ov002				1		None		-
src/func_ov002_020f051c.c	WEAK-refs-only	ov002				1		None		-
src/func_ov002_020f05f4.c	WEAK-refs-only	ov002				1		None		-
src/func_ov002_020f0918.c	PURE-C	ov002				1		None		-
src/func_ov002_020f0e54.c	PURE-C	ov002				1		None		-
src/func_ov002_020f1578.c	PURE-C	ov002				1		None		-
src/func_ov002_020f15b8.c	PURE-C	ov002				1		None		-
src/func_ov002_020f1c20.c	PURE-C	ov002				1		None		-
src/func_ov002_020f1fcc.c	WEAK-refs-only	ov002				1		None		-
src/func_ov002_020f20f4.c	WEAK-refs-only	ov002				1		None		-
src/func_ov002_020f2210.c	PURE-C	ov002				1		None		-
src/func_ov002_020f237c.c	PURE-C	ov002				1		None		-
src/func_ov002_020f23d0.c	WEAK-refs-only	ov002				1		None		-
src/func_ov002_020f23f0.c	PURE-C	ov002				1		None		-
src/func_ov002_020f2630.c	WEAK-refs-only	ov002				1		None		-
src/func_ov002_020f26c4.c	PURE-C	ov002				1		None		-
src/func_ov002_020f26d4.c	PURE-C	ov002				1		None		-
src/func_ov002_020f26e0.c	WEAK-refs-only	ov002				1		None		-
src/func_ov002_020f2790.c	WEAK-refs-only	ov002				1		None		-
src/func_ov002_020f27e8.c	PURE-C	ov002				1		None		-
src/func_ov002_020f2958.c	PURE-C	ov002				1		None		-
src/func_ov002_020f2984.c	PURE-C	ov002				1		None		-
src/func_ov002_020f2990.c	WEAK-refs-only	ov002				1		None		-
src/func_ov002_020f2a48.c	PURE-C	ov002				1		None		-
src/func_ov002_020f2a68.c	PURE-C	ov002				1		None		-
src/func_ov002_020f2a78.c	PURE-C	ov002				1		None		-
src/func_ov002_020f2a88.c	PURE-C	ov002				1		None		-
src/func_ov002_020f2aec.c	WEAK-refs-only	ov002				1		None		-
src/func_ov002_020f2bf4.c	WEAK-refs-only	ov002				1		None		-
src/func_ov002_020f2d0c.c	PURE-C	ov002				1		None		-
src/func_ov002_020f2d70.c	PURE-C	ov002				1		None		-
src/func_ov002_020f2e30.c	PURE-C	ov002				1		None		-
src/func_ov002_020f2ea0.c	PURE-C	ov002				1		None		-
src/func_ov002_020f2eac.c	WEAK-refs-only	ov002				1		None		-
src/func_ov002_020f2f18.c	PURE-C	ov002				1		None		-
src/func_ov002_020f2f64.c	PURE-C	ov002				1		None		-
src/func_ov002_020f2f9c.c	WEAK-refs-only	ov002				1		None		-
src/func_ov002_020f30d4.c	PURE-C	ov002				1		None		-
src/func_ov002_020f30f8.c	PURE-C	ov002				1		None		-
src/func_ov002_020f32e4.c	PURE-C	ov002				1		None		-
src/func_ov002_020f335c.c	PURE-C	ov002				1		None		-
src/func_ov002_020f340c.c	PURE-C	ov002				1		None		-
src/func_ov002_020f34bc.c	PURE-C	ov002				1		None		-
src/func_ov002_020f35e4.c	PURE-C	ov002				1		None		-
src/func_ov002_020f378c.c	PURE-C	ov002				1		None		-
src/func_ov002_020f37fc.c	PURE-C	ov002				1		None		-
src/func_ov002_020f3828.c	PURE-C	ov002				1		None		-
src/func_ov002_020f3954.c	PURE-C	ov002				1		None		-
src/func_ov002_020f396c.c	PURE-C	ov002				1		None		-
src/func_ov002_020f39ec.c	PURE-C	ov002				1		None		-
src/func_ov002_020f3ae8.c	PURE-C	ov002				1		None		-
src/func_ov002_020f3ba0.c	WEAK-refs-only	ov002				1		None		-
src/func_ov002_020f3d38.c	PURE-C	ov002				1		None		-
src/func_ov002_020f40fc.c	PURE-C	ov002				1		None		-
src/func_ov002_020f4710.c	PURE-C	ov002				1		None		-
src/func_ov002_020f4a2c.c	WEAK-refs-only	ov002				1		None		-
src/func_ov002_020f4d70.c	PURE-C	ov002				1		None		-
src/func_ov002_020f5328.c	PURE-C	ov002				1		None		-
src/func_ov002_020f55b4.c	PURE-C	ov002				1		None		-
src/func_ov002_020f5678.c	PURE-C	ov002				1		None		-
src/func_ov002_020f569c.c	PURE-C	ov002				1		None		-
src/func_ov002_020f57c0.c	PURE-C	ov002				1		None		-
src/func_ov002_020f5894.c	PURE-C	ov002				1		None		-
src/func_ov002_020f5a6c.c	PURE-C	ov002				1		None		-
src/func_ov002_020f5a94.c	WEAK-refs-only	ov002				1		None		-
src/func_ov002_020f5ad4.c	PURE-C	ov002				1		None		-
src/func_ov002_020f5b24.c	PURE-C	ov002				1		None		-
src/func_ov002_020f5b7c.c	PURE-C	ov002				1		None		-
src/func_ov002_020f5b80.c	PURE-C	ov002				1		None		-
src/func_ov002_020f5b84.c	PURE-C	ov002				1		None		-
src/func_ov002_020f5b88.c	PURE-C	ov002				1		None		-
src/func_ov002_020f5b8c.c	PURE-C	ov002				1		None		-
src/func_ov002_020f5b98.c	PURE-C	ov002				1		None		-
src/func_ov002_020f5bcc.c	PURE-C	ov002				1		None		-
src/func_ov002_020f5bf4.c	PURE-C	ov002				1		None		-
src/func_ov002_020f5c40.c	PURE-C	ov002				1		None		-
src/func_ov002_020f5c88.c	PURE-C	ov002				1		None		-
src/func_ov002_020f5cd0.c	PURE-C	ov002				1		None		-
src/func_ov002_020f5d34.c	PURE-C	ov002				1		None		-
src/func_ov002_020f5e18.c	PURE-C	ov002				1		None		-
src/func_ov002_020f5e38.c	PURE-C	ov002				1		None		-
src/func_ov002_020f5e58.c	PURE-C	ov002				1		None		-
src/func_ov002_020f5e78.c	PURE-C	ov002				1		None		-
src/func_ov002_020f5e98.c	PURE-C	ov002				1		None		-
src/func_ov002_020f5eb8.c	PURE-C	ov002				1		None		-
src/func_ov002_020f5ed8.c	PURE-C	ov002				1		None		-
src/func_ov002_020f5ee4.c	PURE-C	ov002				1		None		-
src/func_ov002_020f5ef0.c	PURE-C	ov002				1		None		-
src/func_ov002_020f5efc.c	PURE-C	ov002				1		None		-
src/func_ov002_020f5f60.c	WEAK-refs-only	ov002				1		None		-
src/func_ov002_020f5f8c.c	PURE-C	ov002				1		None		-
src/func_ov002_020f5fb8.c	PURE-C	ov002				1		None		-
src/func_ov002_020f5fe4.c	WEAK-refs-only	ov002				1		None		-
src/func_ov002_020f63a0.c	WEAK-refs-only	ov002				1		None		-
src/func_ov002_020f63d4.c	PURE-C	ov002				1		None		-
src/func_ov002_020f63f8.c	PURE-C	ov002				1		None		-
src/func_ov002_020f6424.c	PURE-C	ov002				1		None		-
src/func_ov002_020f6448.c	WEAK-refs-only	ov002				1		None		-
src/func_ov002_020f64ac.c	WEAK-refs-only	ov002				1		None		-
src/func_ov002_020f6514.c	WEAK-refs-only	ov002				1		None		-
src/func_ov002_020f65b8.c	WEAK-refs-only	ov002				1		None		-
src/func_ov002_020f65ec.c	WEAK-refs-only	ov002				1		None		-
src/func_ov002_020f6a50.c	WEAK-refs-only	ov002				1		None		-
src/func_ov002_020f6a9c.c	WEAK-refs-only	ov002				1		None		-
src/func_ov002_020f6ab8.c	WEAK-refs-only	ov002				1		None		-
src/func_ov002_020f6ae4.c	WEAK-refs-only	ov002				1		None		-
src/func_ov002_020f6b28.c	PURE-C	ov002				1		None		-
src/func_ov002_020f6b4c.c	PURE-C	ov002				1		None		-
src/func_ov002_020f6bc0.c	PURE-C	ov002				1		None		-
src/func_ov002_020f6c24.c	PURE-C	ov002				1		None		-
src/func_ov002_020f6c34.c	PURE-C	ov002				1		None		-
src/func_ov002_020f6c60.c	WEAK-refs-only	ov002				1		None		-
src/func_ov002_020f6e48.c	PURE-C	ov002				1		None		-
src/func_ov002_020f6f48.c	PURE-C	ov002				1		None		-
src/func_ov002_020f7020.c	PURE-C	ov002				1		None		-
src/func_ov002_020f7038.c	WEAK-refs-only	ov002				1		None		-
src/func_ov002_020f71c4.c	WEAK-refs-only	ov002				1		None		-
src/func_ov002_020f72bc.c	WEAK-refs-only	ov002				1		None		-
src/func_ov002_020f7384.c	WEAK-refs-only	ov002				1		None		-
src/func_ov002_020f7410.c	WEAK-refs-only	ov002				1		None		-
src/func_ov002_020f7538.c	WEAK-refs-only	ov002				1		None		-
src/func_ov002_020f7780.c	WEAK-refs-only	ov002				1		None		-
src/func_ov002_020f79c0.c	WEAK-refs-only	ov002				1		None		-
src/func_ov002_020f7bb8.c	WEAK-refs-only	ov002				1		None		-
src/func_ov002_020f8838.c	PURE-C					0		None		NONMATCHING-draft;not-in-delinks
src/func_ov002_020f8848.c	PURE-C					0		None		NONMATCHING-draft;not-in-delinks
src/func_ov002_020f88ec.c	WEAK-refs-only	ov002				1		None		-
src/func_ov002_020f897c.c	WEAK-refs-only	ov002				1		None		-
src/func_ov002_020f8b24.c	WEAK-refs-only	ov002				1		None		-
src/func_ov002_020f9468.c	WEAK-refs-only	ov002				1		None		-
src/func_ov002_020fea4c.c	PURE-C	ov002				1		None		-
src/func_ov002_020fea68.c	PURE-C	ov002				1		None		-
src/_ZN8dM3dGLinD2Ev.cpp	CPP	ov002				1		None		-
src/func_ov002_020fec94.c	WEAK-refs-only	ov002				1		None		-
src/func_ov002_020fed18.c	PURE-C	ov002				1		None		-
src/func_ov002_020fed7c.c	PURE-C	ov002				1		None		-
src/func_ov003_020ad6ec.c	PURE-C	ov003				1		None		-
src/func_ov003_020adec0.c	WEAK-refs-only	ov003				1		None		-
src/func_ov003_020adf50.c	WEAK-refs-only	ov003				1		None		-
src/func_ov003_020ae0b0.c	WEAK-refs-only	ov003				1		None		-
src/func_ov003_020ae1a4.c	PURE-C	ov003				1		None		-
src/func_ov003_020ae238.c	WEAK-refs-only	ov003				1		None		-
src/func_ov003_020ae358.c	WEAK-refs-only					0		None		NONMATCHING-draft;not-in-delinks
src/func_ov003_020b060c.c	PURE-C	ov003				1		None		-
src/func_ov003_020b0730.c	WEAK-refs-only	ov003				1		None		-
src/func_ov004_020ad660.c	P2-vtable-only	ov004	dScMgBase_c	dScMgBase_c	vtable dScMgBase_c slot 35 @0x20ad660	1		True		-
src/func_ov004_020ad6f4.c	PURE-C	ov004				1		None		-
src/func_ov004_020ad6fc.c	PURE-C	ov004				1		None		-
src/func_ov004_020ad79c.c	PURE-C	ov004				1		None		-
src/func_ov004_020ad878.c	PURE-C	ov004				1		None		-
src/func_ov004_020ad8b8.c	PURE-C	ov004				1		None		-
src/func_ov004_020ad90c.c	PURE-C	ov004				1		None		-
src/func_ov004_020ada20.c	PURE-C	ov004				1		None		-
src/func_ov004_020adafc.c	PURE-C	ov004				1		None		-
src/func_ov004_020adb1c.c	WEAK-refs-only	ov004				1		None		-
src/func_ov004_020adbc0.c	PURE-C	ov004				1		None		-
src/func_ov004_020adbe0.c	PURE-C	ov004				1		None		-
src/func_ov004_020adc00.c	PURE-C	ov004				1		None		-
src/func_ov004_020adc1c.c	PURE-C	ov004				1		None		-
src/func_ov004_020adc3c.c	PURE-C	ov004				1		None		-
src/func_ov004_020adc4c.c	PURE-C	ov004				1		None		-
src/func_ov004_020adc68.c	PURE-C	ov004				1		None		-
src/func_ov004_020adc74.c	PURE-C	ov004				1		None		-
src/func_ov004_020adc80.c	PURE-C	ov004				1		None		-
src/func_ov004_020addcc.c	WEAK-refs-only	ov004				1		None		-
src/func_ov004_020adeb0.c	WEAK-refs-only	ov004				1		None		-
src/func_ov004_020adf70.c	PURE-C	ov004				1		None		-
src/func_ov004_020adfc4.c	PURE-C	ov004				1		None		-
src/func_ov004_020ae03c.c	P2-vtable-only	ov004	dScMgBase_c::graphCallback_c	dScMgBase_c	vtable dScMgBase_c::graphCallback_c slot 3 @0x20ae03c	1		True		-
src/func_ov004_020ae06c.c	P2-vtable-only	ov004	dScMgBase_c::graphCallback_c	dScMgBase_c	vtable dScMgBase_c::graphCallback_c slot 2 @0x20ae06c	1		True		-
src/func_ov004_020ae0a4.c	P2-vtable-only	ov004	dScMgBase_c::graphCallback_c	dScMgBase_c	vtable dScMgBase_c::graphCallback_c slot 1 @0x20ae0a4	1		True		-
src/func_ov004_020ae0d4.c	P2-vtable-only	ov004	dScMgBase_c::graphCallback_c	dScMgBase_c	vtable dScMgBase_c::graphCallback_c slot 0 @0x20ae0d4	1		True		-
src/func_ov004_020ae104.c	PURE-C	ov004				1		None		-
src/func_ov004_020ae198.c	P2-vtable-only	ov004	dScMgBase_c	dScMgBase_c	vtable dScMgBase_c slot 22 @0x20ae198	1		True		-
src/func_ov004_020ae1a0.c	P2-vtable-only	ov004	dScMgBase_c	dScMgBase_c	vtable dScMgBase_c slot 23 @0x20ae1a0	1		True		-
src/func_ov004_020ae1a8.c	PURE-C	ov004				1		None		-
src/func_ov004_020ae1cc.c	PURE-C	ov004				1		None		-
src/func_ov004_020ae1f0.c	PURE-C	ov004				1		None		-
src/func_ov004_020ae20c.c	WEAK-refs-only	ov004				1		None		-
src/func_ov004_020ae274.c	WEAK-refs-only	ov004				1		None		-
src/func_ov004_020ae330.c	WEAK-refs-only	ov004				1		None		-
src/func_ov004_020ae3b4.c	P2-vtable-only	ov004	dScMgBase_c	dScMgBase_c	vtable dScMgBase_c slot 34 @0x20ae3b4	1		True		-
src/func_ov004_020af5e0.c	PURE-C	ov004				1		None		-
src/func_ov004_020b04c0.c	PURE-C	ov004				1		None		-
src/func_ov004_020b04d0.c	PURE-C	ov004				1		None		-
src/func_ov004_020b04e0.c	P2-vtable-only	ov004	dScMgBase_c	dScMgBase_c	vtable dScMgBase_c slot 26 @0x20b04e0	1		True		-
src/func_ov004_020b0a38.c	PURE-C	ov004				1		None		-
src/func_ov004_020b0a54.c	PURE-C	ov004				1		None		-
src/func_ov004_020b0b1c.c	PURE-C	ov004				1		None		-
src/func_ov004_020b0cac.c	PURE-C	ov004				1		None		-
src/func_ov004_020b0d30.c	PURE-C	ov004				1		None		-
src/func_ov004_020b0d8c.c	PURE-C	ov004				1		None		-
src/func_ov004_020b0de0.c	PURE-C	ov004				1		None		-
src/func_ov004_020b14f0.c	PURE-C	ov004				1		None		-
src/func_ov004_020b1710.c	PURE-C	ov004				1		None		-
src/func_ov004_020b19f0.c	PURE-C	ov004				1		None		-
src/func_ov004_020b1a5c.c	PURE-C	ov004				1		None		-
src/func_ov004_020b1aec.c	PURE-C	ov004				1		None		-
src/func_ov004_020b1b08.c	PURE-C	ov004				1		None		-
src/func_ov004_020b1b40.c	PURE-C	ov004				1		None		-
src/func_ov004_020b1b78.c	PURE-C	ov004				1		None		-
src/func_ov004_020b1ba0.c	PURE-C	ov004				1		None		-
src/func_ov004_020b1bc8.c	PURE-C	ov004				1		None		-
src/func_ov004_020b1c68.c	PURE-C	ov004				1		None		-
src/func_ov004_020b1cf0.c	PURE-C	ov004				1		None		-
src/func_ov004_020b1d60.c	PURE-C	ov004				1		None		-
src/func_ov004_020b1de8.c	PURE-C	ov004				1		None		-
src/func_ov004_020b1e34.c	PURE-C	ov004				1		None		-
src/func_ov004_020b1e44.c	PURE-C	ov004				1		None		-
src/func_ov004_020b1ea4.c	PURE-C	ov004				1		None		-
src/func_ov004_020b2444.c	PURE-C	ov004				1		None		-
src/func_ov004_020b2574.c	PURE-C	ov004				1		None		-
src/func_ov004_020b265c.c	P2-vtable-only	ov004	dScMgBase_c	dScMgBase_c	vtable dScMgBase_c slot 33 @0x20b265c	1		True		-
src/func_ov004_020b27f4.c	P2-vtable-only	ov004	dScMgBase_c	dScMgBase_c	vtable dScMgBase_c slot 32 @0x20b27f4	1		True		-
src/func_ov004_020b2880.c	P2-vtable-only	ov004	dScMgBase_c	dScMgBase_c	vtable dScMgBase_c slot 31 @0x20b2880	1		True		-
src/func_ov004_020b290c.c	PURE-C	ov004				1		None		-
src/func_ov004_020b2980.c	WEAK-refs-only	ov004				1		None		-
src/func_ov004_020b298c.c	P2-vtable-only	ov004	dScMgBase_c	dScMgBase_c	vtable dScMgBase_c slot 21 @0x20b298c	1		True		-
src/func_ov004_020b2990.c	P2-vtable-only	ov004	dScMgBase_c	dScMgBase_c	vtable dScMgBase_c slot 20 @0x20b2990	1		True		-
src/func_ov004_020b2994.c	P2-vtable-only	ov004	dScMgBase_c	dScMgBase_c	vtable dScMgBase_c slot 19 @0x20b2994	1		True		-
src/func_ov004_020b299c.c	P2-vtable-only	ov004	dScMgBase_c	dScMgBase_c	vtable dScMgBase_c slot 18 @0x20b299c	1		True		-
src/func_ov004_020b2adc.c	S1-stores-rom-vptr	ov004			stores _ZTV8dScene_c	1		None	_ZTV8dScene_c	-
src/func_ov004_020b2c58.c	PURE-C	ov004				1		None		-
src/func_ov004_020b2c7c.c	PURE-C	ov004				1		None		-
src/func_ov004_020b2c80.c	PURE-C	ov004				1		None		-
src/func_ov004_020b2c84.c	PURE-C	ov004				1		None		-
src/func_ov004_020b2cb8.c	PURE-C	ov004				1		None		-
src/func_ov004_020b3194.c	PURE-C	ov004				1		None		-
src/func_ov004_020b35d8.c	PURE-C	ov004				1		None		-
src/func_ov004_020b3698.c	PURE-C	ov004				1		None		-
src/func_ov004_020b369c.c	PURE-C	ov004				1		None		-
src/func_ov004_020b37f0.c	PURE-C	ov004				1		None		-
src/func_ov004_020b3834.c	WEAK-refs-only	ov004				1		None		-
src/func_ov004_020b3888.c	PURE-C	ov004				1		None		-
src/func_ov004_020b38ac.c	PURE-C	ov004				1		None		-
src/func_ov004_020b39a4.c	PURE-C	ov004				1		None		-
src/func_ov004_020b3c58.c	WEAK-refs-only	ov004				1		None		-
src/func_ov004_020b3c9c.c	PURE-C	ov004				1		None		-
src/func_ov004_020b3cb8.c	WEAK-refs-only	ov004				1		None		-
src/func_ov004_020b3e9c.c	WEAK-refs-only	ov004				1		None		-
src/func_ov004_020b40ac.c	PURE-C	ov004				1		None		-
src/func_ov004_020b40c0.c	PURE-C	ov004				1		None		-
src/func_ov004_020b410c.c	PURE-C	ov004				1		None		-
src/func_ov004_020b4214.c	WEAK-refs-only	ov004				1		None		-
src/func_ov004_020b422c.c	PURE-C	ov004				1		None		-
src/func_ov004_020b42c0.c	PURE-C	ov004				1		None		-
src/func_ov004_020b433c.c	PURE-C	ov004				1		None		-
src/func_ov004_020b4360.c	WEAK-refs-only	ov004				1		None		-
src/func_ov004_020b45c0.c	WEAK-refs-only	ov004				1		None		-
src/func_ov004_020b484c.c	PURE-C	ov004				1		None		-
src/func_ov004_020b49b8.c	WEAK-refs-only	ov004				1		None		-
src/func_ov004_020b49e4.c	PURE-C	ov004				1		None		-
src/func_ov004_020b49f0.c	WEAK-refs-only	ov004				1		None		-
src/func_ov004_020b4a1c.c	PURE-C	ov004				1		None		-
src/func_ov004_020b4a28.c	WEAK-refs-only	ov004				1		None		-
src/func_ov004_020b4a40.c	PURE-C	ov004				1		None		-
src/func_ov004_020b4a4c.c	WEAK-refs-only	ov004				1		None		-
src/func_ov004_020b4a64.c	PURE-C	ov004				1		None		-
src/func_ov004_020b4a70.c	PURE-C	ov004				1		None		-
src/func_ov004_020b4a7c.c	PURE-C	ov004				1		None		-
src/func_ov004_020b4aa0.c	PURE-C	ov004				1		None		-
src/func_ov004_020b4aa4.c	WEAK-refs-only	ov004				1		None		-
src/func_ov004_020b4b84.c	PURE-C	ov004				1		None		-
src/func_ov004_020b4c30.c	WEAK-refs-only	ov004				1		None		-
src/func_ov004_020b4cc4.c	PURE-C	ov004				1		None		-
src/func_ov004_020b4d50.c	WEAK-refs-only	ov004				1		None		-
src/func_ov004_020b4dfc.c	WEAK-refs-only	ov004				1		None		-
src/func_ov004_020b4e78.c	WEAK-refs-only	ov004				1		None		-
src/func_ov004_020b4f44.c	WEAK-refs-only	ov004				1		None		-
src/func_ov004_020b4ff0.c	WEAK-refs-only	ov004				1		None		-
src/func_ov004_020b506c.c	WEAK-refs-only	ov004				1		None		-
src/func_ov004_020b5108.c	PURE-C	ov004				1		None		-
src/func_ov004_020b51e4.c	PURE-C	ov004				1		None		-
src/func_ov004_020b51f0.c	WEAK-refs-only	ov004				1		None		-
src/func_ov004_020b52b8.c	PURE-C	ov004				1		None		-
src/func_ov004_020b5334.c	PURE-C	ov004				1		None		-
src/func_ov004_020b5368.c	WEAK-refs-only	ov004				1		None		-
src/func_ov004_020b53f0.c	PURE-C	ov004				1		None		-
src/func_ov004_020b56c8.c	PURE-C	ov004				1		None		-
src/func_ov004_020b5d74.c	PURE-C	ov004				1		None		-
src/func_ov004_020b5dd4.c	PURE-C	ov004				1		None		-
src/func_ov004_020b5e40.c	PURE-C	ov004				1		None		-
src/func_ov004_020b5ed0.c	PURE-C	ov004				1		None		-
src/func_ov004_020b612c.c	WEAK-refs-only	ov004				1		None		-
src/func_ov004_020b6324.c	WEAK-refs-only	ov004				1		None		-
src/func_ov004_020b63a0.c	WEAK-refs-only	ov004				1		None		-
src/func_ov004_020b6430.c	PURE-C	ov004				1		None		-
src/func_ov004_020b653c.c	PURE-C	ov004				1		None		-
src/func_ov004_020b65e4.c	PURE-C	ov004				1		None		-
src/func_ov004_020b66d4.c	PURE-C	ov004				1		None		-
src/func_ov004_020b67bc.c	PURE-C	ov004				1		None		-
src/func_ov004_020b67e0.c	PURE-C	ov004				1		None		-
src/func_ov004_020b67e4.c	PURE-C	ov004				1		None		-
src/func_ov004_020b67e8.c	PURE-C	ov004				1		None		-
src/func_ov004_020b67f8.c	PURE-C	ov004				1		None		-
src/func_ov004_020b6808.c	PURE-C	ov004				1		None		-
src/func_ov004_020b682c.c	PURE-C	ov004				1		None		-
src/func_ov004_020b68e8.c	PURE-C	ov004				1		None		-
src/func_ov004_020b6948.c	PURE-C	ov004				1		None		-
src/func_ov004_020b6ad8.c	PURE-C	ov004				1		None		-
src/func_ov004_020b6b40.c	PURE-C	ov004				1		None		-
src/func_ov004_020b6c10.c	PURE-C	ov004				1		None		-
src/func_ov004_020b6c9c.c	PURE-C	ov004				1		None		-
src/func_ov004_020b6d6c.c	PURE-C	ov004				1		None		-
src/func_ov004_020b6ddc.c	PURE-C	ov004				1		None		-
src/func_ov004_020b6f14.c	PURE-C	ov004				1		None		-
src/func_ov004_020b6f88.c	PURE-C	ov004				1		None		-
src/func_ov004_020b7020.c	PURE-C	ov004				1		None		-
src/func_ov004_020b70b4.c	PURE-C	ov004				1		None		-
src/func_ov004_020b724c.c	PURE-C	ov004				1		None		-
src/func_ov004_020b743c.c	PURE-C	ov004				1		None		-
src/func_ov004_020b7460.c	PURE-C	ov004				1		None		-
src/func_ov004_020b75e4.c	WEAK-refs-only	ov004				1		None		-
src/func_ov004_020b7744.c	PURE-C	ov004				1		None		-
src/func_ov004_020b7854.c	PURE-C	ov004				1		None		-
src/func_ov004_020b798c.c	PURE-C	ov004				1		None		-
src/func_ov004_020b79b0.c	PURE-C	ov004				1		None		-
src/func_ov004_020b7b20.c	PURE-C	ov004				1		None		-
src/func_ov004_020b7b90.c	WEAK-refs-only	ov004				1		None		-
src/func_ov004_020b7c04.c	WEAK-refs-only	ov004				1		None		-
src/func_ov004_020b7e38.c	WEAK-refs-only	ov004				1		None		-
src/func_ov004_020b7f5c.c	WEAK-refs-only	ov004				1		None		-
src/func_ov004_020b8098.c	WEAK-refs-only	ov004				1		None		-
src/func_ov004_020b81f8.c	PURE-C	ov004				1		None		-
src/func_ov004_020b83ac.c	PURE-C	ov004				1		None		-
src/func_ov004_020b853c.c	PURE-C	ov004				1		None		-
src/func_ov004_020b8688.c	PURE-C	ov004				1		None		-
src/func_ov004_020b8a70.c	PURE-C	ov004				1		None		-
src/func_ov004_020b8a8c.c	PURE-C	ov004				1		None		-
src/func_ov004_020b8c18.c	P2-vtable-only	ov004	dMgPsOpt_c::TouchIcon_c	dMgPsOpt_c	vtable dMgPsOpt_c::TouchIcon_c slot 1 @0x20b8c18	1		False		no-header:dMgPsOpt_c
src/func_ov004_020b8dc0.c	PURE-C	ov004				1		None		-
src/func_ov004_020b8ee0.c	PURE-C	ov004				1		None		-
src/func_ov004_020b91fc.c	PURE-C	ov004				1		None		-
src/func_ov004_020b9220.c	PURE-C	ov004				1		None		-
src/func_ov004_020b9280.c	PURE-C	ov004				1		None		-
src/func_ov004_020b929c.c	PURE-C	ov004				1		None		-
src/func_ov004_020b92c4.c	PURE-C	ov004				1		None		-
src/func_ov004_020b9430.c	PURE-C	ov004				1		None		-
src/func_ov005_020bffc8.c	PURE-C	ov005				1		None		-
src/func_ov005_020bfff4.c	PURE-C	ov005				1		None		-
src/func_ov005_020c0010.c	PURE-C	ov005				1		None		-
src/func_ov005_020c0030.c	PURE-C	ov005				1		None		-
src/func_ov005_020c007c.c	PURE-C	ov005				1		None		-
src/func_ov005_020c00b4.c	PURE-C	ov005				1		None		-
src/func_ov005_020c00e4.c	PURE-C	ov005				1		None		-
src/func_ov005_020c06cc.c	PURE-C	ov005				1		None		-
src/func_ov005_020c0f38.c	WEAK-refs-only	ov005				1		None		-
src/func_ov005_020c1130.c	WEAK-refs-only	ov005				1		None		-
src/func_ov005_020c1688.c	WEAK-refs-only	ov005				1		None		-
src/func_ov005_020c16e4.c	WEAK-refs-only	ov005				1		None		-
src/dScMiniGm_c_classInit.c	S1-stores-rom-vptr	ov005			stores _ZTV8dScene_c	1		None	_ZTV8dScene_c	-
src/func_ov006_020c0304.c	WEAK-refs-only	ov006				1		None		-
src/func_ov006_020c0364.c	WEAK-refs-only	ov006				1		None		-
src/func_ov006_020c07a0.c	WEAK-refs-only	ov006				1		None		-
src/func_ov006_020c09f8.c	WEAK-refs-only	ov006				1		None		-
src/func_ov006_020c0a48.c	WEAK-refs-only	ov006				1		None		-
src/func_ov006_020c0aa8.c	PURE-C	ov006				1		None		-
src/func_ov006_020c0af8.c	PURE-C	ov006				1		None		-
src/func_ov006_020c0b74.c	WEAK-refs-only	ov006				1		None		-
src/func_ov006_020c0ce8.c	WEAK-refs-only	ov006				1		None		-
src/func_ov006_020c0e8c.c	WEAK-refs-only	ov006				1		None		-
src/func_ov006_020c0efc.c	WEAK-refs-only	ov006				1		None		-
src/func_ov006_020c0f0c.c	PURE-C	ov006				1		None		-
src/func_ov006_020c1164.c	WEAK-refs-only	ov006				1		None		-
src/func_ov006_020c1604.c	WEAK-refs-only	ov006				1		None		-
src/func_ov006_020c16b4.c	PURE-C	ov006				1		None		-
src/func_ov006_020c1718.c	PURE-C	ov006				1		None		-
src/func_ov006_020c1760.c	PURE-C	ov006				1		None		-
src/func_ov006_020c1a88.c	WEAK-refs-only	ov006				1		None		-
src/func_ov006_020c1c64.c	WEAK-refs-only	ov006				1		None		-
src/func_ov006_020c1d80.c	WEAK-refs-only	ov006				1		None		-
src/func_ov006_020c1eb4.c	PURE-C	ov006				1		None		-
src/func_ov006_020c1ef8.c	PURE-C	ov006				1		None		-
src/func_ov006_020c1f04.c	PURE-C	ov006				1		None		-
src/func_ov006_020c2144.c	WEAK-refs-only	ov006				1		None		-
src/func_ov006_020c2154.c	WEAK-refs-only	ov006				1		None		-
src/func_ov006_020c21e4.c	WEAK-refs-only	ov006				1		None		-
src/func_ov006_020c221c.c	WEAK-refs-only	ov006				1		None		-
src/func_ov006_020c225c.c	PURE-C	ov006				1		None		-
src/func_ov006_020c2290.c	PURE-C	ov006				1		None		-
src/func_ov006_020c22d8.c	PURE-C	ov006				1		None		-
src/func_ov006_020c2300.c	WEAK-refs-only	ov006				1		None		-
src/func_ov006_020c2594.c	WEAK-refs-only	ov006				1		None		-
src/func_ov006_020c263c.c	PURE-C	ov006				1		None		-
src/func_ov006_020c2664.c	WEAK-refs-only	ov006				1		None		-
src/func_ov006_020c26f4.c	PURE-C	ov006				1		None		-
src/func_ov006_020c271c.c	WEAK-refs-only	ov006				1		None		-
src/func_ov006_020c2984.c	WEAK-refs-only	ov006				1		None		-
src/func_ov006_020c2994.c	PURE-C	ov006				1		None		-
src/func_ov006_020c2be8.c	PURE-C	ov006				1		None		-
src/func_ov006_020c3050.c	WEAK-refs-only	ov006				1		None		-
src/func_ov006_020c3288.c	WEAK-refs-only	ov006				1		None		-
src/func_ov006_020c33dc.c	WEAK-refs-only	ov006				1		None		-
src/func_ov006_020c35e8.c	WEAK-refs-only	ov006				1		None		-
src/func_ov006_020c3754.c	WEAK-refs-only	ov006				1		None		-
src/func_ov006_020c3884.c	WEAK-refs-only	ov006				1		None		-
src/func_ov006_020c38ac.c	PURE-C	ov006				1		None		-
src/func_ov006_020c38b0.c	WEAK-refs-only	ov006				1		None		-
src/func_ov006_020c3904.c	PURE-C	ov006				1		None		-
src/func_ov006_020c3908.c	WEAK-refs-only	ov006				1		None		-
src/func_ov006_020c395c.c	WEAK-refs-only	ov006				1		None		-
src/func_ov006_020c3990.c	WEAK-refs-only	ov006				1		None		-
src/func_ov006_020c3ad8.c	PURE-C	ov006				1		None		-
src/func_ov006_020c3adc.c	WEAK-refs-only	ov006				1		None		-
src/func_ov006_020c3b2c.c	PURE-C	ov006				1		None		-
src/func_ov006_020c3b80.c	PURE-C	ov006				1		None		-
src/func_ov006_020c3bc8.c	PURE-C	ov006				1		None		-
src/func_ov006_020c3e54.c	WEAK-refs-only	ov006				1		None		-
src/func_ov006_020c402c.c	WEAK-refs-only	ov006				1		None		-
src/func_ov006_020c4048.c	PURE-C	ov006				1		None		-
src/func_ov006_020c4060.c	PURE-C	ov006				1		None		-
src/func_ov006_020c40e8.c	PURE-C	ov006				1		None		-
src/func_ov006_020c4148.c	WEAK-refs-only	ov006				1		None		-
src/func_ov006_020c425c.c	PURE-C	ov006				1		None		-
src/func_ov006_020c42bc.c	PURE-C	ov006				1		None		-
src/func_ov006_020c44b4.c	PURE-C	ov006				1		None		-
src/func_ov006_020c4684.c	PURE-C	ov006				1		None		-
src/func_ov006_020c4710.c	PURE-C	ov006				1		None		-
src/func_ov006_020c47d4.c	PURE-C	ov006				1		None		-
src/func_ov006_020c49d8.c	PURE-C	ov006				1		None		-
src/func_ov006_020c4c00.c	PURE-C	ov006				1		None		-
src/func_ov006_020c4d1c.c	PURE-C	ov006				1		None		-
src/func_ov006_020c4d20.c	PURE-C	ov006				1		None		-
src/func_ov006_020c4d3c.c	WEAK-refs-only	ov006				1		None		-
src/func_ov006_020c4e8c.c	PURE-C	ov006				1		None		-
src/func_ov006_020c4f68.c	PURE-C	ov006				1		None		-
src/func_ov006_020c5370.c	PURE-C	ov006				1		None		-
src/func_ov006_020c53f8.c	WEAK-refs-only	ov006				1		None		-
src/func_ov006_020c54f4.c	PURE-C	ov006				1		None		-
src/func_ov006_020c5530.c	WEAK-refs-only	ov006				1		None		-
src/func_ov006_020c561c.c	PURE-C	ov006				1		None		-
src/func_ov006_020c5658.c	WEAK-refs-only	ov006				1		None		-
src/func_ov006_020c57d4.c	PURE-C	ov006				1		None		-
src/func_ov006_020c5928.c	WEAK-refs-only	ov006				1		None		-
src/func_ov006_020c5aa4.c	PURE-C	ov006				1		None		-
src/func_ov006_020c5bf8.c	WEAK-refs-only	ov006				1		None		-
src/func_ov006_020c5cf4.c	PURE-C	ov006				1		None		-
src/func_ov006_020c5d28.c	WEAK-refs-only	ov006				1		None		-
src/func_ov006_020c5ec8.c	PURE-C	ov006				1		None		-
src/func_ov006_020c6088.c	WEAK-refs-only	ov006				1		None		-
src/func_ov006_020c6188.c	PURE-C	ov006				1		None		-
src/func_ov006_020c61c4.c	PURE-C	ov006				1		None		-
src/func_ov006_020c6248.c	PURE-C	ov006				1		None		-
src/func_ov006_020c627c.c	WEAK-refs-only	ov006				1		None		-
src/func_ov006_020c6348.c	PURE-C	ov006				1		None		-
src/func_ov006_020c6378.c	PURE-C	ov006				1		None		-
src/func_ov006_020c63dc.c	PURE-C	ov006				1		None		-
src/func_ov006_020c6400.c	WEAK-refs-only	ov006				1		None		-
src/func_ov006_020c64e4.c	WEAK-refs-only	ov006				1		None		-
src/func_ov006_020c66bc.c	WEAK-refs-only	ov006				1		None		-
src/func_ov006_020c68f4.c	WEAK-refs-only	ov006				1		None		-
src/func_ov006_020c6a9c.c	WEAK-refs-only	ov006				1		None		-
src/func_ov006_020c6ca4.c	WEAK-refs-only	ov006				1		None		-
src/func_ov006_020c6f3c.c	WEAK-refs-only	ov006				1		None		-
src/func_ov006_020c6f70.c	WEAK-refs-only	ov006				1		None		-
src/func_ov006_020c6f8c.c	PURE-C	ov006				1		None		-
src/func_ov006_020c70d0.c	PURE-C	ov006				1		None		-
src/func_ov006_020c712c.c	PURE-C	ov006				1		None		-
src/func_ov006_020c719c.c	PURE-C	ov006				1		None		-
src/func_ov006_020c72b4.c	PURE-C	ov006				1		None		-
src/func_ov006_020c72c8.c	PURE-C	ov006				1		None		-
src/func_ov006_020c72dc.c	WEAK-refs-only	ov006				1		None		-
src/func_ov006_020c7300.c	PURE-C	ov006				1		None		-
src/func_ov006_020c7388.c	PURE-C	ov006				1		None		-
src/func_ov006_020c7418.c	PURE-C	ov006				1		None		-
src/func_ov006_020c7490.c	PURE-C	ov006				1		None		-
src/func_ov006_020c7574.c	PURE-C	ov006				1		None		-
src/func_ov006_020c762c.c	P2-vtable-only	ov006	dMgJump3DMario_c	dMgJump3DMario_c	vtable dMgJump3DMario_c slot 2 @0x20c762c	1		False		no-header:dMgJump3DMario_c
src/func_ov006_020c76d0.c	P2-vtable-only	ov006	dMgJump3DMario_c	dMgJump3DMario_c	vtable dMgJump3DMario_c slot 1 @0x20c76d0	1		False		no-header:dMgJump3DMario_c
src/func_ov006_020c76d8.c	P2-vtable-only	ov006	dMgJump3DMario_c	dMgJump3DMario_c	vtable dMgJump3DMario_c slot 0 @0x20c76d8	1		False		no-header:dMgJump3DMario_c
src/func_ov006_020c7a30.c	WEAK-refs-only	ov006				1		None		-
src/func_ov006_020c7ba4.c	WEAK-refs-only	ov006				1		None		-
src/func_ov006_020c7c68.c	WEAK-refs-only	ov006				1		None		-
src/func_ov006_020c802c.c	PURE-C	ov006				1		None		-
src/func_ov006_020c8048.c	PURE-C	ov006				1		None		-
src/func_ov006_020c81e0.c	WEAK-refs-only	ov006				1		None		-
src/func_ov006_020c8270.c	WEAK-refs-only	ov006				1		None		-
src/func_ov006_020c833c.c	WEAK-refs-only	ov006				1		None		-
src/func_ov006_020c85a0.c	PURE-C	ov006				1		None		-
src/func_ov006_020c862c.c	PURE-C	ov006				1		None		-
src/func_ov006_020c864c.c	PURE-C	ov006				1		None		-
src/func_ov006_020c8658.c	PURE-C	ov006				1		None		-
src/func_ov006_020c8680.c	WEAK-refs-only	ov006				1		None		-
src/func_ov006_020c8768.c	WEAK-refs-only	ov006				1		None		-
src/func_ov006_020c8a04.c	WEAK-refs-only	ov006				1		None		-
src/func_ov006_020c8a30.c	PURE-C	ov006				1		None		-
src/func_ov006_020c8a64.c	PURE-C	ov006				1		None		-
src/func_ov006_020c8a9c.c	PURE-C	ov006				1		None		-
src/func_ov006_020c8af4.c	PURE-C	ov006				1		None		-
src/func_ov006_020c8c6c.c	PURE-C	ov006				1		None		-
src/func_ov006_020c8c78.c	PURE-C	ov006				1		None		-
src/func_ov006_020c8da8.c	PURE-C	ov006				1		None		-
src/func_ov006_020c8dcc.c	PURE-C	ov006				1		None		-
src/func_ov006_020c8dd0.c	PURE-C	ov006				1		None		-
src/func_ov006_020c8dd4.c	P2-vtable-only	ov006	dMgTrmpln2Mario_c	dMgTrmpln2Mario_c	vtable dMgTrmpln2Mario_c slot 2 @0x20c8dd4	1		False		no-header:dMgTrmpln2Mario_c
src/func_ov006_020c8ddc.c	P2-vtable-only	ov006	dMgTrmpln2Mario_c	dMgTrmpln2Mario_c	vtable dMgTrmpln2Mario_c slot 3 @0x20c8ddc	1		False		no-header:dMgTrmpln2Mario_c
src/func_ov006_020c8e80.c	P2-vtable-only	ov006	dMgTrmpln2Mario_c	dMgTrmpln2Mario_c	vtable dMgTrmpln2Mario_c slot 1 @0x20c8e80	1		False		no-header:dMgTrmpln2Mario_c
src/func_ov006_020c8e88.c	P2-vtable-only	ov006	dMgTrmpln2Mario_c	dMgTrmpln2Mario_c	vtable dMgTrmpln2Mario_c slot 0 @0x20c8e88	1		False		no-header:dMgTrmpln2Mario_c
src/func_ov006_020c905c.c	PURE-C	ov006				1		None		-
src/func_ov006_020c9d7c.c	WEAK-refs-only	ov006				1		None		-
src/func_ov006_020c9e7c.c	WEAK-refs-only	ov006				1		None		-
src/func_ov006_020ca2ec.c	PURE-C	ov006				1		None		-
src/func_ov006_020ca374.c	PURE-C	ov006				1		None		-
src/func_ov006_020ca39c.c	PURE-C	ov006				1		None		-
src/func_ov006_020ca430.c	WEAK-refs-only	ov006				1		None		-
src/func_ov006_020ca7b8.c	PURE-C	ov006				1		None		-
src/func_ov006_020ca840.c	PURE-C	ov006				1		None		-
src/func_ov006_020caa08.c	PURE-C	ov006				1		None		-
src/func_ov006_020caadc.c	PURE-C	ov006				1		None		-
src/func_ov006_020cac9c.c	PURE-C	ov006				1		None		-
src/func_ov006_020cad3c.c	PURE-C	ov006				1		None		-
src/func_ov006_020cae9c.c	PURE-C	ov006				1		None		-
src/func_ov006_020caf44.c	P2-vtable-only	ov006	dMgTrmpln3DMario_c	dMgTrmpln3DMario_c	vtable dMgTrmpln3DMario_c slot 2 @0x20caf44	1		False		no-header:dMgTrmpln3DMario_c
src/func_ov006_020caf4c.c	P2-vtable-only	ov006	dMgTrmpln3DMario_c	dMgTrmpln3DMario_c	vtable dMgTrmpln3DMario_c slot 3 @0x20caf4c	1		False		no-header:dMgTrmpln3DMario_c
src/func_ov006_020cafa4.c	P2-vtable-only	ov006	dMgTrmpln3DMario_c	dMgTrmpln3DMario_c	vtable dMgTrmpln3DMario_c slot 1 @0x20cafa4	1		False		no-header:dMgTrmpln3DMario_c
src/func_ov006_020cafac.c	P2-vtable-only	ov006	dMgTrmpln3DMario_c	dMgTrmpln3DMario_c	vtable dMgTrmpln3DMario_c slot 0 @0x20cafac	1		False		no-header:dMgTrmpln3DMario_c
src/func_ov006_020cb16c.c	PURE-C	ov006				1		None		-
src/func_ov006_020cb2b4.c	WEAK-refs-only	ov006				1		None		-
src/func_ov006_020cb5c4.c	WEAK-refs-only	ov006				1		None		-
src/func_ov006_020cb72c.c	PURE-C	ov006				1		None		-
src/func_ov006_020cb814.c	PURE-C	ov006				1		None		-
src/func_ov006_020cc2ac.c	WEAK-refs-only	ov006				1		None		-
src/func_ov006_020cc618.c	PURE-C	ov006				1		None		-
src/func_ov006_020cc63c.c	PURE-C	ov006				1		None		-
src/func_ov006_020cc724.c	WEAK-refs-only	ov006				1		None		-
src/func_ov006_020cc8c8.c	WEAK-refs-only	ov006				1		None		-
src/func_ov006_020cc9b8.c	PURE-C	ov006				1		None		-
src/func_ov006_020ccae0.c	WEAK-refs-only	ov006				1		None		-
src/func_ov006_020ccd04.c	PURE-C	ov006				1		None		-
src/func_ov006_020ccd64.c	PURE-C	ov006				1		None		-
src/func_ov006_020cce0c.c	WEAK-refs-only	ov006				1		None		-
src/func_ov006_020cd12c.c	WEAK-refs-only	ov006				1		None		-
src/func_ov006_020cd158.c	PURE-C	ov006				1		None		-
src/func_ov006_020cd1e0.c	PURE-C	ov006				1		None		-
src/func_ov006_020cd270.c	PURE-C	ov006				1		None		-
src/func_ov006_020cd39c.c	PURE-C	ov006				1		None		-
src/func_ov006_020cd424.c	PURE-C	ov006				1		None		-
src/func_ov006_020cd510.c	PURE-C	ov006				1		None		-
src/func_ov006_020cd62c.c	PURE-C	ov006				1		None		-
src/func_ov006_020cd658.c	PURE-C	ov006				1		None		-
src/func_ov006_020cd6d8.c	P2-vtable-only	ov006	dMgTrmpRingObjAdapter_c	dMgTrmpRingObjAdapter_c	vtable dMgTrmpRingObjAdapter_c slot 4 @0x20cd6d8	1		False		no-header:dMgTrmpRingObjAdapter_c
src/func_ov006_020cd6f4.c	PURE-C	ov006				1		None		-
src/func_ov006_020cd720.c	P2-vtable-only	ov006	dMgTrmpObjAdapter_c	dMgTrmpObjAdapter_c	vtable dMgTrmpObjAdapter_c slot 4 @0x20cd720	1		False		no-header:dMgTrmpObjAdapter_c
src/func_ov006_020cd72c.c	PURE-C	ov006				1		None		-
src/func_ov006_020cd744.c	WEAK-refs-only	ov006				1		None		-
src/func_ov006_020cd7b8.c	PURE-C	ov006				1		None		-
src/func_ov006_020cd864.c	WEAK-refs-only	ov006				1		None		-
src/func_ov006_020cd98c.c	PURE-C	ov006				1		None		-
src/func_ov006_020cd9b0.c	WEAK-refs-only	ov006				1		None		-
src/func_ov006_020cdad0.c	PURE-C	ov006				1		None		-
src/func_ov006_020cdaec.c	WEAK-refs-only	ov006				1		None		-
src/func_ov006_020cdc14.c	PURE-C	ov006				1		None		-
src/func_ov006_020cdc38.c	PURE-C	ov006				1		None		-
src/func_ov006_020cdc68.c	PURE-C	ov006				1		None		-
src/func_ov006_020cdc8c.c	WEAK-refs-only	ov006				1		None		-
src/func_ov006_020cdce4.c	PURE-C	ov006				1		None		-
src/func_ov006_020cdd08.c	WEAK-refs-only	ov006				1		None		-
src/func_ov006_020cde28.c	PURE-C	ov006				1		None		-
src/func_ov006_020cde4c.c	PURE-C	ov006				1		None		-
src/func_ov006_020cde7c.c	PURE-C	ov006				1		None		-
src/func_ov006_020cdea0.c	PURE-C	ov006				1		None		-
src/func_ov006_020cdeec.c	PURE-C	ov006				1		None		-
src/func_ov006_020cdf1c.c	PURE-C	ov006				1		None		-
src/func_ov006_020cdf20.c	PURE-C	ov006				1		None		-
src/func_ov006_020cdf3c.c	WEAK-refs-only	ov006				1		None		-
src/func_ov006_020ce46c.c	WEAK-refs-only	ov006				1		None		-
src/func_ov006_020ce674.c	PURE-C	ov006				1		None		-
src/func_ov006_020ceabc.c	WEAK-refs-only	ov006				1		None		-
src/func_ov006_020cecb4.c	PURE-C	ov006				1		None		-
src/func_ov006_020ced84.c	PURE-C	ov006				1		None		-
src/func_ov006_020cedf0.c	PURE-C	ov006				1		None		-
src/func_ov006_020cee5c.c	PURE-C	ov006				1		None		-
src/func_ov006_020ceedc.c	WEAK-refs-only	ov006				1		None		-
src/func_ov006_020cef14.c	WEAK-refs-only	ov006				1		None		-
src/func_ov006_020cefa4.c	PURE-C	ov006				1		None		-
src/func_ov006_020cf040.c	WEAK-refs-only	ov006				1		None		-
src/func_ov006_020cf124.c	PURE-C	ov006				1		None		-
src/func_ov006_020cf790.c	WEAK-refs-only	ov006				1		None		-
src/func_ov006_020cf804.c	PURE-C	ov006				1		None		-
src/func_ov006_020cf820.c	WEAK-refs-only	ov006				1		None		-
src/func_ov006_020cfa28.c	PURE-C	ov006				1		None		-
src/func_ov006_020cfa44.c	WEAK-refs-only	ov006				1		None		-
src/func_ov006_020cfc58.c	PURE-C	ov006				1		None		-
src/func_ov006_020d09e0.c	PURE-C	ov006				1		None		-
src/func_ov006_020d0ac0.c	PURE-C	ov006				1		None		-
src/func_ov006_020d0b04.c	PURE-C	ov006				1		None		-
src/func_ov006_020d0b78.c	PURE-C	ov006				1		None		-
src/func_ov006_020d0bd8.c	PURE-C	ov006				1		None		-
src/func_ov006_020d0fe4.c	PURE-C	ov006				1		None		-
src/func_ov006_020d1008.c	PURE-C	ov006				1		None		-
src/func_ov006_020d100c.c	PURE-C	ov006				1		None		-
src/func_ov006_020d116c.c	PURE-C	ov006				1		None		-
src/func_ov006_020d1170.c	P2-vtable-only	ov006	dScMgAmida_c	dScMgAmida_c	vtable dScMgAmida_c slot 35 @0x20d1170	1		True		-
src/func_ov006_020d1450.c	PURE-C	ov006				1		None		-
src/func_ov006_020d14c0.c	P2-vtable-only	ov006	dScMgAmida_c	dScMgAmida_c	vtable dScMgAmida_c slot 34 @0x20d14c0	1		True		-
src/func_ov006_020d1ba0.c	WEAK-refs-only					0		None		NONMATCHING-draft;not-in-delinks
src/func_ov006_020d2580.c	PURE-C	ov006				1		None		-
src/func_ov006_020d25fc.c	PURE-C	ov006				1		None		-
src/func_ov006_020d452c.c	PURE-C	ov006				1		None		-
src/func_ov006_020d47f4.c	PURE-C	ov006				1		None		-
src/func_ov006_020d52f0.c	P2-vtable-only	ov006	dScMgAmida_c	dScMgAmida_c	vtable dScMgAmida_c slot 18 @0x20d52f0	1		True		-
src/func_ov006_020d5a50.c	PURE-C	ov006				1		None		-
src/func_ov006_020d5b00.c	PURE-C	ov006				1		None		-
src/func_ov006_020d5b10.c	WEAK-refs-only	ov006				1		None		-
src/func_ov006_020d5c60.c	PURE-C	ov006				1		None		-
src/func_ov006_020d5c88.c	PURE-C	ov006				1		None		-
src/func_ov006_020d5d08.c	PURE-C	ov006				1		None		-
src/func_ov006_020d5d90.c	PURE-C	ov006				1		None		-
src/func_ov006_020d5dd4.c	PURE-C	ov006				1		None		-
src/func_ov006_020d5e1c.c	WEAK-refs-only	ov006				1		None		-
src/func_ov006_020d5e3c.c	WEAK-refs-only	ov006				1		None		-
src/func_ov006_020d5e5c.c	PURE-C	ov006				1		None		-
src/func_ov006_020d5eb8.c	PURE-C	ov006				1		None		-
src/func_ov006_020d5f28.c	PURE-C	ov006				1		None		-
src/func_ov006_020d5f2c.c	PURE-C	ov006				1		None		-
src/func_ov006_020d5fd8.c	PURE-C	ov006				1		None		-
src/func_ov006_020d604c.c	PURE-C	ov006				1		None		-
src/func_ov006_020d6098.c	PURE-C	ov006				1		None		-
src/func_ov006_020d6100.c	PURE-C	ov006				1		None		-
src/func_ov006_020d6170.c	PURE-C	ov006				1		None		-
src/func_ov006_020d61dc.c	PURE-C	ov006				1		None		-
src/func_ov006_020d6264.c	PURE-C	ov006				1		None		-
src/func_ov006_020d62e0.c	PURE-C	ov006				1		None		-
src/func_ov006_020d634c.c	PURE-C	ov006				1		None		-
src/func_ov006_020d63ac.c	PURE-C	ov006				1		None		-
src/func_ov006_020d63d4.c	PURE-C	ov006				1		None		-
src/func_ov006_020d6454.c	PURE-C	ov006				1		None		-
src/func_ov006_020d64c4.c	PURE-C	ov006				1		None		-
src/func_ov006_020d64c8.c	PURE-C	ov006				1		None		-
src/func_ov006_020d65b4.c	PURE-C	ov006				1		None		-
src/func_ov006_020d6630.c	PURE-C	ov006				1		None		-
src/func_ov006_020d669c.c	PURE-C	ov006				1		None		-
src/func_ov006_020d672c.c	PURE-C	ov006				1		None		-
src/func_ov006_020d6784.c	WEAK-refs-only	ov006				1		None		-
src/func_ov006_020d68a8.c	PURE-C	ov006				1		None		-
src/func_ov006_020d69b8.c	PURE-C	ov006				1		None		-
src/func_ov006_020d6b88.c	PURE-C	ov006				1		None		-
src/func_ov006_020d6c90.c	PURE-C	ov006				1		None		-
src/func_ov006_020d6d7c.c	PURE-C	ov006				1		None		-
src/func_ov006_020d6e8c.c	WEAK-refs-only	ov006				1		None		-
src/func_ov006_020d7524.c	PURE-C	ov006				1		None		-
src/func_ov006_020d7604.c	PURE-C	ov006				1		None		-
src/func_ov006_020d7778.c	PURE-C	ov006				1		None		-
src/func_ov006_020d777c.c	PURE-C	ov006				1		None		-
src/func_ov006_020d7958.c	PURE-C	ov006				1		None		-
src/func_ov006_020d795c.c	PURE-C	ov006				1		None		-
src/func_ov006_020d7a84.c	WEAK-refs-only	ov006				1		None		-
src/func_ov006_020d7e7c.c	WEAK-refs-only	ov006				1		None		-
src/func_ov006_020d7edc.c	PURE-C	ov006				1		None		-
src/func_ov006_020d7f5c.c	PURE-C	ov006				1		None		-
src/func_ov006_020d816c.c	PURE-C	ov006				1		None		-
src/func_ov006_020d8324.c	PURE-C	ov006				1		None		-
src/func_ov006_020d8408.c	PURE-C	ov006				1		None		-
src/func_ov006_020d8904.c	PURE-C	ov006				1		None		-
src/func_ov006_020d893c.c	PURE-C	ov006				1		None		-
src/func_ov006_020d89c4.c	PURE-C	ov006				1		None		-
src/func_ov006_020d8af8.c	WEAK-refs-only	ov006				1		None		-
src/func_ov006_020d8c88.c	PURE-C	ov006				1		None		-
src/func_ov006_020d8d84.c	WEAK-refs-only	ov006				1		None		-
src/func_ov006_020d8f34.c	PURE-C	ov006				1		None		-
src/func_ov006_020d8ff4.c	PURE-C	ov006				1		None		-
src/func_ov006_020d9020.c	PURE-C	ov006				1		None		-
src/func_ov006_020d904c.c	PURE-C	ov006				1		None		-
src/func_ov006_020d907c.c	PURE-C	ov006				1		None		-
src/func_ov006_020d9104.c	P2-vtable-only	ov006	dScMgBomroom_c	dScMgBomroom_c	vtable dScMgBomroom_c slot 18 @0x20d9104	1		True		-
src/func_ov006_020d96e0.c	PURE-C	ov006				1		None		-
src/func_ov006_020d96f0.c	PURE-C	ov006				1		None		-
src/func_ov006_020d970c.c	P2-vtable-only	ov006	dMgDilarCardObj_c	dMgDilarCardObj_c	vtable dMgDilarCardObj_c slot 0 @0x20d970c	1		False		no-header:dMgDilarCardObj_c
src/func_ov006_020d9998.c	P2-vtable-only	ov006	dMgDilarCardObj_c	dMgDilarCardObj_c	vtable dMgDilarCardObj_c slot 2 @0x20d9998	1		False		no-header:dMgDilarCardObj_c
src/func_ov006_020d99a4.c	PURE-C	ov006				1		None		-
src/func_ov006_020d99ec.c	PURE-C	ov006				1		None		-
src/func_ov006_020d9a14.c	PURE-C	ov006				1		None		-
src/func_ov006_020d9bd0.c	P2-vtable-only	ov006	dMgCardObj_c	dMgCardObj_c	vtable dMgCardObj_c slot 2 @0x20d9bd0	1		False		no-header:dMgCardObj_c
src/func_ov006_020d9bdc.c	P2-vtable-only	ov006	dMgCardObj_c	dMgCardObj_c	vtable dMgCardObj_c slot 0 @0x20d9bdc	1		False		no-header:dMgCardObj_c
src/func_ov006_020da154.c	PURE-C	ov006				1		None		-
src/func_ov006_020da174.c	PURE-C	ov006				1		None		-
src/func_ov006_020da420.c	PURE-C	ov006				1		None		-
src/func_ov006_020da4ac.c	PURE-C	ov006				1		None		-
src/func_ov006_020da5e8.c	PURE-C	ov006				1		None		-
src/func_ov006_020da834.c	PURE-C	ov006				1		None		-
src/func_ov006_020da860.c	PURE-C	ov006				1		None		-
src/func_ov006_020da88c.c	PURE-C	ov006				1		None		-
src/func_ov006_020da8b8.c	PURE-C	ov006				1		None		-
src/func_ov006_020da8e4.c	PURE-C	ov006				1		None		-
src/func_ov006_020da974.c	PURE-C	ov006				1		None		-
src/func_ov006_020db6ec.c	P2-vtable-only	ov006	dScMgCard_c	dScMgCard_c	vtable dScMgCard_c slot 21 @0x20db6ec	1	active	True		-
src/func_ov006_020db720.c	P2-vtable-only	ov006	dScMgCard_c	dScMgCard_c	vtable dScMgCard_c slot 19 @0x20db720	1	active	True		-
src/func_ov006_020dbe14.c	PURE-C	ov006				1		None		-
src/func_ov006_020dbe30.c	PURE-C	ov006				1		None		-
src/func_ov006_020dbf7c.c	PURE-C	ov006				1		None		-
src/func_ov006_020dc154.c	PURE-C	ov006				1		None		-
src/func_ov006_020dc1c4.c	PURE-C	ov006				1		None		-
src/func_ov006_020dc26c.c	PURE-C	ov006				1		None		-
src/func_ov006_020dc294.c	PURE-C	ov006				1		None		-
src/func_ov006_020dc2f8.c	PURE-C	ov006				1		None		-
src/func_ov006_020dc334.c	PURE-C	ov006				1		None		-
src/func_ov006_020dc348.c	PURE-C	ov006				1		None		-
src/func_ov006_020dc370.c	PURE-C	ov006				1		None		-
src/func_ov006_020dc3bc.c	PURE-C	ov006				1		None		-
src/func_ov006_020dc414.c	PURE-C	ov006				1		None		-
src/func_ov006_020dc4b0.c	PURE-C	ov006				1		None		-
src/func_ov006_020dc4c8.c	PURE-C	ov006				1		None		-
src/func_ov006_020dc5c4.c	WEAK-refs-only	ov006				1		None		-
src/func_ov006_020dc6d0.c	WEAK-refs-only	ov006				1		None		-
src/func_ov006_020dc7b4.c	PURE-C	ov006				1		None		-
src/func_ov006_020dc7fc.c	PURE-C	ov006				1		None		-
src/func_ov006_020dc814.c	PURE-C	ov006				1		None		-
src/func_ov006_020dc870.c	PURE-C	ov006				1		None		-
src/func_ov006_020dc900.c	PURE-C	ov006				1		None		-
src/func_ov006_020dc960.c	PURE-C	ov006				1		None		-
src/func_ov006_020dc99c.c	PURE-C	ov006				1		None		-
src/func_ov006_020dca04.c	PURE-C	ov006				1		None		-
src/func_ov006_020dcb1c.c	PURE-C	ov006				1		None		-
src/func_ov006_020dcc48.c	PURE-C	ov006				1		None		-
src/func_ov006_020dccb8.c	PURE-C	ov006				1		None		-
src/func_ov006_020dcd74.c	PURE-C	ov006				1		None		-
src/func_ov006_020dce3c.c	PURE-C	ov006				1		None		-
src/func_ov006_020dcea8.c	PURE-C	ov006				1		None		-
src/func_ov006_020dcffc.c	PURE-C	ov006				1		None		-
src/func_ov006_020dd000.c	PURE-C	ov006				1		None		-
src/func_ov006_020dd334.c	PURE-C	ov006				1		None		-
src/func_ov006_020dd4b0.c	PURE-C	ov006				1		None		-
src/func_ov006_020dd594.c	PURE-C	ov006				1		None		-
src/func_ov006_020dd658.c	PURE-C	ov006				1		None		-
src/func_ov006_020dd7bc.c	PURE-C	ov006				1		None		-
src/func_ov006_020dd7c0.c	PURE-C	ov006				1		None		-
src/func_ov006_020dda94.c	PURE-C	ov006				1		None		-
src/func_ov006_020ddca0.c	PURE-C	ov006				1		None		-
src/func_ov006_020ddcf8.c	PURE-C	ov006				1		None		-
src/func_ov006_020dde28.c	PURE-C	ov006				1		None		-
src/func_ov006_020ddf9c.c	PURE-C	ov006				1		None		-
src/func_ov006_020de1d4.c	PURE-C	ov006				1		None		-
src/func_ov006_020de584.c	PURE-C	ov006				1		None		-
src/func_ov006_020de5ac.c	PURE-C	ov006				1		None		-
src/func_ov006_020deac4.c	PURE-C	ov006				1		None		-
src/func_ov006_020deac8.c	PURE-C	ov006				1		None		-
src/func_ov006_020deaf0.c	PURE-C	ov006				1		None		-
src/func_ov006_020deb48.c	PURE-C	ov006				1		None		-
src/func_ov006_020debb4.c	PURE-C	ov006				1		None		-
src/func_ov006_020debfc.c	PURE-C	ov006				1		None		-
src/func_ov006_020dec3c.c	PURE-C	ov006				1		None		-
src/func_ov006_020dec5c.c	PURE-C	ov006				1		None		-
src/func_ov006_020ded00.c	PURE-C	ov006				1		None		-
src/func_ov006_020ded84.c	PURE-C	ov006				1		None		-
src/func_ov006_020dedfc.c	WEAK-refs-only	ov006				1		None		-
src/func_ov006_020deed8.c	PURE-C	ov006				1		None		-
src/func_ov006_020def80.c	PURE-C	ov006				1		None		-
src/func_ov006_020df024.c	PURE-C	ov006				1		None		-
src/func_ov006_020df1bc.c	PURE-C	ov006				1		None		-
src/func_ov006_020df28c.c	PURE-C	ov006				1		None		-
src/func_ov006_020df3bc.c	WEAK-refs-only	ov006				1		None		-
src/func_ov006_020df540.c	PURE-C	ov006				1		None		-
src/func_ov006_020df5b8.c	PURE-C	ov006				1		None		-
src/func_ov006_020dfcd8.c	PURE-C	ov006				1		None		-
src/func_ov006_020dfd48.c	PURE-C	ov006				1		None		-
src/func_ov006_020dfed4.c	P2-vtable-only	ov006	dScMgCup_c	dScMgCup_c	vtable dScMgCup_c slot 20 @0x20dfed4	1		True		-
src/func_ov006_020dfeec.c	P2-vtable-only	ov006	dScMgCup_c	dScMgCup_c	vtable dScMgCup_c slot 18 @0x20dfeec	1		True		-
src/func_ov006_020e0634.c	PURE-C	ov006				1		None		-
src/func_ov006_020e0694.c	PURE-C	ov006				1		None		-
src/func_ov006_020e071c.c	PURE-C	ov006				1		None		-
src/func_ov006_020e07b0.c	PURE-C	ov006				1		None		-
src/func_ov006_020e091c.c	PURE-C	ov006				1		None		-
src/func_ov006_020e0a24.c	PURE-C	ov006				1		None		-
src/func_ov006_020e0b64.c	PURE-C	ov006				1		None		-
src/func_ov006_020e0ca0.c	PURE-C	ov006				1		None		-
src/func_ov006_020e0e18.c	PURE-C	ov006				1		None		-
src/func_ov006_020e0edc.c	PURE-C	ov006				1		None		-
src/func_ov006_020e0ff0.c	PURE-C	ov006				1		None		-
src/func_ov006_020e1100.c	PURE-C	ov006				1		None		-
src/func_ov006_020e1264.c	PURE-C	ov006				1		None		-
src/func_ov006_020e13a4.c	PURE-C	ov006				1		None		-
src/func_ov006_020e1554.c	PURE-C	ov006				1		None		-
src/func_ov006_020e1608.c	WEAK-refs-only	ov006				1		None		-
src/func_ov006_020e1680.c	WEAK-refs-only	ov006				1		None		-
src/func_ov006_020e1b54.c	PURE-C	ov006				1		None		-
src/func_ov006_020e1c68.c	PURE-C	ov006				1		None		-
src/func_ov006_020e269c.c	PURE-C	ov006				1		None		-
src/func_ov006_020e26f8.c	PURE-C	ov006				1		None		-
src/func_ov006_020e285c.c	PURE-C	ov006				1		None		-
src/func_ov006_020e2868.c	PURE-C	ov006				1		None		-
src/func_ov006_020e2c08.c	PURE-C	ov006				1		None		-
src/func_ov006_020e2dbc.c	WEAK-refs-only	ov006				1		None		-
src/func_ov006_020e2eb8.c	PURE-C	ov006				1		None		-
src/func_ov006_020e2ebc.c	PURE-C	ov006				1		None		-
src/func_ov006_020e2f78.c	WEAK-refs-only	ov006				1		None		-
src/func_ov006_020e3210.c	PURE-C	ov006				1		None		-
src/func_ov006_020e3250.c	PURE-C	ov006				1		None		-
src/func_ov006_020e3378.c	PURE-C	ov006				1		None		-
src/func_ov006_020e3388.c	PURE-C	ov006				1		None		-
src/func_ov006_020e38b0.c	PURE-C	ov006				1		None		-
src/func_ov006_020e3948.c	PURE-C	ov006				1		None		-
src/func_ov006_020e39e0.c	PURE-C	ov006				1		None		-
src/func_ov006_020e3b9c.c	PURE-C	ov006				1		None		-
src/func_ov006_020e3bc4.c	PURE-C	ov006				1		None		-
src/func_ov006_020e3c4c.c	PURE-C	ov006				1		None		-
src/func_ov006_020e3ce0.c	PURE-C	ov006				1		None		-
src/func_ov006_020e3db4.c	PURE-C	ov006				1		None		-
src/func_ov006_020e3e4c.c	PURE-C	ov006				1		None		-
src/func_ov006_020e3f54.c	PURE-C	ov006				1		None		-
src/func_ov006_020e4094.c	PURE-C	ov006				1		None		-
src/func_ov006_020e41d0.c	PURE-C	ov006				1		None		-
src/func_ov006_020e4348.c	PURE-C	ov006				1		None		-
src/func_ov006_020e440c.c	PURE-C	ov006				1		None		-
src/func_ov006_020e4520.c	PURE-C	ov006				1		None		-
src/func_ov006_020e4630.c	PURE-C	ov006				1		None		-
src/func_ov006_020e4794.c	PURE-C	ov006				1		None		-
src/func_ov006_020e48d4.c	PURE-C	ov006				1		None		-
src/func_ov006_020e4a84.c	PURE-C	ov006				1		None		-
src/func_ov006_020e4b00.c	WEAK-refs-only	ov006				1		None		-
src/func_ov006_020e4b78.c	PURE-C	ov006				1		None		-
src/func_ov006_020e4ed4.c	PURE-C	ov006				1		None		-
src/func_ov006_020e4fe8.c	PURE-C	ov006				1		None		-
src/func_ov006_020e507c.c	PURE-C	ov006				1		None		-
src/func_ov006_020e59b0.c	PURE-C	ov006				1		None		-
src/func_ov006_020e5a0c.c	PURE-C	ov006				1		None		-
src/func_ov006_020e5b70.c	PURE-C	ov006				1		None		-
src/func_ov006_020e5b7c.c	PURE-C	ov006				1		None		-
src/func_ov006_020e5e3c.c	PURE-C	ov006				1		None		-
src/func_ov006_020e5ffc.c	WEAK-refs-only	ov006				1		None		-
src/func_ov006_020e6118.c	PURE-C	ov006				1		None		-
src/func_ov006_020e619c.c	PURE-C	ov006				1		None		-
src/func_ov006_020e61c0.c	PURE-C	ov006				1		None		-
src/func_ov006_020e61c4.c	PURE-C	ov006				1		None		-
src/func_ov006_020e628c.c	WEAK-refs-only	ov006				1		None		-
src/func_ov006_020e64e4.c	PURE-C	ov006				1		None		-
src/func_ov006_020e6528.c	PURE-C	ov006				1		None		-
src/func_ov006_020e667c.c	PURE-C	ov006				1		None		-
src/func_ov006_020e668c.c	PURE-C	ov006				1		None		-
src/dScMgCurling2_c_classInit.c	WEAK-refs-only	ov006				1		None		-
src/func_ov006_020e6cac.c	P2-vtable-only	ov006	dScMgD3DBase_c	dScMgD3DBase_c	vtable dScMgD3DBase_c slot 30 @0x20e6cac	1	active	True		-
src/func_ov006_020e6d8c.c	P2-vtable-only	ov006	dScMgD3DBase_c	dScMgD3DBase_c	vtable dScMgD3DBase_c slot 28 @0x20e6d8c	1		True		-
src/func_ov006_020e6d98.c	P2-vtable-only	ov006	dScMgD3DBase_c	dScMgD3DBase_c	vtable dScMgD3DBase_c slot 27 @0x20e6d98	1		True		-
src/func_ov006_020e6da4.c	PURE-C	ov006				1		None		-
src/func_ov006_020e6db4.c	PURE-C	ov006				1		None		-
src/func_ov006_020e6e3c.c	PURE-C	ov006				1		None		-
src/func_ov006_020e6e4c.c	P2-vtable-only	ov006	dScMgD3DBase_c	dScMgD3DBase_c	vtable dScMgD3DBase_c slot 26 @0x20e6e4c	1		True		-
src/func_ov006_020e6e54.c	P2-vtable-only	ov006	dScMgD3DBase_c	dScMgD3DBase_c	vtable dScMgD3DBase_c slot 25 @0x20e6e54	1		True		-
src/func_ov006_020e7110.c	PURE-C	ov006				1		None		-
src/func_ov006_020e7124.c	P2-vtable-only	ov006	dScMgD3DBase_c	dScMgD3DBase_c	vtable dScMgD3DBase_c slot 33 @0x20e7124	1		True		-
src/func_ov006_020e72c0.c	P2-vtable-only	ov006	dScMgD3DBase_c	dScMgD3DBase_c	vtable dScMgD3DBase_c slot 31 @0x20e72c0	1	active	True		-
src/func_ov006_020e740c.c	PURE-C	ov006				1		None		-
src/func_ov006_020e7428.c	WEAK-refs-only	ov006				1		None		-
src/func_ov006_020e759c.c	WEAK-refs-only	ov006				1		None		-
src/func_ov006_020e7818.c	WEAK-refs-only	ov006				1		None		-
src/func_ov006_020e7910.c	PURE-C	ov006				1		None		-
src/func_ov006_020e792c.c	PURE-C	ov006				1		None		-
src/func_ov006_020e7940.c	PURE-C	ov006				1		None		-
src/func_ov006_020e794c.c	PURE-C	ov006				1		None		-
src/func_ov006_020e7954.c	WEAK-refs-only	ov006				1		None		-
src/func_ov006_020e7aac.c	WEAK-refs-only	ov006				1		None		-
src/func_ov006_020e7b0c.c	PURE-C	ov006				1		None		-
src/func_ov006_020e7d7c.c	WEAK-refs-only	ov006				1		None		-
src/func_ov006_020e7de8.c	WEAK-refs-only	ov006				1		None		-
src/func_ov006_020e7e74.c	WEAK-refs-only	ov006				1		None		-
src/func_ov006_020e7fac.c	PURE-C	ov006				1		None		-
src/func_ov006_020e7fb0.c	PURE-C	ov006				1		None		-
src/func_ov006_020e814c.c	WEAK-refs-only	ov006				1		None		-
src/func_ov006_020e81a4.c	PURE-C	ov006				1		None		-
src/func_ov006_020e81e0.c	PURE-C	ov006				1		None		-
src/func_ov006_020e8214.c	WEAK-refs-only	ov006				1		None		-
src/func_ov006_020e82c8.c	PURE-C	ov006				1		None		-
src/func_ov006_020e8354.c	PURE-C	ov006				1		None		-
src/func_ov006_020e83bc.c	PURE-C	ov006				1		None		-
src/func_ov006_020e84b8.c	PURE-C	ov006				1		None		-
src/func_ov006_020e85f0.c	PURE-C	ov006				1		None		-
src/func_ov006_020e8728.c	PURE-C	ov006				1		None		-
src/func_ov006_020e8830.c	PURE-C	ov006				1		None		-
src/func_ov006_020e8928.c	PURE-C	ov006				1		None		-
src/func_ov006_020e8aac.c	PURE-C	ov006				1		None		-
src/func_ov006_020e8b18.c	PURE-C	ov006				1		None		-
src/func_ov006_020e8c74.c	PURE-C	ov006				1		None		-
src/func_ov006_020e8cb0.c	PURE-C	ov006				1		None		-
src/func_ov006_020e8d7c.c	PURE-C	ov006				1		None		-
src/func_ov006_020e8f14.c	PURE-C	ov006				1		None		-
src/func_ov006_020e91a0.c	WEAK-refs-only	ov006				1		None		-
src/func_ov006_020e9318.c	PURE-C	ov006				1		None		-
src/func_ov006_020e93e8.c	PURE-C	ov006				1		None		-
src/func_ov006_020e95a4.c	PURE-C	ov006				1		None		-
src/func_ov006_020e95e4.c	PURE-C	ov006				1		None		-
src/func_ov006_020e9670.c	PURE-C	ov006				1		None		-
src/func_ov006_020e968c.c	PURE-C	ov006				1		None		-
src/func_ov006_020e97b0.c	PURE-C	ov006				1		None		-
src/func_ov006_020e984c.c	PURE-C	ov006				1		None		-
src/func_ov006_020e9bbc.c	PURE-C	ov006				1		None		-
src/func_ov006_020e9c10.c	P2-vtable-only	ov006	dScMg3DEsp_c	dScMg3DEsp_c	vtable dScMg3DEsp_c slot 20 @0x20e9c10	1		True		-
src/func_ov006_020ea324.c	PURE-C	ov006				1		None		-
src/func_ov006_020ea350.c	PURE-C	ov006				1		None		-
src/func_ov006_020ea3d0.c	WEAK-refs-only	ov006				1		None		-
src/func_ov006_020ea5f0.c	PURE-C	ov006				1		None		-
src/func_ov006_020ea658.c	PURE-C	ov006				1		None		-
src/func_ov006_020ea670.c	PURE-C	ov006				1		None		-
src/func_ov006_020ea71c.c	PURE-C	ov006				1		None		-
src/func_ov006_020ea81c.c	PURE-C	ov006				1		None		-
src/func_ov006_020ea8e0.c	PURE-C	ov006				1		None		-
src/func_ov006_020eac38.c	WEAK-refs-only	ov006				1		None		-
src/func_ov006_020eb1e0.c	WEAK-refs-only	ov006				1		None		-
src/func_ov006_020eb3e4.c	WEAK-refs-only	ov006				1		None		-
src/func_ov006_020eb768.c	PURE-C	ov006				1		None		-
src/func_ov006_020eb7b0.c	PURE-C	ov006				1		None		-
src/func_ov006_020eb7f8.c	WEAK-refs-only	ov006				1		None		-
src/func_ov006_020eb9b0.c	PURE-C	ov006				1		None		-
src/func_ov006_020eb9dc.c	WEAK-refs-only	ov006				1		None		-
src/func_ov006_020ebb40.c	PURE-C	ov006				1		None		-
src/func_ov006_020ebc08.c	PURE-C	ov006				1		None		-
src/func_ov006_020ebc7c.c	PURE-C	ov006				1		None		-
src/func_ov006_020ebd7c.c	PURE-C	ov006				1		None		-
src/func_ov006_020ebe6c.c	PURE-C	ov006				1		None		-
src/func_ov006_020ebeb4.c	PURE-C	ov006				1		None		-
src/func_ov006_020ebf20.c	WEAK-refs-only	ov006				1		None		-
src/func_ov006_020ec134.c	WEAK-refs-only	ov006				1		None		-
src/func_ov006_020ec2bc.c	WEAK-refs-only	ov006				1		None		-
src/func_ov006_020ec458.c	PURE-C	ov006				1		None		-
src/func_ov006_020ec4dc.c	WEAK-refs-only	ov006				1		None		-
src/func_ov006_020ec6e8.c	WEAK-refs-only	ov006				1		None		-
src/func_ov006_020ec84c.c	PURE-C	ov006				1		None		-
src/func_ov006_020ec93c.c	PURE-C	ov006				1		None		-
src/func_ov006_020ec9c0.c	WEAK-refs-only	ov006				1		None		-
src/func_ov006_020ecb80.c	WEAK-refs-only	ov006				1		None		-
src/func_ov006_020ecba4.c	WEAK-refs-only	ov006				1		None		-
src/func_ov006_020ecdb8.c	PURE-C	ov006				1		None		-
src/func_ov006_020ed270.c	PURE-C	ov006				1		None		-
src/func_ov006_020ed274.c	PURE-C	ov006				1		None		-
src/func_ov006_020ed300.c	PURE-C	ov006				1		None		-
src/func_ov006_020ed328.c	PURE-C	ov006				1		None		-
src/func_ov006_020ed32c.c	PURE-C	ov006				1		None		-
src/func_ov006_020ed34c.c	PURE-C	ov006				1		None		-
src/func_ov006_020ed40c.c	PURE-C	ov006				1		None		-
src/func_ov006_020ed494.c	WEAK-refs-only	ov006				1		None		-
src/func_ov006_020ed81c.c	PURE-C	ov006				1		None		-
src/func_ov006_020ed8a4.c	PURE-C	ov006				1		None		-
src/func_ov006_020eda48.c	P2-vtable-only	ov006	dScMgHanachan_c	dScMgHanachan_c	vtable dScMgHanachan_c slot 18 @0x20eda48	1		True		-
src/func_ov006_020edcb0.c	WEAK-refs-only	ov006				1		None		-
src/func_ov006_020ede80.c	PURE-C	ov006				1		None		-
src/func_ov006_020ee2c0.c	PURE-C	ov006				1		None		-
src/func_ov006_020ee2c4.c	PURE-C	ov006				1		None		-
src/func_ov006_020ee3bc.c	PURE-C	ov006				1		None		-
src/func_ov006_020ee3ec.c	PURE-C	ov006				1		None		-
src/func_ov006_020ee44c.c	WEAK-refs-only	ov006				1		None		-
src/func_ov006_020ee4e0.c	PURE-C	ov006				1		None		-
src/func_ov006_020ee508.c	PURE-C	ov006				1		None		-
src/func_ov006_020ee598.c	PURE-C	ov006				1		None		-
src/func_ov006_020ee5b8.c	PURE-C	ov006				1		None		-
src/func_ov006_020ee658.c	PURE-C	ov006				1		None		-
src/func_ov006_020eed64.c	PURE-C	ov006				1		None		-
src/func_ov006_020eed68.c	PURE-C	ov006				1		None		-
src/func_ov006_020eedc8.c	WEAK-refs-only	ov006				1		None		-
src/func_ov006_020eee3c.c	PURE-C	ov006				1		None		-
src/func_ov006_020eeef4.c	PURE-C	ov006				1		None		-
src/func_ov006_020eef40.c	PURE-C	ov006				1		None		-
src/func_ov006_020eef58.c	PURE-C	ov006				1		None		-
src/func_ov006_020eef90.c	PURE-C	ov006				1		None		-
src/func_ov006_020eeff0.c	PURE-C	ov006				1		None		-
src/func_ov006_020ef05c.c	PURE-C	ov006				1		None		-
src/func_ov006_020ef0d4.c	PURE-C	ov006				1		None		-
src/func_ov006_020ef2b8.c	PURE-C	ov006				1		None		-
src/func_ov006_020ef47c.c	P2-vtable-only	ov006	dScMgJump_c	dScMgJump_c	vtable dScMgJump_c slot 36 @0x20ef47c	1		True		-
src/func_ov006_020ef480.c	PURE-C	ov006				1		None		-
src/func_ov006_020ef4ec.c	WEAK-refs-only	ov006				1		None		-
src/func_ov006_020ef580.c	PURE-C	ov006				1		None		-
src/func_ov006_020ef5ac.c	WEAK-refs-only	ov006				1		None		-
src/func_ov006_020ef768.c	PURE-C	ov006				1		None		-
src/func_ov006_020ef794.c	PURE-C	ov006				1		None		-
src/func_ov006_020ef7f8.c	PURE-C	ov006				1		None		-
src/func_ov006_020efa84.c	P2-vtable-only	ov006	dScMgJump2_c	dScMgJump2_c	vtable dScMgJump2_c slot 19 @0x20efa84	1		True		-
src/func_ov006_020efaa8.c	P2-vtable-only	ov006	dScMgJump2_c	dScMgJump2_c	vtable dScMgJump2_c slot 18 @0x20efaa8	1		True		-
src/func_ov006_020efc08.c	PURE-C	ov006				1		None		-
src/func_ov006_020efcf8.c	PURE-C	ov006				1		None		-
src/func_ov006_020efdac.c	PURE-C	ov006				1		None		-
src/func_ov006_020efdf0.c	WEAK-refs-only	ov006				1		None		-
src/func_ov006_020eff20.c	WEAK-refs-only	ov006				1		None		-
src/func_ov006_020effb8.c	PURE-C	ov006				1		None		-
src/func_ov006_020f002c.c	PURE-C	ov006				1		None		-
src/func_ov006_020f01d8.c	PURE-C	ov006				1		None		-
src/func_ov006_020f0274.c	WEAK-refs-only	ov006				1		None		-
src/func_ov006_020f049c.c	PURE-C	ov006				1		None		-
src/func_ov006_020f04ec.c	PURE-C	ov006				1		None		-
src/func_ov006_020f05d8.c	WEAK-refs-only	ov006				1		None		-
src/func_ov006_020f06fc.c	WEAK-refs-only	ov006				1		None		-
src/func_ov006_020f088c.c	WEAK-refs-only	ov006				1		None		-
src/func_ov006_020f0a6c.c	PURE-C	ov006				1		None		-
src/func_ov006_020f0bf0.c	PURE-C	ov006				1		None		-
src/func_ov006_020f0dd8.c	PURE-C	ov006				1		None		-
src/func_ov006_020f0e28.c	PURE-C	ov006				1		None		-
src/func_ov006_020f0eac.c	WEAK-refs-only	ov006				1		None		-
src/func_ov006_020f0f7c.c	PURE-C	ov006				1		None		-
src/func_ov006_020f100c.c	PURE-C	ov006				1		None		-
src/func_ov006_020f10ec.c	PURE-C	ov006				1		None		-
src/func_ov006_020f120c.c	PURE-C	ov006				1		None		-
src/func_ov006_020f12c8.c	PURE-C	ov006				1		None		-
src/func_ov006_020f1318.c	PURE-C	ov006				1		None		-
src/func_ov006_020f13cc.c	PURE-C	ov006				1		None		-
src/func_ov006_020f17fc.c	PURE-C	ov006				1		None		-
src/func_ov006_020f192c.c	PURE-C	ov006				1		None		-
src/func_ov006_020f1a70.c	PURE-C	ov006				1		None		-
src/func_ov006_020f1b98.c	PURE-C	ov006				1		None		-
src/func_ov006_020f1cb4.c	PURE-C	ov006				1		None		-
src/func_ov006_020f1dbc.c	PURE-C	ov006				1		None		-
src/func_ov006_020f1e40.c	PURE-C	ov006				1		None		-
src/func_ov006_020f1e58.c	PURE-C	ov006				1		None		-
src/func_ov006_020f1ef8.c	PURE-C	ov006				1		None		-
src/func_ov006_020f1fcc.c	PURE-C	ov006				1		None		-
src/func_ov006_020f2cb8.c	WEAK-refs-only	ov006				1		None		-
src/func_ov006_020f2e20.c	PURE-C	ov006				1		None		-
src/func_ov006_020f2ec0.c	PURE-C	ov006				1		None		-
src/func_ov006_020f319c.c	PURE-C	ov006				1		None		-
src/func_ov006_020f31dc.c	PURE-C	ov006				1		None		-
src/func_ov006_020f3260.c	PURE-C	ov006				1		None		-
src/func_ov006_020f3294.c	P2-vtable-only	ov006	dScMgLuigi_c	dScMgLuigi_c	vtable dScMgLuigi_c slot 18 @0x20f3294	1		True		-
src/func_ov006_020f38f0.c	PURE-C	ov006				1		None		-
src/func_ov006_020f392c.c	PURE-C	ov006				1		None		-
src/func_ov006_020f3964.c	PURE-C	ov006				1		None		-
src/func_ov006_020f39c8.c	PURE-C	ov006				1		None		-
src/func_ov006_020f39fc.c	PURE-C	ov006				1		None		-
src/func_ov006_020f3a10.c	PURE-C	ov006				1		None		-
src/func_ov006_020f3a14.c	WEAK-refs-only	ov006				1		None		-
src/func_ov006_020f3ba0.c	PURE-C	ov006				1		None		-
src/func_ov006_020f3c0c.c	PURE-C	ov006				1		None		-
src/func_ov006_020f3c90.c	PURE-C	ov006				1		None		-
src/func_ov006_020f3f84.c	PURE-C	ov006				1		None		-
src/func_ov006_020f411c.c	PURE-C	ov006				1		None		-
src/func_ov006_020f41ac.c	PURE-C	ov006				1		None		-
src/func_ov006_020f41b0.c	PURE-C	ov006				1		None		-
src/func_ov006_020f4248.c	PURE-C	ov006				1		None		-
src/func_ov006_020f43c0.c	PURE-C	ov006				1		None		-
src/func_ov006_020f43c4.c	WEAK-refs-only	ov006				1		None		-
src/func_ov006_020f456c.c	PURE-C	ov006				1		None		-
src/func_ov006_020f47d8.c	PURE-C	ov006				1		None		-
src/func_ov006_020f4888.c	PURE-C	ov006				1		None		-
src/func_ov006_020f49ac.c	PURE-C	ov006				1		None		-
src/func_ov006_020f4a40.c	PURE-C	ov006				1		None		-
src/func_ov006_020f4ad4.c	PURE-C	ov006				1		None		-
src/func_ov006_020f4b30.c	PURE-C	ov006				1		None		-
src/func_ov006_020f4bbc.c	PURE-C	ov006				1		None		-
src/func_ov006_020f4c38.c	PURE-C	ov006				1		None		-
src/func_ov006_020f4cd8.c	PURE-C	ov006				1		None		-
src/func_ov006_020f4f94.c	PURE-C	ov006				1		None		-
src/func_ov006_020f50c0.c	PURE-C	ov006				1		None		-
src/func_ov006_020f5140.c	PURE-C	ov006				1		None		-
src/func_ov006_020f51b0.c	PURE-C	ov006				1		None		-
src/func_ov006_020f51f0.c	PURE-C	ov006				1		None		-
src/func_ov006_020f523c.c	P2-vtable-only	ov006	dScMgMemory_c	dScMgMemory_c	vtable dScMgMemory_c slot 21 @0x20f523c	1	active	True		-
src/func_ov006_020f5250.c	P2-vtable-only	ov006	dScMgMemory_c	dScMgMemory_c	vtable dScMgMemory_c slot 19 @0x20f5250	1	active	True		-
src/func_ov006_020f52c4.c	P2-vtable-only	ov006	dScMgMemory_c	dScMgMemory_c	vtable dScMgMemory_c slot 18 @0x20f52c4	1	active	True		-
src/func_ov006_020f5620.c	PURE-C	ov006				1		None		-
src/func_ov006_020f565c.c	PURE-C	ov006				1		None		-
src/func_ov006_020f5694.c	PURE-C	ov006				1		None		-
src/func_ov006_020f56f8.c	PURE-C	ov006				1		None		-
src/func_ov006_020f572c.c	PURE-C	ov006				1		None		-
src/func_ov006_020f5740.c	PURE-C	ov006				1		None		-
src/func_ov006_020f5744.c	WEAK-refs-only	ov006				1		None		-
src/func_ov006_020f58d0.c	PURE-C	ov006				1		None		-
src/func_ov006_020f593c.c	PURE-C	ov006				1		None		-
src/func_ov006_020f59c0.c	PURE-C	ov006				1		None		-
src/func_ov006_020f5b98.c	PURE-C	ov006				1		None		-
src/func_ov006_020f5cb4.c	PURE-C	ov006				1		None		-
src/func_ov006_020f5de0.c	PURE-C	ov006				1		None		-
src/func_ov006_020f5e70.c	PURE-C	ov006				1		None		-
src/func_ov006_020f5e74.c	PURE-C	ov006				1		None		-
src/func_ov006_020f5f0c.c	PURE-C	ov006				1		None		-
src/func_ov006_020f6084.c	PURE-C	ov006				1		None		-
src/func_ov006_020f6088.c	WEAK-refs-only	ov006				1		None		-
src/func_ov006_020f6230.c	PURE-C	ov006				1		None		-
src/func_ov006_020f639c.c	WEAK-refs-only	ov006				1		None		-
src/func_ov006_020f6488.c	PURE-C	ov006				1		None		-
src/func_ov006_020f6538.c	PURE-C	ov006				1		None		-
src/func_ov006_020f6678.c	PURE-C	ov006				1		None		-
src/func_ov006_020f670c.c	PURE-C	ov006				1		None		-
src/func_ov006_020f67a0.c	PURE-C	ov006				1		None		-
src/func_ov006_020f6830.c	PURE-C	ov006				1		None		-
src/func_ov006_020f6904.c	WEAK-refs-only					0		None		NONMATCHING-draft;not-in-delinks
src/func_ov006_020f6a00.c	PURE-C	ov006				1		None		-
src/func_ov006_020f6a78.c	PURE-C	ov006				1		None		-
src/func_ov006_020f6b00.c	PURE-C	ov006				1		None		-
src/func_ov006_020f6b78.c	PURE-C	ov006				1		None		-
src/func_ov006_020f6bf0.c	PURE-C	ov006				1		None		-
src/func_ov006_020f6c90.c	PURE-C	ov006				1		None		-
src/func_ov006_020f6f88.c	PURE-C	ov006				1		None		-
src/func_ov006_020f7064.c	PURE-C	ov006				1		None		-
src/func_ov006_020f7190.c	PURE-C	ov006				1		None		-
src/func_ov006_020f7210.c	PURE-C	ov006				1		None		-
src/func_ov006_020f7280.c	PURE-C	ov006				1		None		-
src/func_ov006_020f72c0.c	PURE-C	ov006				1		None		-
src/func_ov006_020f730c.c	P2-vtable-only	ov006	dScMgMemory2_c	dScMgMemory2_c	vtable dScMgMemory2_c slot 21 @0x20f730c	1	active	True		-
src/func_ov006_020f7320.c	P2-vtable-only	ov006	dScMgMemory2_c	dScMgMemory2_c	vtable dScMgMemory2_c slot 19 @0x20f7320	1	active	True		-
src/func_ov006_020f7394.c	P2-vtable-only	ov006	dScMgMemory2_c	dScMgMemory2_c	vtable dScMgMemory2_c slot 18 @0x20f7394	1	active	True		-
src/func_ov006_020f7730.c	PURE-C	ov006				1		None		-
src/func_ov006_020f7994.c	PURE-C	ov006				1		None		-
src/func_ov006_020f7a00.c	PURE-C	ov006				1		None		-
src/func_ov006_020f7a90.c	PURE-C	ov006				1		None		-
src/func_ov006_020f7b10.c	PURE-C	ov006				1		None		-
src/func_ov006_020f7b90.c	PURE-C	ov006				1		None		-
src/func_ov006_020f7c10.c	PURE-C	ov006				1		None		-
src/func_ov006_020f7e2c.c	P2-vtable-only	ov006	dMgMCarloCardObj_c	dMgMCarloCardObj_c	vtable dMgMCarloCardObj_c slot 0 @0x20f7e2c	1		False		no-header:dMgMCarloCardObj_c
src/func_ov006_020f8154.c	PURE-C	ov006				1		None		-
src/func_ov006_020f8224.c	PURE-C	ov006				1		None		-
src/func_ov006_020f82d0.c	PURE-C	ov006				1		None		-
src/func_ov006_020f8320.c	PURE-C	ov006				1		None		-
src/func_ov006_020f84a8.c	PURE-C	ov006				1		None		-
src/func_ov006_020f8540.c	PURE-C	ov006				1		None		-
src/func_ov006_020f8a3c.c	P2-vtable-only	ov006	dScMgMCarlo_c	dScMgMCarlo_c	vtable dScMgMCarlo_c slot 19 @0x20f8a3c	1	active	True		-
src/func_ov006_020f8c68.c	P2-vtable-only	ov006	dScMgMCarlo_c	dScMgMCarlo_c	vtable dScMgMCarlo_c slot 18 @0x20f8c68	1	active	True		-
src/func_ov006_020f8ed8.c	PURE-C	ov006				1		None		-
src/func_ov006_020f8ff0.c	PURE-C	ov006				1		None		-
src/func_ov006_020f94f4.c	PURE-C	ov006				1		None		-
src/func_ov006_020f9560.c	PURE-C	ov006				1		None		-
src/func_ov006_020f95f0.c	PURE-C	ov006				1		None		-
src/func_ov006_020f9668.c	PURE-C	ov006				1		None		-
src/func_ov006_020f96e0.c	PURE-C	ov006				1		None		-
src/func_ov006_020f9760.c	PURE-C	ov006				1		None		-
src/func_ov006_020f98dc.c	P2-vtable-only	ov006	dMgMCarlo2CardObj_c	dMgMCarlo2CardObj_c	vtable dMgMCarlo2CardObj_c slot 0 @0x20f98dc	1		False		no-header:dMgMCarlo2CardObj_c
src/func_ov006_020f9994.c	P2-vtable-only	ov006	dMgMCarlo2CardObj_c	dMgMCarlo2CardObj_c	vtable dMgMCarlo2CardObj_c slot 1 @0x20f9994	1		False		no-header:dMgMCarlo2CardObj_c
src/func_ov006_020f9bec.c	PURE-C	ov006				1		None		-
src/func_ov006_020f9cbc.c	PURE-C	ov006				1		None		-
src/func_ov006_020f9d68.c	PURE-C	ov006				1		None		-
src/func_ov006_020f9db8.c	PURE-C	ov006				1		None		-
src/func_ov006_020f9f40.c	PURE-C	ov006				1		None		-
src/func_ov006_020fa3d0.c	P2-vtable-only	ov006	dScMgMCarlo2_c	dScMgMCarlo2_c	vtable dScMgMCarlo2_c slot 19 @0x20fa3d0	1		True		-
src/func_ov006_020fa740.c	PURE-C	ov006				1		None		-
src/func_ov006_020fa844.c	PURE-C	ov006				1		None		-
src/func_ov006_020fa924.c	PURE-C	ov006				1		None		-
src/func_ov006_020fa9a0.c	PURE-C	ov006				1		None		-
src/func_ov006_020fa9c8.c	PURE-C	ov006				1		None		-
src/func_ov006_020faac8.c	PURE-C	ov006				1		None		-
src/func_ov006_020fab70.c	PURE-C	ov006				1		None		-
src/func_ov006_020fac48.c	PURE-C	ov006				1		None		-
src/func_ov006_020fad90.c	PURE-C	ov006				1		None		-
src/func_ov006_020fadfc.c	PURE-C	ov006				1		None		-
src/func_ov006_020fae20.c	PURE-C	ov006				1		None		-
src/func_ov006_020fae90.c	PURE-C	ov006				1		None		-
src/func_ov006_020faeec.c	PURE-C	ov006				1		None		-
src/func_ov006_020faf14.c	PURE-C	ov006				1		None		-
src/func_ov006_020faf6c.c	WEAK-refs-only	ov006				1		None		-
src/func_ov006_020fb0fc.c	PURE-C	ov006				1		None		-
src/func_ov006_020fb1c4.c	PURE-C	ov006				1		None		-
src/func_ov006_020fb230.c	PURE-C	ov006				1		None		-
src/func_ov006_020fb45c.c	PURE-C	ov006				1		None		-
src/func_ov006_020fb4e0.c	WEAK-refs-only	ov006				1		None		-
src/func_ov006_020fb670.c	PURE-C	ov006				1		None		-
src/func_ov006_020fb74c.c	PURE-C	ov006				1		None		-
src/func_ov006_020fb7e0.c	PURE-C	ov006				1		None		-
src/func_ov006_020fb8fc.c	PURE-C	ov006				1		None		-
src/func_ov006_020fb97c.c	WEAK-refs-only	ov006				1		None		-
src/func_ov006_020fba48.c	PURE-C	ov006				1		None		-
src/func_ov006_020fba64.c	PURE-C	ov006				1		None		-
src/func_ov006_020fbad4.c	PURE-C	ov006				1		None		-
src/func_ov006_020fbb2c.c	PURE-C	ov006				1		None		-
src/func_ov006_020fbbe8.c	WEAK-refs-only	ov006				1		None		-
src/func_ov006_020fbcb8.c	WEAK-refs-only	ov006				1		None		-
src/func_ov006_020fbd38.c	WEAK-refs-only	ov006				1		None		-
src/func_ov006_020fc144.c	PURE-C	ov006				1		None		-
src/func_ov006_020fc1b4.c	PURE-C	ov006				1		None		-
src/func_ov006_020fc1f8.c	PURE-C	ov006				1		None		-
src/func_ov006_020fc2ec.c	PURE-C	ov006				1		None		-
src/func_ov006_020fc500.c	PURE-C	ov006				1		None		-
src/func_ov006_020fc718.c	PURE-C					0		None		NONMATCHING-draft;not-in-delinks
src/func_ov006_020fc844.c	PURE-C	ov006				1		None		-
src/func_ov006_020fc9b0.c	PURE-C	ov006				1		None		-
src/func_ov006_020fca1c.c	PURE-C	ov006				1		None		-
src/func_ov006_020fcd8c.c	PURE-C	ov006				1		None		-
src/func_ov006_020fce04.c	PURE-C	ov006				1		None		-
src/func_ov006_020fcec4.c	PURE-C	ov006				1		None		-
src/func_ov006_020fd088.c	PURE-C	ov006				1		None		-
src/func_ov006_020fd17c.c	WEAK-refs-only	ov006				1		None		-
src/func_ov006_020fd2d8.c	PURE-C	ov006				1		None		-
src/func_ov006_020fd894.c	PURE-C	ov006				1		None		-
src/func_ov006_020fd9cc.c	PURE-C	ov006				1		None		-
src/func_ov006_020fe1a8.c	PURE-C	ov006				1		None		-
src/func_ov006_020fe1d0.c	PURE-C	ov006				1		None		-
src/func_ov006_020fe2bc.c	PURE-C	ov006				1		None		-
src/func_ov006_020fe2e4.c	PURE-C	ov006				1		None		-
src/func_ov006_020fe750.c	WEAK-refs-only	ov006				1		None		-
src/func_ov006_020fe90c.c	PURE-C	ov006				1		None		-
src/func_ov006_020fea54.c	PURE-C	ov006				1		None		-
src/func_ov006_020fea70.c	WEAK-refs-only	ov006				1		None		-
src/func_ov006_020feba8.c	PURE-C	ov006				1		None		-
src/func_ov006_020fed58.c	P2-vtable-only	ov006	dScMgPachinko_c	dScMgPachinko_c	vtable dScMgPachinko_c slot 18 @0x20fed58	1		True		-
src/func_ov006_020ff47c.c	PURE-C	ov006				1		None		-
src/func_ov006_020ff4ec.c	PURE-C	ov006				1		None		-
src/func_ov006_020ff534.c	PURE-C	ov006				1		None		-
src/func_ov006_020ff690.c	PURE-C	ov006				1		None		-
src/func_ov006_020ff8c8.c	PURE-C	ov006				1		None		-
src/func_ov006_020ffb54.c	PURE-C	ov006				1		None		-
src/func_ov006_020ffde4.c	PURE-C	ov006				1		None		-
src/func_ov006_020fff54.c	PURE-C	ov006				1		None		-
src/func_ov006_020fffec.c	PURE-C	ov006				1		None		-
src/func_ov006_02100058.c	PURE-C	ov006				1		None		-
src/func_ov006_02100084.c	PURE-C	ov006				1		None		-
src/func_ov006_02100140.c	PURE-C	ov006				1		None		-
src/func_ov006_021001ac.c	PURE-C	ov006				1		None		-
src/func_ov006_02100278.c	PURE-C	ov006				1		None		-
src/func_ov006_02100314.c	PURE-C	ov006				1		None		-
src/func_ov006_02100380.c	PURE-C	ov006				1		None		-
src/func_ov006_02100408.c	PURE-C	ov006				1		None		-
src/func_ov006_021004c0.c	PURE-C	ov006				1		None		-
src/func_ov006_021004f4.c	WEAK-refs-only	ov006				1		None		-
src/func_ov006_02100554.c	PURE-C	ov006				1		None		-
src/func_ov006_0210068c.c	PURE-C	ov006				1		None		-
src/func_ov006_021006f4.c	PURE-C	ov006				1		None		-
src/func_ov006_02100734.c	PURE-C	ov006				1		None		-
src/func_ov006_0210076c.c	WEAK-refs-only	ov006				1		None		-
src/func_ov006_021009b8.c	PURE-C	ov006				1		None		-
src/func_ov006_02100b08.c	PURE-C	ov006				1		None		-
src/func_ov006_02100bac.c	WEAK-refs-only	ov006				1		None		-
src/func_ov006_02100d90.c	PURE-C	ov006				1		None		-
src/func_ov006_02100e3c.c	PURE-C	ov006				1		None		-
src/func_ov006_02100f7c.c	PURE-C	ov006				1		None		-
src/func_ov006_02101088.c	PURE-C	ov006				1		None		-
src/func_ov006_02101148.c	PURE-C	ov006				1		None		-
src/func_ov006_02101224.c	PURE-C	ov006				1		None		-
src/func_ov006_021012cc.c	PURE-C	ov006				1		None		-
src/func_ov006_021016ec.c	PURE-C	ov006				1		None		-
src/func_ov006_021019e0.c	P2-vtable-only	ov006	dScMgPachinko_c	dScMgPachinko_c	vtable dScMgPachinko_c slot 36 @0x21019e0	1		True		-
src/func_ov006_02101af0.c	PURE-C	ov006				1		None		-
src/func_ov006_02101e88.c	PURE-C	ov006				1		None		-
src/func_ov006_021020c4.c	PURE-C	ov006				1		None		-
src/func_ov006_02102274.c	PURE-C	ov006				1		None		-
src/func_ov006_021024e0.c	PURE-C	ov006				1		None		-
src/func_ov006_02102564.c	PURE-C	ov006				1		None		-
src/func_ov006_02102624.c	PURE-C	ov006				1		None		-
src/func_ov006_0210265c.c	WEAK-refs-only	ov006				1		None		-
src/func_ov006_02102718.c	WEAK-refs-only	ov006				1		None		-
src/func_ov006_021027e4.c	WEAK-refs-only	ov006				1		None		-
src/func_ov006_02102864.c	WEAK-refs-only	ov006				1		None		-
src/func_ov006_02102c3c.c	WEAK-refs-only	ov006				1		None		-
src/func_ov006_02102d6c.c	PURE-C	ov006				1		None		-
src/func_ov006_02102dbc.c	PURE-C	ov006				1		None		-
src/func_ov006_02102de4.c	PURE-C	ov006				1		None		-
src/func_ov006_02102ef4.c	PURE-C	ov006				1		None		-
src/func_ov006_02102f3c.c	PURE-C	ov006				1		None		-
src/func_ov006_02103360.c	PURE-C	ov006				1		None		-
src/func_ov006_02103608.c	PURE-C	ov006				1		None		-
src/func_ov006_0210371c.c	PURE-C	ov006				1		None		-
src/func_ov006_02103870.c	PURE-C	ov006				1		None		-
src/func_ov006_0210397c.c	PURE-C	ov006				1		None		-
src/func_ov006_02103994.c	PURE-C	ov006				1		None		-
src/func_ov006_02103ac0.c	WEAK-refs-only	ov006				1		None		-
src/func_ov006_02103bfc.c	PURE-C	ov006				1		None		-
src/func_ov006_02103cbc.c	P2-vtable-only	ov006	dScMgPachinko2_c	dScMgPachinko2_c	vtable dScMgPachinko2_c slot 18 @0x2103cbc	1		True		-
src/func_ov006_021042e8.c	PURE-C	ov006				1		None		-
src/func_ov006_02104354.c	PURE-C	ov006				1		None		-
src/func_ov006_0210446c.c	PURE-C	ov006				1		None		-
src/func_ov006_02104558.c	PURE-C	ov006				1		None		-
src/func_ov006_02104580.c	PURE-C	ov006				1		None		-
src/func_ov006_02104870.c	WEAK-refs-only	ov006				1		None		-
src/func_ov006_021048b0.c	PURE-C	ov006				1		None		-
src/func_ov006_021048e4.c	PURE-C	ov006				1		None		-
src/func_ov006_02104920.c	WEAK-refs-only	ov006				1		None		-
src/func_ov006_02104ac0.c	PURE-C	ov006				1		None		-
src/func_ov006_02104b24.c	PURE-C	ov006				1		None		-
src/func_ov006_02104b4c.c	PURE-C	ov006				1		None		-
src/func_ov006_02104b5c.c	PURE-C	ov006				1		None		-
src/func_ov006_02104bac.c	PURE-C	ov006				1		None		-
src/func_ov006_02104bb0.c	PURE-C	ov006				1		None		-
src/func_ov006_02104c08.c	PURE-C	ov006				1		None		-
src/func_ov006_02104cfc.c	PURE-C	ov006				1		None		-
src/func_ov006_02104d44.c	PURE-C	ov006				1		None		-
src/func_ov006_02104d94.c	PURE-C	ov006				1		None		-
src/func_ov006_02104e70.c	PURE-C	ov006				1		None		-
src/func_ov006_02104e80.c	PURE-C	ov006				1		None		-
src/func_ov006_02104ea8.c	PURE-C	ov006				1		None		-
src/func_ov006_02104eb8.c	PURE-C	ov006				1		None		-
src/func_ov006_02104ec8.c	PURE-C	ov006				1		None		-
src/func_ov006_02104fb4.c	PURE-C	ov006				1		None		-
src/func_ov006_0210500c.c	PURE-C	ov006				1		None		-
src/func_ov006_0210508c.c	PURE-C	ov006				1		None		-
src/func_ov006_02105118.c	PURE-C	ov006				1		None		-
src/func_ov006_02105134.c	PURE-C	ov006				1		None		-
src/func_ov006_021051dc.c	PURE-C	ov006				1		None		-
src/func_ov006_02105670.c	PURE-C	ov006				1		None		-
src/func_ov006_02105730.c	PURE-C	ov006				1		None		-
src/func_ov006_02105854.c	WEAK-refs-only	ov006				1		None		-
src/func_ov006_02105ab4.c	PURE-C	ov006				1		None		-
src/func_ov006_02105c1c.c	PURE-C	ov006				1		None		-
src/func_ov006_02105c88.c	PURE-C	ov006				1		None		-
src/func_ov006_02105d20.c	WEAK-refs-only	ov006				1		None		-
src/func_ov006_02105de4.c	WEAK-refs-only	ov006				1		None		-
src/func_ov006_02106048.c	PURE-C	ov006				1		None		-
src/func_ov006_02106080.c	PURE-C	ov006				1		None		-
src/func_ov006_02106664.c	PURE-C	ov006				1		None		-
src/func_ov006_02106758.c	PURE-C	ov006				1		None		-
src/func_ov006_021067a4.c	PURE-C	ov006				1		None		-
src/func_ov006_021068d8.c	PURE-C	ov006				1		None		-
src/func_ov006_02106910.c	PURE-C	ov006				1		None		-
src/func_ov006_02106a08.c	PURE-C	ov006				1		None		-
src/func_ov006_02106aa8.c	PURE-C					0		None		NONMATCHING-draft;not-in-delinks
src/func_ov006_02106bac.c	PURE-C	ov006				1		None		-
src/func_ov006_02106bc0.c	PURE-C	ov006				1		None		-
src/func_ov006_021071d4.c	PURE-C	ov006				1		None		-
src/func_ov006_021071fc.c	P2-vtable-only	ov006	dScMgPanel_c	dScMgPanel_c	vtable dScMgPanel_c slot 18 @0x21071fc	1		True		-
src/func_ov006_021079c8.c	PURE-C	ov006				1		None		-
src/func_ov006_021079cc.c	PURE-C	ov006				1		None		-
src/func_ov006_02107b14.c	PURE-C	ov006				1		None		-
src/func_ov006_02107b70.c	PURE-C	ov006				1		None		-
src/func_ov006_02107b94.c	PURE-C	ov006				1		None		-
src/func_ov006_02107c50.c	PURE-C	ov006				1		None		-
src/func_ov006_02107d20.c	PURE-C	ov006				1		None		-
src/func_ov006_02107d58.c	PURE-C	ov006				1		None		-
src/func_ov006_02107ea8.c	WEAK-refs-only	ov006				1		None		-
src/func_ov006_021082c4.c	PURE-C	ov006				1		None		-
src/func_ov006_021082fc.c	WEAK-refs-only	ov006				1		None		-
src/func_ov006_02108508.c	PURE-C	ov006				1		None		-
src/func_ov006_02108524.c	PURE-C	ov006				1		None		-
src/func_ov006_0210858c.c	PURE-C	ov006				1		None		-
src/func_ov006_021085c0.c	WEAK-refs-only	ov006				1		None		-
src/func_ov006_02108650.c	PURE-C	ov006				1		None		-
src/func_ov006_02108b90.c	PURE-C					0		None		NONMATCHING-draft;not-in-delinks
src/func_ov006_02108cc0.c	PURE-C	ov006				1		None		-
src/func_ov006_02108d28.c	WEAK-refs-only	ov006				1		None		-
src/func_ov006_02108e24.c	WEAK-refs-only	ov006				1		None		-
src/func_ov006_02108f2c.c	WEAK-refs-only	ov006				1		None		-
src/func_ov006_0210927c.c	PURE-C	ov006				1		None		-
src/func_ov006_021092a0.c	PURE-C	ov006				1		None		-
src/func_ov006_021092e8.c	PURE-C	ov006				1		None		-
src/func_ov006_0210935c.c	PURE-C	ov006				1		None		-
src/func_ov006_021094ac.c	PURE-C	ov006				1		None		-
src/func_ov006_02109530.c	PURE-C	ov006				1		None		-
src/func_ov006_021095ac.c	PURE-C	ov006				1		None		-
src/func_ov006_021096c8.c	P2-vtable-only	ov006	dScMgRoulette_c	dScMgRoulette_c	vtable dScMgRoulette_c slot 19 @0x21096c8	1		True		-
src/func_ov006_02109aa0.c	PURE-C	ov006				1		None		-
src/func_ov006_0210a4ac.c	PURE-C	ov006				1		None		-
src/func_ov006_0210a600.c	P2-vtable-only	ov006	dScMg3DEsp_c	dScMg3DEsp_c	vtable dScMg3DEsp_c slot 26 @0x210a600	1		True		-
src/func_ov006_0210a708.c	P2-vtable-only	ov006	dScMg3DEsp_c	dScMg3DEsp_c	vtable dScMg3DEsp_c slot 33 @0x210a708	1		True		-
src/func_ov006_0210aa10.c	P2-vtable-only	ov006	dScMgSlot3_c	dScMgSlot3_c	vtable dScMgSlot3_c slot 30 @0x210aa10	1		True		-
src/func_ov006_0210aa3c.c	P2-vtable-only	ov006	dScMgSlot3_c	dScMgSlot3_c	vtable dScMgSlot3_c slot 29 @0x210aa3c	1		True		-
src/func_ov006_0210ab08.c	PURE-C	ov006				1		None		-
src/func_ov006_0210ab90.c	PURE-C	ov006				1		None		-
src/func_ov006_0210ab94.c	PURE-C	ov006				1		None		-
src/func_ov006_0210ac38.c	PURE-C	ov006				1		None		-
src/func_ov006_0210adac.c	PURE-C	ov006				1		None		-
src/func_ov006_0210af64.c	WEAK-refs-only	ov006				1		None		-
src/func_ov006_0210b1fc.c	PURE-C	ov006				1		None		-
src/func_ov006_0210b314.c	P2-vtable-only	ov006	dScMgSlot3_c	dScMgSlot3_c	vtable dScMgSlot3_c slot 18 @0x210b314	1		True		-
src/func_ov006_0210c120.c	S1-stores-rom-vptr	ov006			stores _ZTV12dScMgSlot3_c	1		None	_ZTV12dScMgSlot3_c/_ZTV19dScMgSingle3DBase_c	-
src/func_ov006_0210c180.c	PURE-C	ov006				1		None		-
src/func_ov006_0210c1a8.c	PURE-C	ov006				1		None		-
src/func_ov006_0210c208.c	PURE-C	ov006				1		None		-
src/func_ov006_0210c218.c	PURE-C	ov006				1		None		-
src/func_ov006_0210c234.c	PURE-C	ov006				1		None		-
src/func_ov006_0210c278.c	PURE-C	ov006				1		None		-
src/func_ov006_0210c2b0.c	PURE-C	ov006				1		None		-
src/func_ov006_0210c2c0.c	PURE-C	ov006				1		None		-
src/func_ov006_0210c2d4.c	WEAK-refs-only	ov006				1		None		-
src/func_ov006_0210c354.c	PURE-C	ov006				1		None		-
src/func_ov006_0210c410.c	P2-vtable-only	ov006	dScMgSlot1_c::betIcon_c	dScMgSlot1_c	vtable dScMgSlot1_c::betIcon_c slot 0 @0x210c410	1		True		-
src/func_ov006_0210c478.c	PURE-C	ov006				1		None		-
src/func_ov006_0210c500.c	PURE-C	ov006				1		None		-
src/func_ov006_0210c638.c	PURE-C	ov006				1		None		-
src/func_ov006_0210c674.c	P2-vtable-only	ov006	dScMgSlot1_c	dScMgSlot1_c	vtable dScMgSlot1_c slot 18 @0x210c674	1		True		-
src/func_ov006_0210d894.c	PURE-C	ov006				1		None		-
src/func_ov006_0210d898.c	PURE-C	ov006				1		None		-
src/func_ov006_0210d8bc.c	WEAK-refs-only	ov006				1		None		-
src/func_ov006_0210d93c.c	PURE-C	ov006				1		None		-
src/func_ov006_0210dbb0.c	PURE-C	ov006				1		None		-
src/func_ov006_0210e0d0.c	S1-stores-rom-vptr	ov006			stores _ZTV19cMgSmartball_wing_c	1		None	_ZTV19cMgSmartball_wing_c	-
src/func_ov006_0210e120.c	PURE-C	ov006				1		None		-
src/func_ov006_0210e1fc.c	WEAK-refs-only	ov006				1		None		-
src/func_ov006_0210e480.c	S1-stores-rom-vptr	ov006			stores _ZTV25cMgSmartball_pushswitch_c	1		None	_ZTV25cMgSmartball_pushswitch_c	-
src/func_ov006_0210e4c8.c	PURE-C	ov006				1		None		-
src/func_ov006_0210eca4.c	WEAK-refs-only	ov006				1		None		-
src/func_ov006_0210ef48.c	WEAK-refs-only	ov006				1		None		-
src/func_ov006_0210f998.c	PURE-C	ov006				1		None		-
src/func_ov006_0210f9f8.c	S1-stores-rom-vptr	ov006			stores _ZTV20cMgSmartball_board_c	1		None	_ZTV20cMgSmartball_board_c	-
src/func_ov006_0210fa40.c	PURE-C	ov006				1		None		-
src/func_ov006_0210fa6c.c	PURE-C	ov006				1		None		-
src/func_ov006_0210fb04.c	WEAK-refs-only	ov006				1		None		-
src/func_ov006_0210fb58.c	WEAK-refs-only	ov006				1		None		-
src/func_ov006_02110244.c	PURE-C	ov006				1		None		-
src/func_ov006_02110874.c	S1-stores-rom-vptr	ov006			stores _ZTV21cMgSmartball_pakkun_c	1		None	_ZTV21cMgSmartball_pakkun_c	-
src/func_ov006_021108bc.c	PURE-C	ov006				1		None		-
src/func_ov006_02110bc0.c	S1-stores-rom-vptr	ov006			stores _ZTV20cMgSmartball_dokan_c	1		None	_ZTV20cMgSmartball_dokan_c	-
src/func_ov006_02110c08.c	PURE-C	ov006				1		None		-
src/func_ov006_02110e28.c	PURE-C	ov006				1		None		-
src/func_ov006_02111220.c	S1-stores-rom-vptr	ov006			stores _ZTV24cMgSmartball_propeller_c	1		None	_ZTV24cMgSmartball_propeller_c	-
src/func_ov006_0211157c.c	S1-stores-rom-vptr	ov006			stores _ZTV21cMgSmartball_spring_c	1		None	_ZTV21cMgSmartball_spring_c	-
src/func_ov006_021115c4.c	PURE-C	ov006				1		None		-
src/func_ov006_021115cc.c	PURE-C	ov006				1		None		-
src/func_ov006_02111774.c	S1-stores-rom-vptr	ov006			stores _ZTV18cMgSmartball_ana_c	1		None	_ZTV18cMgSmartball_ana_c	-
src/func_ov006_02111b40.c	S1-stores-rom-vptr	ov006			stores _ZTV21cMgSmartball_kinoko_c	1		None	_ZTV21cMgSmartball_kinoko_c	-
src/func_ov006_02111b90.c	PURE-C	ov006				1		None		-
src/func_ov006_02111d4c.c	PURE-C	ov006				1		None		-
src/func_ov006_02111d6c.c	PURE-C	ov006				1		None		-
src/func_ov006_02111d74.c	PURE-C	ov006				1		None		-
src/func_ov006_02111dcc.c	PURE-C	ov006				1		None		-
src/func_ov006_02111df4.c	PURE-C	ov006				1		None		-
src/func_ov006_02111e48.c	PURE-C	ov006				1		None		-
src/func_ov006_02111e7c.c	PURE-C	ov006				1		None		-
src/func_ov006_02111e90.c	PURE-C	ov006				1		None		-
src/func_ov006_02111ee8.c	PURE-C	ov006				1		None		-
src/func_ov006_02112030.c	PURE-C	ov006				1		None		-
src/func_ov006_021120d4.c	PURE-C	ov006				1		None		-
src/func_ov006_02112190.c	PURE-C	ov006				1		None		-
src/func_ov006_021122e0.c	PURE-C	ov006				1		None		-
src/func_ov006_0211248c.c	PURE-C	ov006				1		None		-
src/func_ov006_02112504.c	PURE-C	ov006				1		None		-
src/func_ov006_021126b4.c	PURE-C	ov006				1		None		-
src/func_ov006_021128fc.c	WEAK-refs-only	ov006				1		None		-
src/func_ov006_02112ad8.c	PURE-C	ov006				1		None		-
src/func_ov006_02113c14.c	PURE-C	ov006				1		None		-
src/func_ov006_02114548.c	S1-stores-rom-vptr	ov006			stores _ZTV19cMgSmartball_ball_c	1		None	_ZTV19cMgSmartball_ball_c	-
src/func_ov006_02114590.c	PURE-C	ov006				1		None		-
src/func_ov006_021146ac.c	PURE-C	ov006				1		None		-
src/func_ov006_021146cc.c	PURE-C	ov006				1		None		-
src/func_ov006_021146e0.c	PURE-C	ov006				1		None		-
src/func_ov006_021146f4.c	PURE-C	ov006				1		None		-
src/func_ov006_0211470c.c	PURE-C	ov006				1		None		-
src/func_ov006_0211474c.c	S1-stores-rom-vptr	ov006			stores _ZTV21cMgSmartball_object_c	1		None	_ZTV21cMgSmartball_object_c	-
src/func_ov006_021147ac.c	P2-vtable-only	ov006	dScMgSmartball_c	dScMgSmartball_c	vtable dScMgSmartball_c slot 25 @0x21147ac	1		True		-
src/func_ov006_021147d0.c	PURE-C	ov006				1		None		-
src/func_ov006_02114b10.c	PURE-C	ov006				1		None		-
src/func_ov006_02114c04.c	PURE-C	ov006				1		None		-
src/func_ov006_02114dd0.c	PURE-C	ov006				1		None		-
src/func_ov006_02114dfc.c	PURE-C	ov006				1		None		-
src/func_ov006_02114ec0.c	PURE-C	ov006				1		None		-
src/func_ov006_02114f98.c	PURE-C	ov006				1		None		-
src/func_ov006_02114fb4.c	PURE-C	ov006				1		None		-
src/func_ov006_02114fd0.c	PURE-C	ov006				1		None		-
src/func_ov006_02114fec.c	PURE-C	ov006				1		None		-
src/func_ov006_02115008.c	PURE-C	ov006				1		None		-
src/func_ov006_02115024.c	PURE-C	ov006				1		None		-
src/func_ov006_02115040.c	PURE-C	ov006				1		None		-
src/func_ov006_02115060.c	PURE-C	ov006				1		None		-
src/func_ov006_0211507c.c	PURE-C	ov006				1		None		-
src/func_ov006_02115150.c	PURE-C	ov006				1		None		-
src/func_ov006_02115480.c	PURE-C	ov006				1		None		-
src/func_ov006_02115680.c	PURE-C	ov006				1		None		-
src/func_ov006_021156f8.c	PURE-C	ov006				1		None		-
src/func_ov006_02115830.c	WEAK-refs-only	ov006				1		None		-
src/func_ov006_02115a5c.c	PURE-C	ov006				1		None		-
src/func_ov006_02115b0c.c	S1-stores-rom-vptr	ov006			stores _ZTV18cMgSmartball_ana_c	1		None	_ZTV18cMgSmartball_ana_c/_ZTV19cMgSmartball_ball_c/_ZTV19cMgSmartball_slot_c/_ZTV19cMgSmartball_wing_c/_ZTV20cMgSmartball_board_c/_ZTV20cMgSmartball_dokan_c/_ZTV21cMgSmartball_kinoko_c/_ZTV21cMgSmartball_object_c/_ZTV21cMgSmartball_pakkun_c/_ZTV24cMgSmartball_propeller_c/_ZTV25cMgSmartball_pushswitch_c	-
src/func_ov006_02118ae4.c	P2-vtable-only	ov006	dScMgSmartball_c	dScMgSmartball_c	vtable dScMgSmartball_c slot 31 @0x2118ae4	1		True		-
src/func_ov006_02119900.c	PURE-C	ov006				1		None		-
src/func_ov006_021199c0.c	PURE-C	ov006				1		None		-
src/func_ov006_02119a18.c	PURE-C	ov006				1		None		-
src/func_ov006_02119a88.c	PURE-C	ov006				1		None		-
src/func_ov006_02119aa8.c	PURE-C	ov006				1		None		-
src/func_ov006_02119b00.c	PURE-C	ov006				1		None		-
src/func_ov006_02119ba4.c	PURE-C	ov006				1		None		-
src/func_ov006_02119bc4.c	PURE-C	ov006				1		None		-
src/func_ov006_02119c74.c	PURE-C	ov006				1		None		-
src/func_ov006_02119d50.c	PURE-C	ov006				1		None		-
src/func_ov006_02119dc4.c	PURE-C	ov006				1		None		-
src/func_ov006_02119e5c.c	PURE-C	ov006				1		None		-
src/func_ov006_02119f3c.c	PURE-C	ov006				1		None		-
src/func_ov006_02119fb0.c	PURE-C	ov006				1		None		-
src/func_ov006_0211a048.c	PURE-C	ov006				1		None		-
src/func_ov006_0211a128.c	PURE-C	ov006				1		None		-
src/func_ov006_0211a19c.c	PURE-C	ov006				1		None		-
src/func_ov006_0211a234.c	PURE-C	ov006				1		None		-
src/func_ov006_0211a314.c	PURE-C	ov006				1		None		-
src/func_ov006_0211a388.c	PURE-C	ov006				1		None		-
src/func_ov006_0211a420.c	PURE-C	ov006				1		None		-
src/func_ov006_0211a500.c	PURE-C	ov006				1		None		-
src/func_ov006_0211a578.c	PURE-C	ov006				1		None		-
src/func_ov006_0211a5ec.c	PURE-C	ov006				1		None		-
src/func_ov006_0211a698.c	PURE-C	ov006				1		None		-
src/func_ov006_0211a69c.c	PURE-C	ov006				1		None		-
src/func_ov006_0211a714.c	PURE-C	ov006				1		None		-
src/func_ov006_0211a7fc.c	PURE-C	ov006				1		None		-
src/func_ov006_0211a910.c	PURE-C	ov006				1		None		-
src/func_ov006_0211a9fc.c	PURE-C	ov006				1		None		-
src/func_ov006_0211aa94.c	PURE-C	ov006				1		None		-
src/func_ov006_0211ab0c.c	PURE-C	ov006				1		None		-
src/func_ov006_0211ab80.c	PURE-C	ov006				1		None		-
src/func_ov006_0211ac2c.c	PURE-C	ov006				1		None		-
src/func_ov006_0211ac30.c	PURE-C	ov006				1		None		-
src/func_ov006_0211ad00.c	PURE-C	ov006				1		None		-
src/func_ov006_0211ad94.c	PURE-C	ov006				1		None		-
src/func_ov006_0211ae40.c	PURE-C	ov006				1		None		-
src/func_ov006_0211aed0.c	PURE-C	ov006				1		None		-
src/func_ov006_0211afb0.c	PURE-C	ov006				1		None		-
src/func_ov006_0211b05c.c	PURE-C	ov006				1		None		-
src/func_ov006_0211b0ec.c	PURE-C	ov006				1		None		-
src/func_ov006_0211b1cc.c	PURE-C	ov006				1		None		-
src/func_ov006_0211b278.c	PURE-C	ov006				1		None		-
src/func_ov006_0211b308.c	PURE-C	ov006				1		None		-
src/func_ov006_0211b3e8.c	PURE-C	ov006				1		None		-
src/func_ov006_0211b3ec.c	PURE-C	ov006				1		None		-
src/func_ov006_0211b4fc.c	PURE-C	ov006				1		None		-
src/func_ov006_0211b654.c	PURE-C	ov006				1		None		-
src/func_ov006_0211b790.c	PURE-C	ov006				1		None		-
src/func_ov006_0211b80c.c	PURE-C	ov006				1		None		-
src/func_ov006_0211ba88.c	PURE-C					0		None		NONMATCHING-draft;not-in-delinks
src/func_ov006_0211bbe0.c	PURE-C	ov006				1		None		-
src/func_ov006_0211bc68.c	PURE-C	ov006				1		None		-
src/func_ov006_0211bf44.c	WEAK-refs-only	ov006				1		None		-
src/func_ov006_0211c080.c	PURE-C	ov006				1		None		-
src/func_ov006_0211c478.c	PURE-C	ov006				1		None		-
src/func_ov006_0211c5b8.c	P2-vtable-only	ov006	dScMgSound_c	dScMgSound_c	vtable dScMgSound_c slot 20 @0x211c5b8	1		True		-
src/func_ov006_0211c5d0.c	P2-vtable-only	ov006	dScMgSound_c	dScMgSound_c	vtable dScMgSound_c slot 18 @0x211c5d0	1		True		-
src/func_ov006_0211cc2c.c	PURE-C	ov006				1		None		-
src/func_ov006_0211cc90.c	PURE-C	ov006				1		None		-
src/func_ov006_0211cca8.c	PURE-C	ov006				1		None		-
src/func_ov006_0211cd24.c	PURE-C	ov006				1		None		-
src/func_ov006_0211ce90.c	PURE-C	ov006				1		None		-
src/func_ov006_0211ce94.c	PURE-C	ov006				1		None		-
src/func_ov006_0211cef4.c	PURE-C	ov006				1		None		-
src/func_ov006_0211d018.c	PURE-C	ov006				1		None		-
src/func_ov006_0211d0f8.c	PURE-C	ov006				1		None		-
src/func_ov006_0211d224.c	PURE-C	ov006				1		None		-
src/func_ov006_0211d368.c	PURE-C	ov006				1		None		-
src/func_ov006_0211d4e8.c	PURE-C	ov006				1		None		-
src/func_ov006_0211d608.c	WEAK-refs-only	ov006				1		None		-
src/func_ov006_0211d688.c	PURE-C	ov006				1		None		-
src/func_ov006_0211d69c.c	PURE-C	ov006				1		None		-
src/func_ov006_0211d75c.c	PURE-C	ov006				1		None		-
src/func_ov006_0211d7b0.c	PURE-C	ov006				1		None		-
src/func_ov006_0211d7b4.c	PURE-C	ov006				1		None		-
src/func_ov006_0211d7d8.c	PURE-C	ov006				1		None		-
src/func_ov006_0211d7ec.c	WEAK-refs-only	ov006				1		None		-
src/func_ov006_0211d924.c	PURE-C	ov006				1		None		-
src/func_ov006_0211dad0.c	WEAK-refs-only	ov006				1		None		-
src/func_ov006_0211db7c.c	WEAK-refs-only	ov006				1		None		-
src/func_ov006_0211dce0.c	PURE-C	ov006				1		None		-
src/func_ov006_0211dd6c.c	PURE-C	ov006				1		None		-
src/func_ov006_0211ddb8.c	PURE-C	ov006				1		None		-
src/func_ov006_0211ddcc.c	PURE-C	ov006				1		None		-
src/func_ov006_0211de54.c	PURE-C	ov006				1		None		-
src/func_ov006_0211de7c.c	PURE-C	ov006				1		None		-
src/func_ov006_0211dec0.c	WEAK-refs-only	ov006				1		None		-
src/func_ov006_0211e020.c	PURE-C	ov006				1		None		-
src/func_ov006_0211e118.c	PURE-C	ov006				1		None		-
src/func_ov006_0211e184.c	PURE-C	ov006				1		None		-
src/func_ov006_0211e220.c	PURE-C	ov006				1		None		-
src/func_ov006_0211e29c.c	PURE-C	ov006				1		None		-
src/func_ov006_0211e318.c	WEAK-refs-only	ov006				1		None		-
src/func_ov006_0211e3e0.c	WEAK-refs-only	ov006				1		None		-
src/func_ov006_0211e460.c	PURE-C	ov006				1		None		-
src/func_ov006_0211e4e0.c	PURE-C	ov006				1		None		-
src/func_ov006_0211e55c.c	PURE-C	ov006				1		None		-
src/func_ov006_0211e5cc.c	PURE-C	ov006				1		None		-
src/func_ov006_0211e658.c	PURE-C	ov006				1		None		-
src/func_ov006_0211e7d8.c	PURE-C	ov006				1		None		-
src/func_ov006_0211e8a8.c	WEAK-refs-only	ov006				1		None		-
src/func_ov006_0211ea70.c	WEAK-refs-only	ov006				1		None		-
src/func_ov006_0211eb90.c	PURE-C	ov006				1		None		-
src/func_ov006_0211ebdc.c	WEAK-refs-only	ov006				1		None		-
src/func_ov006_0211ee34.c	WEAK-refs-only	ov006				1		None		-
src/func_ov006_0211f0d0.c	PURE-C	ov006				1		None		-
src/func_ov006_0211f1a4.c	PURE-C	ov006				1		None		-
src/func_ov006_0211f224.c	WEAK-refs-only	ov006				1		None		-
src/func_ov006_0211f34c.c	PURE-C	ov006				1		None		-
src/func_ov006_0211f454.c	PURE-C	ov006				1		None		-
src/func_ov006_0211f51c.c	PURE-C	ov006				1		None		-
src/func_ov006_0211f554.c	PURE-C	ov006				1		None		-
src/func_ov006_0211f5d4.c	PURE-C	ov006				1		None		-
src/func_ov006_0211f664.c	PURE-C	ov006				1		None		-
src/func_ov006_0211f77c.c	PURE-C	ov006				1		None		-
src/func_ov006_0211f9fc.c	WEAK-refs-only	ov006				1		None		-
src/func_ov006_0211fb1c.c	PURE-C	ov006				1		None		-
src/func_ov006_0211fbf8.c	PURE-C	ov006				1		None		-
src/func_ov006_0211fd44.c	PURE-C	ov006				1		None		-
src/func_ov006_0211fe78.c	WEAK-refs-only	ov006				1		None		-
src/func_ov006_02120008.c	PURE-C	ov006				1		None		-
src/func_ov006_021200a8.c	PURE-C	ov006				1		None		-
src/func_ov006_021200cc.c	PURE-C	ov006				1		None		-
src/func_ov006_021200dc.c	P2-vtable-only	ov006	dScMgTeresa_c	dScMgTeresa_c	vtable dScMgTeresa_c slot 34 @0x21200dc	1		True		-
src/func_ov006_02120238.c	P2-vtable-only	ov006	dScMgTeresa_c	dScMgTeresa_c	vtable dScMgTeresa_c slot 20 @0x2120238	1		True		-
src/func_ov006_02120938.c	PURE-C	ov006				1		None		-
src/func_ov006_0212093c.c	PURE-C	ov006				1		None		-
src/func_ov006_02120a18.c	WEAK-refs-only	ov006				1		None		-
src/func_ov006_02120a44.c	PURE-C	ov006				1		None		-
src/func_ov006_02120a54.c	PURE-C	ov006				1		None		-
src/func_ov006_02120a64.c	PURE-C	ov006				1		None		-
src/func_ov006_02120ab8.c	WEAK-refs-only	ov006				1		None		-
src/func_ov006_02120b30.c	PURE-C	ov006				1		None		-
src/func_ov006_02120b7c.c	PURE-C	ov006				1		None		-
src/func_ov006_02120bc8.c	PURE-C	ov006				1		None		-
src/func_ov006_02120c08.c	PURE-C	ov006				1		None		-
src/func_ov006_02120c40.c	PURE-C	ov006				1		None		-
src/func_ov006_02120ca0.c	PURE-C	ov006				1		None		-
src/func_ov006_02120d0c.c	PURE-C	ov006				1		None		-
src/func_ov006_02120d8c.c	PURE-C	ov006				1		None		-
src/func_ov006_02120da8.c	P2-vtable-only	ov006	dScMgTrampoline_c	dScMgTrampoline_c	vtable dScMgTrampoline_c slot 34 @0x2120da8	1		True		-
src/func_ov006_02120f18.c	WEAK-refs-only	ov006				1		None		-
src/func_ov006_0212101c.c	P2-vtable-only	ov006	dScMgTrampoline_c	dScMgTrampoline_c	vtable dScMgTrampoline_c slot 23 @0x212101c	1		True		-
src/func_ov006_021211bc.c	P2-vtable-only	ov006	dScMgTrampoline_c	dScMgTrampoline_c	vtable dScMgTrampoline_c slot 25 @0x21211bc	1		True		-
src/func_ov006_0212157c.c	PURE-C	ov006				1		None		-
src/func_ov006_02121750.c	PURE-C	ov006				1		None		-
src/func_ov006_02121768.c	PURE-C	ov006				1		None		-
src/func_ov006_02121774.c	PURE-C	ov006				1		None		-
src/func_ov006_02121778.c	PURE-C	ov006				1		None		-
src/func_ov006_02121848.c	WEAK-refs-only	ov006				1		None		-
src/func_ov006_021218c4.c	PURE-C	ov006				1		None		-
src/func_ov006_021218fc.c	WEAK-refs-only	ov006				1		None		-
src/func_ov006_02121cf4.c	WEAK-refs-only	ov006				1		None		-
src/func_ov006_02121f04.c	PURE-C	ov006				1		None		-
src/func_ov006_02121f70.c	P2-vtable-only	ov006	dScMgTrampoline_c	dScMgTrampoline_c	vtable dScMgTrampoline_c slot 19 @0x2121f70	1		True		-
src/func_ov006_02121fa4.c	P2-vtable-only	ov006	dScMgTrampoline_c	dScMgTrampoline_c	vtable dScMgTrampoline_c slot 18 @0x2121fa4	1	active	True		-
src/func_ov006_0212231c.c	WEAK-refs-only	ov006				1		None		-
src/func_ov006_021225a8.c	PURE-C	ov006				1		None		-
src/func_ov006_0212287c.c	WEAK-refs-only	ov006				1		None		-
src/func_ov006_02122a4c.c	PURE-C	ov006				1		None		-
src/func_ov006_02122ab8.c	PURE-C	ov006				1		None		-
src/func_ov006_02122b24.c	PURE-C	ov006				1		None		-
src/func_ov006_02122b88.c	PURE-C	ov006				1		None		-
src/func_ov006_02122c04.c	PURE-C	ov006				1		None		-
src/func_ov006_02122c90.c	WEAK-refs-only	ov006				1		None		-
src/func_ov006_02122cb0.c	P2-vtable-only	ov006	dScMgTrampoline2_c	dScMgTrampoline2_c	vtable dScMgTrampoline2_c slot 34 @0x2122cb0	1		True		-
src/func_ov006_02122e20.c	WEAK-refs-only	ov006				1		None		-
src/func_ov006_02122f24.c	P2-vtable-only	ov006	dScMgTrampoline2_c	dScMgTrampoline2_c	vtable dScMgTrampoline2_c slot 23 @0x2122f24	1		True		-
src/func_ov006_021230c4.c	P2-vtable-only	ov006	dScMgTrampoline2_c	dScMgTrampoline2_c	vtable dScMgTrampoline2_c slot 25 @0x21230c4	1		True		-
src/func_ov006_021230e8.c	P2-vtable-only	ov006	dScMgTrampoline2_c	dScMgTrampoline2_c	vtable dScMgTrampoline2_c slot 24 @0x21230e8	1		True		-
src/func_ov006_0212373c.c	PURE-C	ov006				1		None		-
src/func_ov006_021237c8.c	PURE-C	ov006				1		None		-
src/func_ov006_0212382c.c	PURE-C	ov006				1		None		-
src/func_ov006_021238d0.c	PURE-C	ov006				1		None		-
src/func_ov006_02123938.c	PURE-C	ov006				1		None		-
src/func_ov006_02123b20.c	PURE-C	ov006				1		None		-
src/func_ov006_02123b24.c	PURE-C	ov006				1		None		-
src/func_ov006_02123c78.c	PURE-C	ov006				1		None		-
src/func_ov006_02123cb4.c	WEAK-refs-only	ov006				1		None		-
src/func_ov006_02124040.c	PURE-C	ov006				1		None		-
src/func_ov006_02124088.c	WEAK-refs-only	ov006				1		None		-
src/func_ov006_02124228.c	PURE-C	ov006				1		None		-
src/func_ov006_02124298.c	P2-vtable-only	ov006	dScMgTrampoline2_c	dScMgTrampoline2_c	vtable dScMgTrampoline2_c slot 19 @0x2124298	1		True		-
src/func_ov006_021245a8.c	WEAK-refs-only	ov006				1		None		-
src/func_ov006_02124a04.c	PURE-C	ov006				1		None		-
src/func_ov006_02124a08.c	PURE-C	ov006				1		None		-
src/func_ov006_02124ae4.c	PURE-C	ov006				1		None		-
src/func_ov006_02124b58.c	PURE-C	ov006				1		None		-
src/func_ov006_02124bb4.c	PURE-C	ov006				1		None		-
src/func_ov006_02124cb4.c	PURE-C	ov006				1		None		-
src/func_ov006_02124dc0.c	WEAK-refs-only	ov006				1		None		-
src/func_ov006_02124ec4.c	WEAK-refs-only	ov006				1		None		-
src/func_ov006_02124fd8.c	PURE-C	ov006				1		None		-
src/func_ov006_021250e4.c	PURE-C	ov006				1		None		-
src/func_ov006_02125248.c	P2-vtable-only	ov006	dScMgBSC_c	dScMgBSC_c	vtable dScMgBSC_c slot 21 @0x2125248	1	active	True		-
src/func_ov006_02125800.c	PURE-C	ov006				1		None		-
src/func_ov006_02125804.c	PURE-C	ov006				1		None		-
src/func_ov006_02125890.c	PURE-C	ov006				1		None		-
src/func_ov006_02125994.c	PURE-C	ov006				1		None		-
src/func_ov006_021259d8.c	PURE-C	ov006				1		None		-
src/func_ov006_02125bbc.c	PURE-C	ov006				1		None		-
src/func_ov006_02125cdc.c	PURE-C	ov006				1		None		-
src/func_ov006_02126948.c	WEAK-refs-only	ov006				1		None		-
src/func_ov006_02126a98.c	PURE-C	ov006				1		None		-
src/func_ov006_02128fb8.c	P2-vtable-only	ov006	dScMgSnowball_c	dScMgSnowball_c	vtable dScMgSnowball_c slot 24 @0x2128fb8	1	active	True		-
src/func_ov006_021291b0.c	P2-vtable-only	ov006	dScMgSnowball_c	dScMgSnowball_c	vtable dScMgSnowball_c slot 25 @0x21291b0	1		True		-
src/func_ov006_021291d4.c	P2-vtable-only	ov006	dScMgSnowball_c	dScMgSnowball_c	vtable dScMgSnowball_c slot 23 @0x21291d4	1		True		-
src/func_ov006_0212921c.c	P2-vtable-only	ov006	dScMgSnowball_c	dScMgSnowball_c	vtable dScMgSnowball_c slot 18 @0x212921c	1		True		-
src/func_ov006_0212968c.c	PURE-C	ov006				1		None		-
src/func_ov006_02129690.c	PURE-C	ov006				1		None		-
src/func_ov006_0212972c.c	PURE-C	ov006				1		None		-
src/func_ov006_021297c0.c	PURE-C	ov006				1		None		-
src/func_ov006_0212992c.c	PURE-C	ov006				1		None		-
src/func_ov006_02129a34.c	PURE-C	ov006				1		None		-
src/func_ov006_02129b74.c	PURE-C	ov006				1		None		-
src/func_ov006_02129cb0.c	PURE-C	ov006				1		None		-
src/func_ov006_02129e28.c	PURE-C	ov006				1		None		-
src/func_ov006_02129eec.c	PURE-C	ov006				1		None		-
src/func_ov006_0212a000.c	PURE-C	ov006				1		None		-
src/func_ov006_0212a110.c	PURE-C	ov006				1		None		-
src/func_ov006_0212a274.c	PURE-C	ov006				1		None		-
src/func_ov006_0212a3c0.c	PURE-C	ov006				1		None		-
src/func_ov006_0212a650.c	PURE-C	ov006				1		None		-
src/func_ov006_0212a654.c	PURE-C	ov006				1		None		-
src/func_ov006_0212aa74.c	P2-vtable-only	ov006	dScMgFlower_c	dScMgFlower_c	vtable dScMgFlower_c slot 18 @0x212aa74	1		True		-
src/func_ov006_0212b88c.c	PURE-C	ov006				1		None		-
src/func_ov007_020ad660.c	WEAK-refs-only	ov007				1		None		-
src/func_ov007_020adb84.c	PURE-C	ov007				1		None		-
src/func_ov007_020adbc8.c	PURE-C	ov007				1		None		-
src/func_ov007_020adc08.c	PURE-C	ov007				1		None		-
src/func_ov007_020add3c.c	PURE-C	ov007				1		None		-
src/func_ov007_020ade14.c	PURE-C	ov007				1		None		-
src/func_ov007_020ade58.c	PURE-C	ov007				1		None		-
src/func_ov007_020ae070.c	PURE-C	ov007				1		None		-
src/func_ov007_020ae2d0.c	WEAK-refs-only	ov007				1		None		-
src/func_ov007_020ae454.c	WEAK-refs-only	ov007				1		None		-
src/func_ov007_020ae558.c	PURE-C	ov007				1		None		-
src/func_ov007_020ae810.c	PURE-C	ov007				1		None		-
src/func_ov007_020aea4c.c	PURE-C	ov007				1		None		-
src/func_ov007_020aea6c.c	PURE-C	ov007				1		None		-
src/func_ov007_020aeaec.c	WEAK-refs-only	ov007				1		None		-
src/func_ov007_020aeb34.c	PURE-C	ov007				1		None		-
src/func_ov007_020aebac.c	PURE-C	ov007				1		None		-
src/func_ov007_020aec00.c	PURE-C	ov007				1		None		-
src/func_ov007_020aec94.c	PURE-C	ov007				1		None		-
src/func_ov007_020aef78.c	PURE-C	ov007				1		None		-
src/func_ov007_020aef84.c	PURE-C	ov007				1		None		-
src/func_ov007_020aefb4.c	WEAK-refs-only	ov007				1		None		-
src/func_ov007_020af0e4.c	PURE-C	ov007				1		None		-
src/func_ov007_020af12c.c	PURE-C	ov007				1		None		-
src/func_ov007_020af1f4.c	PURE-C	ov007				1		None		-
src/func_ov007_020af260.c	WEAK-refs-only	ov007				1		None		-
src/func_ov007_020af34c.c	PURE-C	ov007				1		None		-
src/func_ov007_020af390.c	PURE-C	ov007				1		None		-
src/func_ov007_020af434.c	PURE-C	ov007				1		None		-
src/func_ov007_020af4dc.c	PURE-C	ov007				1		None		-
src/func_ov007_020af580.c	PURE-C	ov007				1		None		-
src/func_ov007_020af59c.c	PURE-C	ov007				1		None		-
src/func_ov007_020af84c.c	PURE-C	ov007				1		None		-
src/func_ov007_020afc44.c	PURE-C	ov007				1		None		-
src/func_ov007_020b01a4.c	PURE-C	ov007				1		None		-
src/func_ov007_020b01f4.c	PURE-C	ov007				1		None		-
src/func_ov007_020b0244.c	PURE-C	ov007				1		None		-
src/func_ov007_020b0324.c	PURE-C	ov007				1		None		-
src/func_ov007_020b0340.c	PURE-C	ov007				1		None		-
src/func_ov007_020b0358.c	PURE-C	ov007				1		None		-
src/func_ov007_020b0520.c	PURE-C	ov007				1		None		-
src/func_ov007_020b0548.c	PURE-C	ov007				1		None		-
src/func_ov007_020b0834.c	PURE-C	ov007				1		None		-
src/func_ov007_020b0a20.c	WEAK-refs-only	ov007				1		None		-
src/func_ov007_020b0da0.c	WEAK-refs-only	ov007				1		None		-
src/func_ov007_020b10dc.c	PURE-C	ov007				1		None		-
src/func_ov007_020b11bc.c	PURE-C	ov007				1		None		-
src/func_ov007_020b1224.c	PURE-C	ov007				1		None		-
src/func_ov007_020b12e8.c	PURE-C	ov007				1		None		-
src/func_ov007_020b131c.c	PURE-C	ov007				1		None		-
src/func_ov007_020b1390.c	PURE-C	ov007				1		None		-
src/func_ov007_020b155c.c	PURE-C	ov007				1		None		-
src/func_ov007_020b1604.c	PURE-C	ov007				1		None		-
src/func_ov007_020b166c.c	PURE-C	ov007				1		None		-
src/func_ov007_020b16f0.c	PURE-C	ov007				1		None		-
src/func_ov007_020b1b4c.c	PURE-C	ov007				1		None		-
src/func_ov007_020b1b70.c	PURE-C	ov007				1		None		-
src/func_ov007_020b1b74.c	WEAK-refs-only	ov007				1		None		-
src/func_ov007_020b1cf0.c	WEAK-refs-only	ov007				1		None		-
src/func_ov007_020b1f2c.c	WEAK-refs-only	ov007				1		None		-
src/func_ov007_020b1fa4.c	WEAK-refs-only	ov007				1		None		-
src/func_ov007_020b20e8.c	WEAK-refs-only	ov007				1		None		-
src/func_ov007_020b2160.c	WEAK-refs-only	ov007				1		None		-
src/func_ov007_020b22e0.c	PURE-C	ov007				1		None		-
src/func_ov007_020b2308.c	PURE-C	ov007				1		None		-
src/func_ov007_020b2454.c	PURE-C	ov007				1		None		-
src/func_ov007_020b257c.c	PURE-C	ov007				1		None		-
src/func_ov007_020b2614.c	PURE-C	ov007				1		None		-
src/func_ov007_020b2728.c	PURE-C	ov007				1		None		-
src/func_ov007_020b2764.c	PURE-C	ov007				1		None		-
src/func_ov007_020b283c.c	PURE-C	ov007				1		None		-
src/func_ov007_020b2998.c	PURE-C	ov007				1		None		-
src/func_ov007_020b2bd4.c	PURE-C	ov007				1		None		-
src/func_ov007_020b2cdc.c	PURE-C	ov007				1		None		-
src/func_ov007_020b2cf0.c	WEAK-refs-only	ov007				1		None		-
src/func_ov007_020b2e64.c	WEAK-refs-only	ov007				1		None		-
src/func_ov007_020b3050.c	PURE-C	ov007				1		None		-
src/func_ov007_020b30b0.c	PURE-C	ov007				1		None		-
src/func_ov007_020b3190.c	PURE-C	ov007				1		None		-
src/func_ov007_020b3360.c	PURE-C	ov007				1		None		-
src/func_ov007_020b3708.c	PURE-C	ov007				1		None		-
src/func_ov007_020b3c54.c	PURE-C	ov007				1		None		-
src/func_ov007_020b3e04.c	PURE-C	ov007				1		None		-
src/func_ov007_020b3e84.c	PURE-C	ov007				1		None		-
src/func_ov007_020b3edc.c	PURE-C	ov007				1		None		-
src/func_ov007_020b3f20.c	WEAK-refs-only	ov007				1		None		-
src/func_ov007_020b40c0.c	PURE-C	ov007				1		None		-
src/func_ov007_020b4100.c	PURE-C	ov007				1		None		-
src/func_ov007_020b413c.c	PURE-C	ov007				1		None		-
src/func_ov007_020b42d8.c	PURE-C	ov007				1		None		-
src/func_ov007_020b43dc.c	PURE-C	ov007				1		None		-
src/func_ov007_020b4438.c	PURE-C	ov007				1		None		-
src/func_ov007_020b4464.c	PURE-C	ov007				1		None		-
src/func_ov007_020b44ec.c	PURE-C	ov007				1		None		-
src/func_ov007_020b45b0.c	PURE-C	ov007				1		None		-
src/func_ov007_020b4b5c.c	PURE-C	ov007				1		None		-
src/func_ov007_020b4c04.c	PURE-C	ov007				1		None		-
src/func_ov007_020b5068.c	PURE-C	ov007				1		None		-
src/func_ov007_020b50e8.c	WEAK-refs-only	ov007				1		None		-
src/func_ov007_020b58e4.c	PURE-C	ov007				1		None		-
src/func_ov007_020b5bf0.c	WEAK-refs-only	ov007				1		None		-
src/func_ov007_020b5f64.c	PURE-C	ov007				1		None		-
src/func_ov007_020b6208.c	PURE-C	ov007				1		None		-
src/func_ov007_020b63e4.c	PURE-C	ov007				1		None		-
src/func_ov007_020b647c.c	PURE-C	ov007				1		None		-
src/func_ov007_020b64a8.c	PURE-C	ov007				1		None		-
src/func_ov007_020b6544.c	PURE-C	ov007				1		None		-
src/func_ov007_020b65e0.c	PURE-C	ov007				1		None		-
src/func_ov007_020b68e8.c	PURE-C	ov007				1		None		-
src/func_ov007_020b693c.c	PURE-C	ov007				1		None		-
src/func_ov007_020b697c.c	PURE-C	ov007				1		None		-
src/func_ov007_020b69c4.c	PURE-C	ov007				1		None		-
src/func_ov007_020b6a84.c	PURE-C	ov007				1		None		-
src/func_ov007_020b6c54.c	WEAK-refs-only	ov007				1		None		-
src/func_ov007_020b6cd0.c	PURE-C	ov007				1		None		-
src/func_ov007_020b6d40.c	PURE-C	ov007				1		None		-
src/func_ov007_020b6eb4.c	PURE-C	ov007				1		None		-
src/func_ov007_020b6f4c.c	WEAK-refs-only	ov007				1		None		-
src/func_ov007_020b7040.c	PURE-C	ov007				1		None		-
src/func_ov007_020b7090.c	PURE-C	ov007				1		None		-
src/func_ov007_020b7138.c	WEAK-refs-only	ov007				1		None		-
src/func_ov007_020b72a0.c	PURE-C	ov007				1		None		-
src/func_ov007_020b72d8.c	PURE-C	ov007				1		None		-
src/func_ov007_020b72fc.c	PURE-C	ov007				1		None		-
src/func_ov007_020b7320.c	PURE-C	ov007				1		None		-
src/func_ov007_020b7364.c	PURE-C	ov007				1		None		-
src/func_ov007_020b7384.c	PURE-C	ov007				1		None		-
src/func_ov007_020b73b4.c	PURE-C	ov007				1		None		-
src/func_ov007_020b7594.c	PURE-C	ov007				1		None		-
src/func_ov007_020b7658.c	PURE-C	ov007				1		None		-
src/func_ov007_020b7690.c	PURE-C	ov007				1		None		-
src/func_ov007_020b76a0.c	PURE-C	ov007				1		None		-
src/func_ov007_020b76c4.c	PURE-C	ov007				1		None		-
src/func_ov007_020b7708.c	WEAK-refs-only	ov007				1		None		-
src/func_ov007_020b77ac.c	PURE-C	ov007				1		None		-
src/func_ov007_020b782c.c	PURE-C	ov007				1		None		-
src/func_ov007_020b78d0.c	PURE-C	ov007				1		None		-
src/func_ov007_020b7914.c	PURE-C	ov007				1		None		-
src/func_ov007_020b7948.c	PURE-C	ov007				1		None		-
src/func_ov007_020b797c.c	PURE-C	ov007				1		None		-
src/func_ov007_020b79c8.c	PURE-C	ov007				1		None		-
src/func_ov007_020b79e4.c	PURE-C	ov007				1		None		-
src/func_ov007_020b7a00.c	PURE-C	ov007				1		None		-
src/func_ov007_020b7a34.c	PURE-C	ov007				1		None		-
src/func_ov007_020b7a44.c	PURE-C	ov007				1		None		-
src/func_ov007_020b7a78.c	PURE-C	ov007				1		None		-
src/func_ov007_020b7d94.c	PURE-C	ov007				1		None		-
src/func_ov007_020b7eec.c	PURE-C	ov007				1		None		-
src/func_ov007_020b8070.c	PURE-C	ov007				1		None		-
src/func_ov007_020b84e8.c	PURE-C	ov007				1		None		-
src/func_ov007_020b84f4.c	PURE-C	ov007				1		None		-
src/func_ov007_020b8500.c	PURE-C	ov007				1		None		-
src/func_ov007_020b850c.c	WEAK-refs-only	ov007				1		None		-
src/func_ov007_020b8548.c	PURE-C	ov007				1		None		-
src/func_ov007_020b8690.c	PURE-C	ov007				1		None		-
src/func_ov007_020b8714.c	PURE-C	ov007				1		None		-
src/func_ov007_020b883c.c	PURE-C	ov007				1		None		-
src/func_ov007_020b8860.c	PURE-C	ov007				1		None		-
src/func_ov007_020b88c0.c	PURE-C	ov007				1		None		-
src/func_ov007_020b8a78.c	PURE-C	ov007				1		None		-
src/func_ov007_020b8b00.c	PURE-C	ov007				1		None		-
src/func_ov007_020b8b80.c	PURE-C	ov007				1		None		-
src/func_ov007_020b8cfc.c	PURE-C	ov007				1		None		-
src/func_ov007_020b8d48.c	PURE-C	ov007				1		None		-
src/func_ov007_020b8ec0.c	PURE-C	ov007				1		None		-
src/func_ov007_020b8f50.c	PURE-C	ov007				1		None		-
src/func_ov007_020b8f64.c	PURE-C	ov007				1		None		-
src/func_ov007_020b8f78.c	PURE-C	ov007				1		None		-
src/func_ov007_020b8f8c.c	PURE-C	ov007				1		None		-
src/func_ov007_020b8fa0.c	PURE-C	ov007				1		None		-
src/func_ov007_020b8fb4.c	PURE-C	ov007				1		None		-
src/func_ov007_020b8fd4.c	WEAK-refs-only	ov007				1		None		-
src/func_ov007_020b91b4.c	WEAK-refs-only	ov007				1		None		-
src/func_ov007_020b9640.c	PURE-C	ov007				1		None		-
src/func_ov007_020b9880.c	PURE-C	ov007				1		None		-
src/func_ov007_020b9ca8.c	WEAK-refs-only	ov007				1		None		-
src/func_ov007_020b9f0c.c	PURE-C	ov007				1		None		-
src/func_ov007_020b9fc0.c	WEAK-refs-only	ov007				1		None		-
src/func_ov007_020ba05c.c	PURE-C					0		None		NONMATCHING-draft;not-in-delinks
src/func_ov007_020ba2e0.c	PURE-C	ov007				1		None		-
src/func_ov007_020ba368.c	WEAK-refs-only	ov007				1		None		-
src/func_ov007_020ba9bc.c	PURE-C	ov007				1		None		-
src/func_ov007_020baa10.c	WEAK-refs-only	ov007				1		None		-
src/func_ov007_020bad8c.c	WEAK-refs-only	ov007				1		None		-
src/func_ov007_020bb09c.c	PURE-C	ov007				1		None		-
src/func_ov007_020bb4b0.c	WEAK-refs-only	ov007				1		None		-
src/func_ov007_020bbc08.c	PURE-C	ov007				1		None		-
src/func_ov007_020bbe60.c	PURE-C	ov007				1		None		-
src/func_ov007_020bbf98.c	PURE-C	ov007				1		None		-
src/func_ov007_020bbff0.c	WEAK-refs-only	ov007				1		None		-
src/func_ov007_020bc02c.c	WEAK-refs-only	ov007				1		None		-
src/func_ov007_020bc2e4.c	PURE-C	ov007				1		None		-
src/func_ov007_020bc32c.c	PURE-C	ov007				1		None		-
src/func_ov007_020bc374.c	PURE-C	ov007				1		None		-
src/func_ov007_020bc3dc.c	PURE-C	ov007				1		None		-
src/func_ov007_020bc434.c	PURE-C	ov007				1		None		-
src/func_ov007_020bc5fc.c	PURE-C	ov007				1		None		-
src/func_ov007_020bc658.c	PURE-C	ov007				1		None		-
src/func_ov007_020bc6b4.c	PURE-C	ov007				1		None		-
src/func_ov007_020bc6d4.c	PURE-C	ov007				1		None		-
src/func_ov007_020bc7dc.c	WEAK-refs-only	ov007				1		None		-
src/func_ov007_020bc968.c	PURE-C	ov007				1		None		-
src/func_ov007_020bca40.c	PURE-C	ov007				1		None		-
src/func_ov007_020bcba8.c	WEAK-refs-only	ov007				1		None		-
src/func_ov007_020bcf90.c	WEAK-refs-only	ov007				1		None		-
src/func_ov007_020bd1c0.c	PURE-C	ov007				1		None		-
src/func_ov007_020bd4a0.c	PURE-C	ov007				1		None		-
src/func_ov007_020bd4e8.c	PURE-C	ov007				1		None		-
src/func_ov007_020bd648.c	WEAK-refs-only	ov007				1		None		-
src/func_ov007_020bd960.c	PURE-C	ov007				1		None		-
src/func_ov007_020bd9e4.c	PURE-C	ov007				1		None		-
src/func_ov007_020bda38.c	PURE-C	ov007				1		None		-
src/func_ov007_020bda8c.c	WEAK-refs-only	ov007				1		None		-
src/func_ov007_020bdbcc.c	WEAK-refs-only	ov007				1		None		-
src/func_ov007_020bde2c.c	PURE-C	ov007				1		None		-
src/func_ov007_020bde70.c	PURE-C	ov007				1		None		-
src/func_ov007_020bdeb0.c	PURE-C	ov007				1		None		-
src/func_ov007_020bdebc.c	PURE-C	ov007				1		None		-
src/func_ov007_020bdf60.c	PURE-C	ov007				1		None		-
src/func_ov007_020be00c.c	PURE-C	ov007				1		None		-
src/func_ov007_020be098.c	PURE-C	ov007				1		None		-
src/func_ov007_020be0dc.c	WEAK-refs-only	ov007				1		None		-
src/func_ov007_020be47c.c	PURE-C	ov007				1		None		-
src/func_ov007_020be50c.c	PURE-C	ov007				1		None		-
src/func_ov007_020be684.c	PURE-C	ov007				1		None		-
src/func_ov007_020be7a8.c	PURE-C	ov007				1		None		-
src/func_ov007_020be850.c	PURE-C	ov007				1		None		-
src/func_ov007_020be8b8.c	WEAK-refs-only	ov007				1		None		-
src/func_ov007_020be964.c	PURE-C	ov007				1		None		-
src/func_ov007_020be980.c	PURE-C	ov007				1		None		-
src/func_ov007_020be9ac.c	PURE-C	ov007				1		None		-
src/func_ov007_020beaa0.c	PURE-C	ov007				1		None		-
src/func_ov007_020beb80.c	WEAK-refs-only	ov007				1		None		-
src/func_ov007_020bed60.c	WEAK-refs-only	ov007				1		None		-
src/func_ov007_020bee14.c	PURE-C	ov007				1		None		-
src/func_ov007_020beeb0.c	WEAK-refs-only	ov007				1		None		-
src/func_ov007_020bf304.c	PURE-C	ov007				1		None		-
src/func_ov007_020bf428.c	PURE-C	ov007				1		None		-
src/func_ov007_020bf57c.c	PURE-C	ov007				1		None		-
src/func_ov007_020bf630.c	PURE-C	ov007				1		None		-
src/func_ov007_020bf690.c	WEAK-refs-only	ov007				1		None		-
src/func_ov007_020bf790.c	WEAK-refs-only	ov007				1		None		-
src/func_ov007_020bfbdc.c	WEAK-refs-only	ov007				1		None		-
src/func_ov007_020bfc54.c	PURE-C	ov007				1		None		-
src/func_ov007_020bfcec.c	PURE-C	ov007				1		None		-
src/func_ov007_020bfe4c.c	WEAK-refs-only	ov007				1		None		-
src/func_ov007_020bff38.c	PURE-C	ov007				1		None		-
src/func_ov007_020bffb8.c	PURE-C	ov007				1		None		-
src/func_ov007_020c0078.c	WEAK-refs-only	ov007				1		None		-
src/func_ov007_020c020c.c	PURE-C	ov007				1		None		-
src/func_ov007_020c023c.c	PURE-C	ov007				1		None		-
src/func_ov007_020c0288.c	PURE-C	ov007				1		None		-
src/func_ov007_020c02d8.c	PURE-C	ov007				1		None		-
src/func_ov007_020c0308.c	PURE-C	ov007				1		None		-
src/func_ov007_020c0354.c	PURE-C	ov007				1		None		-
src/func_ov007_020c0384.c	PURE-C	ov007				1		None		-
src/func_ov007_020c03b0.c	PURE-C	ov007				1		None		-
src/func_ov007_020c05e4.c	PURE-C	ov007				1		None		-
src/func_ov007_020c05f8.c	PURE-C	ov007				1		None		-
src/func_ov007_020c0604.c	PURE-C	ov007				1		None		-
src/func_ov007_020c0638.c	PURE-C	ov007				1		None		-
src/func_ov007_020c076c.c	WEAK-refs-only	ov007				1		None		-
src/func_ov007_020c0a44.c	PURE-C	ov007				1		None		-
src/func_ov007_020c0a9c.c	PURE-C	ov007				1		None		-
src/func_ov007_020c0aa8.c	PURE-C	ov007				1		None		-
src/func_ov007_020c0af4.c	PURE-C	ov007				1		None		-
src/func_ov007_020c0b20.c	PURE-C	ov007				1		None		-
src/func_ov007_020c0b78.c	PURE-C	ov007				1		None		-
src/func_ov007_020c0d70.c	PURE-C	ov007				1		None		-
src/func_ov007_020c0eb0.c	PURE-C	ov007				1		None		-
src/func_ov007_020c1048.c	PURE-C	ov007				1		None		-
src/func_ov007_020c105c.c	PURE-C	ov007				1		None		-
src/func_ov007_020c1068.c	PURE-C	ov007				1		None		-
src/func_ov007_020c10b0.c	PURE-C	ov007				1		None		-
src/func_ov007_020c10ec.c	PURE-C	ov007				1		None		-
src/func_ov007_020c11ac.c	PURE-C	ov007				1		None		-
src/func_ov007_020c121c.c	PURE-C	ov007				1		None		-
src/func_ov007_020c12ac.c	PURE-C	ov007				1		None		-
src/func_ov007_020c13a4.c	PURE-C	ov007				1		None		-
src/func_ov007_020c13f4.c	PURE-C	ov007				1		None		-
src/func_ov007_020c1404.c	PURE-C	ov007				1		None		-
src/func_ov007_020c1448.c	PURE-C	ov007				1		None		-
src/func_ov007_020c14b8.c	PURE-C	ov007				1		None		-
src/func_ov007_020c14d4.c	WEAK-refs-only	ov007				1		None		-
src/func_ov007_020c1560.c	WEAK-refs-only	ov007				1		None		-
src/func_ov007_020c15ec.c	PURE-C	ov007				1		None		-
src/func_ov007_020c1620.c	PURE-C	ov007				1		None		-
src/func_ov007_020c162c.c	PURE-C	ov007				1		None		-
src/func_ov007_020c16dc.c	PURE-C	ov007				1		None		-
src/func_ov007_020c17f4.c	PURE-C	ov007				1		None		-
src/func_ov007_020c1804.c	PURE-C	ov007				1		None		-
src/func_ov007_020c1814.c	PURE-C	ov007				1		None		-
src/func_ov007_020c184c.c	PURE-C	ov007				1		None		-
src/func_ov007_020c19cc.c	PURE-C	ov007				1		None		-
src/func_ov007_020c1d78.c	PURE-C	ov007				1		None		-
src/func_ov007_020c1d8c.c	PURE-C	ov007				1		None		-
src/func_ov007_020c1da0.c	PURE-C	ov007				1		None		-
src/func_ov007_020c1db0.c	PURE-C	ov007				1		None		-
src/func_ov007_020c2018.c	PURE-C	ov007				1		None		-
src/func_ov007_020c2024.c	PURE-C	ov007				1		None		-
src/func_ov007_020c2068.c	PURE-C	ov007				1		None		-
src/func_ov007_020c2090.c	PURE-C	ov007				1		None		-
src/func_ov007_020c20b8.c	PURE-C	ov007				1		None		-
src/func_ov007_020c22a0.c	PURE-C	ov007				1		None		-
src/func_ov007_020c22f8.c	PURE-C	ov007				1		None		-
src/func_ov007_020c2304.c	PURE-C	ov007				1		None		-
src/func_ov007_020c232c.c	PURE-C	ov007				1		None		-
src/func_ov007_020c2390.c	PURE-C	ov007				1		None		-
src/func_ov007_020c2410.c	PURE-C	ov007				1		None		-
src/func_ov007_020c241c.c	PURE-C	ov007				1		None		-
src/func_ov007_020c249c.c	PURE-C	ov007				1		None		-
src/func_ov007_020c24d0.c	PURE-C	ov007				1		None		-
src/func_ov007_020c25fc.c	PURE-C	ov007				1		None		-
src/func_ov007_020c26fc.c	PURE-C	ov007				1		None		-
src/func_ov007_020c27b4.c	PURE-C	ov007				1		None		-
src/func_ov007_020c281c.c	WEAK-refs-only	ov007				1		None		-
src/func_ov007_020c28ac.c	PURE-C	ov007				1		None		-
src/func_ov007_020c29b4.c	PURE-C	ov007				1		None		-
src/func_ov007_020c2a04.c	PURE-C	ov007				1		None		-
src/func_ov007_020c2acc.c	PURE-C	ov007				1		None		-
src/func_ov007_020c2b38.c	PURE-C	ov007				1		None		-
src/func_ov007_020c2b9c.c	PURE-C	ov007				1		None		-
src/func_ov007_020c2bf8.c	PURE-C	ov007				1		None		-
src/func_ov007_020c2c68.c	PURE-C	ov007				1		None		-
src/func_ov007_020c2d44.c	PURE-C	ov007				1		None		-
src/func_ov007_020c2dfc.c	WEAK-refs-only	ov007				1		None		-
src/func_ov007_020c2e90.c	PURE-C	ov007				1		None		-
src/func_ov007_020c2f14.c	PURE-C	ov007				1		None		-
src/func_ov007_020c3054.c	PURE-C	ov007				1		None		-
src/func_ov007_020c30ac.c	PURE-C	ov007				1		None		-
src/func_ov007_020c31e0.c	PURE-C	ov007				1		None		-
src/func_ov007_020c338c.c	PURE-C	ov007				1		None		-
src/func_ov007_020c3398.c	PURE-C	ov007				1		None		-
src/func_ov007_020c3544.c	PURE-C	ov007				1		None		-
src/func_ov007_020c3550.c	PURE-C	ov007				1		None		-
src/func_ov007_020c3598.c	WEAK-refs-only	ov007				1		None		-
src/func_ov007_020c39f8.c	PURE-C	ov007				1		None		-
src/func_ov007_020c3abc.c	PURE-C	ov007				1		None		-
src/func_ov007_020c3ba8.c	WEAK-refs-only	ov007				1		None		-
src/func_ov007_020c3bc8.c	PURE-C	ov007				1		None		-
src/func_ov007_020c3be0.c	PURE-C	ov007				1		None		-
src/func_ov007_020c3d40.c	PURE-C	ov007				1		None		-
src/func_ov007_020c3e1c.c	PURE-C	ov007				1		None		-
src/func_ov007_020c3e2c.c	PURE-C	ov007				1		None		-
src/func_ov007_020c3e3c.c	PURE-C	ov007				1		None		-
src/func_ov007_020c3e4c.c	PURE-C	ov007				1		None		-
src/func_ov007_020c3e64.c	PURE-C	ov007				1		None		-
src/func_ov007_020c3ee8.c	PURE-C	ov007				1		None		-
src/func_ov007_020c3f00.c	PURE-C	ov007				1		None		-
src/func_ov007_020c3fe4.c	PURE-C	ov007				1		None		-
src/func_ov007_020c4090.c	PURE-C	ov007				1		None		-
src/func_ov007_020c4128.c	PURE-C	ov007				1		None		-
src/func_ov007_020c41dc.c	PURE-C	ov007				1		None		-
src/func_ov007_020c421c.c	PURE-C	ov007				1		None		-
src/func_ov007_020c42f8.c	PURE-C	ov007				1		None		-
src/func_ov007_020c44e4.c	PURE-C	ov007				1		None		-
src/func_ov007_020c4684.c	PURE-C	ov007				1		None		-
src/func_ov007_020c49bc.c	WEAK-refs-only	ov007				1		None		-
src/func_ov007_020c4dfc.c	PURE-C	ov007				1		None		-
src/func_ov007_020c4e98.c	PURE-C	ov007				1		None		-
src/func_ov007_020c4f50.c	PURE-C	ov007				1		None		-
src/func_ov007_020c5014.c	WEAK-refs-only	ov007				1		None		-
src/func_ov007_020c5188.c	PURE-C	ov007				1		None		-
src/func_ov007_020c5490.c	PURE-C	ov007				1		None		-
src/func_ov007_020c55bc.c	PURE-C	ov007				1		None		-
src/func_ov007_020c56bc.c	PURE-C	ov007				1		None		-
src/func_ov007_020c5854.c	PURE-C	ov007				1		None		-
src/func_ov007_020c5948.c	PURE-C	ov007				1		None		-
src/func_ov007_020c5c14.c	PURE-C	ov007				1		None		-
src/func_ov007_020c5d5c.c	PURE-C	ov007				1		None		-
src/func_ov007_020c5db0.c	PURE-C	ov007				1		None		-
src/func_ov007_020c5ef0.c	PURE-C	ov007				1		None		-
src/func_ov007_020c5fc8.c	PURE-C	ov007				1		None		-
src/func_ov007_020c6174.c	PURE-C	ov007				1		None		-
src/func_ov007_020c62cc.c	PURE-C	ov007				1		None		-
src/func_ov007_020c6314.c	PURE-C	ov007				1		None		-
src/func_ov007_020c64c4.c	PURE-C	ov007				1		None		-
src/func_ov007_020c6550.c	PURE-C	ov007				1		None		-
src/func_ov007_020c65bc.c	PURE-C	ov007				1		None		-
src/func_ov007_020c6684.c	PURE-C	ov007				1		None		-
src/func_ov007_020c6724.c	PURE-C	ov007				1		None		-
src/func_ov007_020c6784.c	PURE-C	ov007				1		None		-
src/func_ov007_020c684c.c	PURE-C	ov007				1		None		-
src/func_ov007_020c690c.c	PURE-C	ov007				1		None		-
src/func_ov007_020c6af0.c	PURE-C	ov007				1		None		-
src/func_ov007_020c6b58.c	PURE-C	ov007				1		None		-
src/func_ov007_020c6d20.c	PURE-C	ov007				1		None		-
src/func_ov007_020c704c.c	WEAK-refs-only	ov007				1		None		-
src/func_ov007_020c71c0.c	PURE-C	ov007				1		None		-
src/func_ov007_020c7240.c	PURE-C	ov007				1		None		-
src/func_ov007_020c72d0.c	PURE-C	ov007				1		None		-
src/func_ov007_020c7348.c	PURE-C	ov007				1		None		-
src/func_ov007_020c7368.c	PURE-C	ov007				1		None		-
src/func_ov007_020c73f0.c	PURE-C	ov007				1		None		-
src/func_ov007_020c7504.c	PURE-C	ov007				1		None		-
src/func_ov007_020c7560.c	PURE-C	ov007				1		None		-
src/func_ov007_020c7694.c	PURE-C	ov007				1		None		-
src/func_ov007_020c775c.c	PURE-C	ov007				1		None		-
src/func_ov007_020c7804.c	PURE-C	ov007				1		None		-
src/func_ov007_020c78b0.c	PURE-C	ov007				1		None		-
src/func_ov007_020c78dc.c	PURE-C	ov007				1		None		-
src/func_ov007_020c798c.c	PURE-C	ov007				1		None		-
src/func_ov007_020c7a84.c	PURE-C	ov007				1		None		-
src/func_ov007_020c7b2c.c	PURE-C	ov007				1		None		-
src/func_ov007_020c7c60.c	PURE-C	ov007				1		None		-
src/func_ov007_020c7d60.c	PURE-C	ov007				1		None		-
src/func_ov007_020c806c.c	PURE-C	ov007				1		None		-
src/func_ov007_020c8098.c	PURE-C	ov007				1		None		-
src/func_ov007_020c80a4.c	PURE-C	ov007				1		None		-
src/func_ov007_020c80c8.c	PURE-C	ov007				1		None		-
src/func_ov007_020c81a0.c	PURE-C	ov007				1		None		-
src/func_ov007_020c831c.c	PURE-C	ov007				1		None		-
src/func_ov007_020c83fc.c	PURE-C	ov007				1		None		-
src/func_ov007_020c8440.c	PURE-C	ov007				1		None		-
src/func_ov007_020c844c.c	PURE-C	ov007				1		None		-
src/func_ov007_020c8498.c	PURE-C	ov007				1		None		-
src/func_ov007_020c8688.c	PURE-C	ov007				1		None		-
src/func_ov007_020c86a8.c	PURE-C	ov007				1		None		-
src/func_ov007_020c86c4.c	WEAK-refs-only	ov007				1		None		-
src/func_ov007_020c8970.c	PURE-C	ov007				1		None		-
src/func_ov007_020c897c.c	PURE-C	ov007				1		None		-
src/func_ov007_020c8ac0.c	PURE-C	ov007				1		None		-
src/func_ov007_020c8b04.c	PURE-C	ov007				1		None		-
src/func_ov007_020c8b10.c	PURE-C	ov007				1		None		-
src/func_ov007_020c8b34.c	PURE-C	ov007				1		None		-
src/func_ov007_020c8c88.c	PURE-C	ov007				1		None		-
src/func_ov007_020c8de0.c	PURE-C	ov007				1		None		-
src/func_ov007_020c8f58.c	PURE-C	ov007				1		None		-
src/func_ov007_020c8f64.c	PURE-C	ov007				1		None		-
src/func_ov007_020c8f98.c	PURE-C	ov007				1		None		-
src/func_ov007_020c9080.c	PURE-C	ov007				1		None		-
src/func_ov007_020c908c.c	PURE-C	ov007				1		None		-
src/func_ov007_020c90c0.c	PURE-C	ov007				1		None		-
src/func_ov007_020c90f8.c	PURE-C	ov007				1		None		-
src/func_ov007_020c9110.c	PURE-C	ov007				1		None		-
src/func_ov007_020c9214.c	PURE-C	ov007				1		None		-
src/func_ov007_020c9268.c	PURE-C	ov007				1		None		-
src/func_ov007_020c92a0.c	PURE-C	ov007				1		None		-
src/func_ov007_020c92ac.c	PURE-C	ov007				1		None		-
src/func_ov007_020c92d0.c	PURE-C	ov007				1		None		-
src/func_ov007_020c934c.c	PURE-C	ov007				1		None		-
src/func_ov007_020c937c.c	PURE-C	ov007				1		None		-
src/func_ov007_020c9388.c	PURE-C	ov007				1		None		-
src/func_ov007_020c93b4.c	PURE-C	ov007				1		None		-
src/func_ov007_020c93c4.c	PURE-C	ov007				1		None		-
src/func_ov007_020c940c.c	PURE-C	ov007				1		None		-
src/func_ov007_020c9460.c	PURE-C	ov007				1		None		-
src/func_ov007_020c946c.c	PURE-C	ov007				1		None		-
src/func_ov007_020c94a0.c	PURE-C	ov007				1		None		-
src/func_ov007_020c94e4.c	PURE-C	ov007				1		None		-
src/func_ov007_020c951c.c	PURE-C	ov007				1		None		-
src/func_ov007_020c95fc.c	PURE-C	ov007				1		None		-
src/func_ov007_020c9988.c	PURE-C	ov007				1		None		-
src/func_ov007_020c99d8.c	PURE-C	ov007				1		None		-
src/func_ov007_020c9a2c.c	PURE-C	ov007				1		None		-
src/func_ov007_020c9a84.c	WEAK-refs-only	ov007				1		None		-
src/func_ov007_020c9c24.c	PURE-C	ov007				1		None		-
src/func_ov007_020c9d90.c	WEAK-refs-only	ov007				1		None		-
src/func_ov007_020c9f10.c	PURE-C	ov007				1		None		-
src/func_ov007_020ca010.c	PURE-C	ov007				1		None		-
src/func_ov007_020ca1d4.c	PURE-C	ov007				1		None		-
src/func_ov007_020ca26c.c	PURE-C	ov007				1		None		-
src/func_ov007_020ca2a8.c	PURE-C	ov007				1		None		-
src/func_ov007_020ca308.c	WEAK-refs-only	ov007				1		None		-
src/func_ov007_020ca578.c	PURE-C	ov007				1		None		-
src/func_ov007_020ca5f0.c	WEAK-refs-only	ov007				1		None		-
src/func_ov007_020ca86c.c	PURE-C	ov007				1		None		-
src/func_ov007_020cb3dc.c	PURE-C	ov007				1		None		-
src/func_ov007_020cb7c0.c	PURE-C	ov007				1		None		-
src/func_ov007_020cba78.c	PURE-C	ov007				1		None		-
src/func_ov007_020cbbb0.c	WEAK-refs-only	ov007				1		None		-
src/func_ov007_020cbf8c.c	PURE-C	ov007				1		None		-
src/func_ov007_020cc0cc.c	PURE-C	ov007				1		None		-
src/func_ov007_020cc0e4.c	PURE-C	ov007				1		None		-
src/func_ov007_020cc0f4.c	P2-vtable-only	ov007	dScDSMT_c::graphCallback_c	dScDSMT_c	vtable dScDSMT_c::graphCallback_c slot 2 @0x20cc0f4	1		True		-
src/func_ov007_020cc110.c	P2-vtable-only	ov007	dScDSMT_c::graphCallback_c	dScDSMT_c	vtable dScDSMT_c::graphCallback_c slot 0 @0x20cc110	1		True		-
src/func_ov007_020cc118.c	WEAK-refs-only	ov007				1		None		-
src/func_ov007_020cc168.c	WEAK-refs-only	ov007				1		None		-
src/func_ov007_020cc600.c	WEAK-refs-only	ov007				1		None		-
src/func_ov007_020cca68.c	PURE-C	ov007				1		None		-
src/func_ov007_020cca74.c	PURE-C	ov007				1		None		-
src/func_ov007_020cca80.c	WEAK-refs-only	ov007				1		None		-
src/func_ov007_020cca98.c	WEAK-refs-only	ov007				1		None		-
src/func_ov007_020ccab4.c	WEAK-refs-only	ov007				1		None		-
src/dScDSMT_c_classInit.c	S1-stores-rom-vptr	ov007			stores _ZTV8dScene_c	1		None	_ZTV8dScene_c	-
src/func_ov009_02111224.c	PURE-C	ov009				1		None		-
src/func_ov009_0211145c.c	WEAK-refs-only					0		None		NONMATCHING-draft;not-in-delinks
src/func_ov009_021115d8.c	WEAK-refs-only	ov009				1		None		-
src/func_ov010_0211124c.c	PURE-C	ov010				1		None		-
src/func_ov010_0211125c.c	PURE-C	ov010				1		None		-
src/func_ov010_02111284.c	PURE-C	ov010				1		None		-
src/func_ov010_021112b4.c	PURE-C	ov010				1		None		-
src/func_ov010_02111320.c	WEAK-refs-only	ov010				1		None		-
src/func_ov010_021113f0.c	WEAK-refs-only	ov010				1		None		-
src/func_ov010_0211146c.c	PURE-C	ov010				1		None		-
src/func_ov010_0211184c.c	WEAK-refs-only	ov010				1		None		-
src/func_ov010_02111984.c	PURE-C	ov010				1		None		-
src/func_ov010_02111a54.c	PURE-C	ov010				1		None		-
src/func_ov010_02111e84.c	PURE-C	ov010				1		None		-
src/func_ov013_02111238.c	PURE-C	ov013				1		None		-
src/func_ov013_02111430.c	PURE-C	ov013				1		None		-
src/func_ov014_02111484.c	WEAK-refs-only	ov014				1		None		-
src/func_ov014_021114d8.c	PURE-C	ov014				1		None		-
src/func_ov014_0211150c.c	WEAK-refs-only	ov014				1		None		-
src/func_ov014_021115c0.c	PURE-C	ov014				1		None		-
src/func_ov014_02111af0.c	WEAK-refs-only	ov014				1		None		-
src/func_ov014_02111b70.c	WEAK-refs-only	ov014				1		None		-
src/func_ov014_02111e14.c	WEAK-refs-only	ov014				1		None		-
src/func_ov014_02111fb8.c	WEAK-refs-only	ov014				1		None		-
src/func_ov014_02111fe0.c	WEAK-refs-only	ov014				1		None		-
src/func_ov014_02112114.c	WEAK-refs-only	ov014				1		None		-
src/func_ov014_021122dc.c	PURE-C	ov014				1		None		-
src/func_ov014_0211236c.c	WEAK-refs-only	ov014				1		None		-
src/func_ov014_0211250c.c	WEAK-refs-only	ov014				1		None		-
src/func_ov014_02112788.c	WEAK-refs-only	ov014				1		None		-
src/func_ov015_02111214.c	PURE-C	ov015				1		None		-
src/func_ov015_02111414.c	PURE-C	ov015				1		None		-
src/func_ov015_021114f0.c	WEAK-refs-only					0		None		NONMATCHING-draft;not-in-delinks
src/func_ov015_0211166c.c	PURE-C	ov015				1		None		-
src/func_ov015_02111d28.c	WEAK-refs-only	ov015				1		None		-
src/func_ov015_02111d4c.c	PURE-C	ov015				1		None		-
src/func_ov015_02111d8c.c	PURE-C	ov015				1		None		-
src/func_ov015_02111dd4.c	WEAK-refs-only	ov015				1		None		-
src/func_ov015_02111df4.c	PURE-C	ov015				1		None		-
src/func_ov015_02111e60.c	WEAK-refs-only	ov015				1		None		-
src/func_ov015_02111e80.c	PURE-C	ov015				1		None		-
src/func_ov015_02111ee0.c	PURE-C	ov015				1		None		-
src/func_ov015_02111eec.c	PURE-C	ov015				1		None		-
src/func_ov015_02111f4c.c	WEAK-refs-only	ov015				1		None		-
src/func_ov015_02111f6c.c	PURE-C	ov015				1		None		-
src/func_ov015_02111fac.c	PURE-C	ov015				1		None		-
src/func_ov015_02111fb8.c	PURE-C	ov015				1		None		-
src/func_ov015_021128e8.c	PURE-C	ov015				1		None		-
src/func_ov015_021128f8.c	PURE-C	ov015				1		None		-
src/func_ov016_02111284.c	WEAK-refs-only	ov016				1		None		-
src/func_ov016_02111534.c	PURE-C	ov016				1		None		-
src/func_ov016_021115c0.c	WEAK-refs-only	ov016				1		None		-
src/func_ov016_021119ec.c	WEAK-refs-only	ov016				1		None		-
src/func_ov016_021126a8.c	PURE-C	ov016				1		None		-
src/func_ov016_02112a9c.c	PURE-C	ov016				1		None		-
src/func_ov016_021130a4.c	PURE-C	ov016				1		None		-
src/func_ov018_02111804.c	PURE-C	ov018				1		None		-
src/func_ov018_021118fc.c	WEAK-refs-only	ov018				1		None		-
src/func_ov018_02111968.c	PURE-C	ov018				1		None		-
src/func_ov018_02111a48.c	WEAK-refs-only	ov018				1		None		-
src/func_ov018_02111b3c.c	WEAK-refs-only	ov018				1		None		-
src/func_ov018_02111fac.c	WEAK-refs-only	ov018				1		None		-
src/func_ov018_02112234.c	WEAK-refs-only	ov018				1		None		-
src/func_ov018_021122ec.c	WEAK-refs-only	ov018				1		None		-
src/func_ov018_021123d0.c	PURE-C	ov018				1		None		-
src/func_ov019_02111254.c	PURE-C	ov019				1		None		-
src/func_ov019_021112b8.c	PURE-C	ov019				1		None		-
src/func_ov019_0211131c.c	WEAK-refs-only	ov019				1		None		-
src/func_ov019_021113b0.c	WEAK-refs-only	ov019				1		None		-
src/func_ov019_02111558.c	WEAK-refs-only	ov019				1		None		-
src/func_ov019_021117a8.c	WEAK-refs-only	ov019				1		None		-
src/func_ov019_02111904.c	WEAK-refs-only	ov019				1		None		-
src/func_ov019_0211197c.c	WEAK-refs-only	ov019				1		None		-
src/func_ov019_02111d58.c	WEAK-refs-only	ov019				1		None		-
src/func_ov019_02111dec.c	WEAK-refs-only	ov019				1		None		-
src/func_ov019_02111f54.c	WEAK-refs-only	ov019				1		None		-
src/func_ov019_02111fec.c	WEAK-refs-only	ov019				1		None		-
src/func_ov019_0211213c.c	PURE-C	ov019				1		None		-
src/func_ov019_02112168.c	WEAK-refs-only	ov019				1		None		-
src/func_ov019_021121f8.c	WEAK-refs-only	ov019				1		None		-
src/func_ov019_021122dc.c	PURE-C	ov019				1		None		-
src/func_ov020_021112b0.c	WEAK-refs-only	ov020				1		None		-
src/func_ov020_02111340.c	WEAK-refs-only	ov020				1		None		-
src/func_ov020_021115ac.c	WEAK-refs-only	ov020				1		None		-
src/func_ov020_0211174c.c	WEAK-refs-only	ov020				1		None		-
src/func_ov020_021119dc.c	WEAK-refs-only	ov020				1		None		-
src/func_ov020_02111aa8.c	WEAK-refs-only	ov020				1		None		-
src/func_ov020_02111c30.c	WEAK-refs-only	ov020				1		None		-
src/func_ov020_021127f4.c	WEAK-refs-only	ov020				1		None		-
src/func_ov020_021129dc.c	PURE-C	ov020				1		None		-
src/func_ov020_02112b00.c	WEAK-refs-only	ov020				1		None		-
src/func_ov020_02112e94.c	WEAK-refs-only	ov020				1		None		-
src/func_ov020_021130c8.c	WEAK-refs-only	ov020				1		None		-
src/func_ov020_02113148.c	PURE-C	ov020				1		None		-
src/func_ov020_021131f8.c	WEAK-refs-only	ov020				1		None		-
src/func_ov021_0211129c.c	WEAK-refs-only	ov021				1		None		-
src/func_ov021_02111434.c	PURE-C	ov021				1		None		-
src/func_ov021_02111ec4.c	PURE-C	ov021				1		None		-
src/func_ov021_02111f1c.c	PURE-C	ov021				1		None		-
src/func_ov021_02111f74.c	PURE-C	ov021				1		None		-
src/func_ov021_02111fcc.c	PURE-C	ov021				1		None		-
src/func_ov021_02111fe4.c	PURE-C	ov021				1		None		-
src/func_ov021_02112128.c	PURE-C	ov021				1		None		-
src/func_ov021_02112294.c	WEAK-refs-only	ov021				1		None		-
src/func_ov021_021123b0.c	WEAK-refs-only	ov021				1		None		-
src/func_ov021_021127b4.c	PURE-C	ov021				1		None		-
src/func_ov022_02111558.c	PURE-C	ov022				1		None		-
src/func_ov022_02111564.c	PURE-C	ov022				1		None		-
src/func_ov022_0211193c.c	PURE-C	ov022				1		None		-
src/func_ov022_02111a1c.c	PURE-C	ov022				1		None		-
src/func_ov022_02111d48.c	PURE-C	ov022				1		None		-
src/func_ov022_021126ac.c	P2-vtable-only	ov022	daObjFlMaruta_c	daObjFlMaruta_c	vtable daObjFlMaruta_c slot 32 @0x21126ac	1		False		no-header:daObjFlMaruta_c
src/func_ov022_02112710.c	P2-vtable-only	ov022	daObjFlMaruta_c	daObjFlMaruta_c	vtable daObjFlMaruta_c slot 34 @0x2112710	1		False		no-header:daObjFlMaruta_c
src/func_ov023_0211124c.c	WEAK-refs-only	ov023				1		None		-
src/func_ov023_02111308.c	PURE-C	ov023				1		None		-
src/func_ov024_021112c0.c	WEAK-refs-only	ov024				1		None		-
src/func_ov024_02111350.c	WEAK-refs-only	ov024				1		None		-
src/func_ov024_021114c4.c	PURE-C	ov024				1		None		-
src/func_ov025_02111344.c	PURE-C	ov025				1		None		-
src/func_ov025_02111898.c	S1-stores-rom-vptr	ov025			stores _ZTV7daDgr_c	1		None	_ZTV7daDgr_c	-
src/func_ov025_021119f4.c	PURE-C	ov025				1		None		-
src/func_ov025_02111e30.c	PURE-C	ov025				1		None		-
src/func_ov025_021125dc.c	PURE-C	ov025				1		None		-
src/func_ov026_021112a4.c	PURE-C	ov026				1		None		-
src/daObjWlPolelift_c_classInit.cpp	WEAK-refs-only	ov026				1		None		-
src/func_ov026_02111b24.c	WEAK-refs-only	ov026				1		None		-
src/func_ov026_02111cb4.c	WEAK-refs-only	ov026				1		None		-
src/func_ov026_02111ed8.c	PURE-C	ov026				1		None		-
src/func_ov026_02111f30.c	PURE-C	ov026				1		None		-
src/func_ov026_02112280.c	WEAK-refs-only	ov026				1		None		-
src/func_ov026_021122b0.c	P2-vtable-only	ov026	daWater_Tatumaki_c	daWater_Tatumaki_c	vtable daWater_Tatumaki_c slot 31 @0x21122b0	1		False		no-header:daWater_Tatumaki_c
src/func_ov026_021122cc.c	P2-vtable-only	ov026	daWater_Tatumaki_c	daWater_Tatumaki_c	vtable daWater_Tatumaki_c slot 33 @0x21122cc	1		False		no-header:daWater_Tatumaki_c
src/func_ov026_02112324.c	PURE-C	ov026				1		None		-
src/func_ov027_02111680.c	P2-vtable-only	ov027	daIDonketu_c	daIDonketu_c	vtable daIDonketu_c slot 31 @0x2111680	1		False		no-header:daIDonketu_c
src/func_ov027_02111a28.c	WEAK-refs-only	ov027				1		None		-
src/func_ov027_02111c48.c	WEAK-refs-only	ov027				1		None		-
src/func_ov027_02111d70.c	PURE-C	ov027				1		None		-
src/func_ov027_0211207c.c	S1-stores-rom-vptr	ov027			stores _ZTV10daPgDfdr_c	1		None	_ZTV10daPgDfdr_c	-
src/func_ov027_02112158.c	WEAK-refs-only	ov027				1		None		-
src/func_ov027_021123b0.c	PURE-C	ov027				1		None		-
src/func_ov027_02112424.c	WEAK-refs-only	ov027				1		None		-
src/func_ov027_021124e4.c	PURE-C	ov027				1		None		-
src/func_ov027_021125a8.c	WEAK-refs-only	ov027				1		None		-
src/func_ov029_021116e4.c	PURE-C	ov029				1		None		-
src/func_ov029_021118c8.c	PURE-C	ov029				1		None		-
src/func_ov029_02111e60.c	PURE-C	ov029				1		None		-
src/func_ov029_021122b4.c	PURE-C	ov029				1		None		-
src/func_ov029_021126dc.c	PURE-C	ov029				1		None		-
src/func_ov029_02112710.c	PURE-C	ov029				1		None		-
src/func_ov030_02111734.c	WEAK-refs-only	ov030				1		None		-
src/func_ov030_02111890.c	PURE-C	ov030				1		None		-
src/func_ov030_02111908.c	PURE-C	ov030				1		None		-
src/func_ov030_02111a00.c	WEAK-refs-only	ov030				1		None		-
src/func_ov030_02111b20.c	WEAK-refs-only	ov030				1		None		-
src/func_ov030_02111bc4.c	WEAK-refs-only	ov030				1		None		-
src/func_ov030_02112560.c	PURE-C	ov030				1		None		-
src/func_ov030_02112578.c	WEAK-refs-only	ov030				1		None		-
src/func_ov030_02112a14.c	WEAK-refs-only	ov030				1		None		-
src/func_ov030_02112a84.c	WEAK-refs-only	ov030				1		None		-
src/func_ov030_02112c14.c	WEAK-refs-only	ov030				1		None		-
src/func_ov030_02112da0.c	WEAK-refs-only	ov030				1		None		-
src/func_ov030_02112ff8.c	WEAK-refs-only	ov030				1		None		-
src/func_ov030_02113094.c	WEAK-refs-only	ov030				1		None		-
src/func_ov030_021136b0.c	WEAK-refs-only	ov030				1		None		-
src/func_ov030_02113be8.c	WEAK-refs-only	ov030				1		None		-
src/func_ov030_02113d20.c	WEAK-refs-only	ov030				1		None		-
src/func_ov030_02113fd8.c	PURE-C	ov030				1		None		-
src/func_ov030_02114124.c	PURE-C	ov030				1		None		-
src/func_ov030_021141a8.c	PURE-C	ov030				1		None		-
src/func_ov031_02111214.c	PURE-C	ov031				1		None		-
src/func_ov032_02111254.c	WEAK-refs-only	ov032				1		None		-
src/func_ov032_02111350.c	WEAK-refs-only	ov032				1		None		-
src/func_ov032_02111814.c	PURE-C	ov032				1		None		-
src/func_ov032_02111830.c	WEAK-refs-only	ov032				1		None		-
src/func_ov032_02111b50.c	PURE-C	ov032				1		None		-
src/func_ov032_02111d58.c	PURE-C	ov032				1		None		-
src/func_ov032_02111dd8.c	PURE-C	ov032				1		None		-
src/func_ov032_02111e24.c	WEAK-refs-only	ov032				1		None		-
src/func_ov032_02111f9c.c	PURE-C	ov032				1		None		-
src/func_ov032_0211244c.c	S1-stores-rom-vptr	ov032			stores _ZTV12daBakubaku_c	1		None	_ZTV12daBakubaku_c	-
src/func_ov034_021113d4.c	WEAK-refs-only	ov034				1		None		-
src/func_ov034_02111520.c	WEAK-refs-only	ov034				1		None		-
src/func_ov034_021115c0.c	PURE-C	ov034				1		None		-
src/func_ov034_02111720.c	WEAK-refs-only	ov034				1		None		-
src/func_ov034_02111974.c	PURE-C	ov034				1		None		-
src/func_ov034_021119ac.c	WEAK-refs-only	ov034				1		None		-
src/func_ov034_02111a64.c	WEAK-refs-only	ov034				1		None		-
src/func_ov034_02111bb0.c	WEAK-refs-only	ov034				1		None		-
src/func_ov034_02111c48.c	WEAK-refs-only	ov034				1		None		-
src/func_ov034_02111e4c.c	PURE-C	ov034				1		None		-
src/func_ov034_02111e68.c	WEAK-refs-only	ov034				1		None		-
src/func_ov034_02112020.c	WEAK-refs-only	ov034				1		None		-
src/func_ov034_02112270.c	PURE-C	ov034				1		None		-
src/func_ov034_02112284.c	WEAK-refs-only	ov034				1		None		-
src/func_ov034_02112348.c	WEAK-refs-only	ov034				1		None		-
src/func_ov034_02112650.c	PURE-C	ov034				1		None		-
src/func_ov034_02112688.c	WEAK-refs-only	ov034				1		None		-
src/func_ov034_02112874.c	WEAK-refs-only	ov034				1		None		-
src/func_ov034_021129ec.c	PURE-C	ov034				1		None		-
src/func_ov035_0211168c.c	WEAK-refs-only	ov035				1		None		-
src/func_ov035_02111798.c	WEAK-refs-only	ov035				1		None		-
src/func_ov035_021118a8.c	PURE-C	ov035				1		None		-
src/func_ov036_0211123c.c	PURE-C	ov036				1		None		-
src/func_ov036_02111618.c	PURE-C	ov036				1		None		-
src/func_ov036_02111cc4.c	PURE-C	ov036				1		None		-
src/func_ov039_02111214.c	PURE-C	ov039				1		None		-
src/func_ov044_02111214.c	PURE-C	ov044				1		None		-
src/func_ov045_021114c8.c	PURE-C	ov045				1		None		-
src/func_ov045_021118f8.c	PURE-C	ov045				1		None		-
src/func_ov047_021113bc.c	S1-stores-rom-vptr	ov047			stores _ZTV16daObjKaitendai_c	1		None	_ZTV16daObjKaitendai_c/_ZTV20daObjKm3_Kaitendai_c	-
src/func_ov055_02111264.c	PURE-C	ov055				1		None		-
src/func_ov055_02111288.c	PURE-C	ov055				1		None		-
src/func_ov055_021112bc.c	PURE-C	ov055				1		None		-
src/func_ov060_02111c68.c	PURE-C	ov060				1		None		-
src/func_ov060_02111f08.c	WEAK-refs-only	ov060				1		None		-
src/func_ov060_02112350.c	WEAK-refs-only	ov060				1		None		-
src/func_ov060_021123a0.c	PURE-C	ov060				1		None		-
src/func_ov060_021123c8.c	PURE-C	ov060				1		None		-
src/func_ov060_021123dc.c	PURE-C	ov060				1		None		-
src/func_ov060_021125f0.c	WEAK-refs-only	ov060				1		None		-
src/func_ov060_02112724.c	PURE-C	ov060				1		None		-
src/func_ov060_02112bfc.c	WEAK-refs-only	ov060				1		None		-
src/func_ov060_02112d48.c	WEAK-refs-only	ov060				1		None		-
src/func_ov060_021130c0.c	WEAK-refs-only	ov060				1		None		-
src/func_ov060_02113260.c	PURE-C	ov060				1		None		-
src/func_ov060_021132a4.c	WEAK-refs-only	ov060				1		None		-
src/func_ov060_02113404.c	WEAK-refs-only	ov060				1		None		-
src/func_ov060_021134ac.c	WEAK-refs-only	ov060				1		None		-
src/func_ov060_02113564.c	PURE-C	ov060				1		None		-
src/func_ov060_021135fc.c	WEAK-refs-only	ov060				1		None		-
src/func_ov060_02113710.c	PURE-C	ov060				1		None		-
src/func_ov060_02113740.c	WEAK-refs-only	ov060				1		None		-
src/func_ov060_02113a94.c	PURE-C	ov060				1		None		-
src/func_ov060_02113fcc.c	PURE-C	ov060				1		None		-
src/func_ov060_02113ff4.c	PURE-C	ov060				1		None		-
src/func_ov060_021142b4.c	PURE-C	ov060				1		None		-
src/func_ov060_02114300.c	PURE-C	ov060				1		None		-
src/func_ov060_021143b8.c	WEAK-refs-only	ov060				1		None		-
src/func_ov060_021145a8.c	PURE-C	ov060				1		None		-
src/func_ov060_021145d4.c	WEAK-refs-only	ov060				1		None		-
src/func_ov060_021146d0.c	PURE-C	ov060				1		None		-
src/func_ov060_02114858.c	WEAK-refs-only	ov060				1		None		-
src/func_ov060_02114b60.c	WEAK-refs-only	ov060				1		None		-
src/func_ov060_02114d08.c	WEAK-refs-only	ov060				1		None		-
src/func_ov060_02114f88.c	PURE-C	ov060				1		None		-
src/func_ov060_02114ff8.c	PURE-C	ov060				1		None		-
src/func_ov060_02115018.c	PURE-C	ov060				1		None		-
src/func_ov060_02115060.c	PURE-C	ov060				1		None		-
src/func_ov060_021150c4.c	PURE-C	ov060				1		None		-
src/func_ov060_021151d4.c	WEAK-refs-only	ov060				1		None		-
src/func_ov060_02115314.c	PURE-C	ov060				1		None		-
src/func_ov060_021153f8.c	PURE-C	ov060				1		None		-
src/func_ov060_021154e8.c	PURE-C	ov060				1		None		-
src/func_ov060_02115518.c	WEAK-refs-only	ov060				1		None		-
src/func_ov060_021156ec.c	PURE-C	ov060				1		None		-
src/func_ov060_02115718.c	PURE-C	ov060				1		None		-
src/func_ov060_02115744.c	PURE-C	ov060				1		None		-
src/func_ov060_0211577c.c	WEAK-refs-only	ov060				1		None		-
src/func_ov060_02115b0c.c	WEAK-refs-only	ov060				1		None		-
src/func_ov060_02115c1c.c	WEAK-refs-only	ov060				1		None		-
src/func_ov060_02115d50.c	PURE-C	ov060				1		None		-
src/func_ov060_02116518.c	WEAK-refs-only	ov060				1		None		-
src/func_ov060_021167c8.c	PURE-C	ov060				1		None		-
src/func_ov060_021167ec.c	WEAK-refs-only	ov060				1		None		-
src/func_ov060_021169b0.c	WEAK-refs-only	ov060				1		None		-
src/func_ov060_021169f8.c	WEAK-refs-only	ov060				1		None		-
src/func_ov060_02116b18.c	PURE-C	ov060				1		None		-
src/func_ov060_02116b68.c	WEAK-refs-only	ov060				1		None		-
src/func_ov060_02116c68.c	PURE-C	ov060				1		None		-
src/func_ov060_02116d78.c	WEAK-refs-only	ov060				1		None		-
src/func_ov060_02116f74.c	PURE-C	ov060				1		None		-
src/func_ov060_02116f90.c	WEAK-refs-only	ov060				1		None		-
src/func_ov060_0211712c.c	PURE-C	ov060				1		None		-
src/func_ov060_021171e8.c	PURE-C	ov060				1		None		-
src/func_ov060_0211722c.c	PURE-C	ov060				1		None		-
src/func_ov060_021172c8.c	PURE-C	ov060				1		None		-
src/func_ov060_0211747c.c	WEAK-refs-only	ov060				1		None		-
src/func_ov060_02117a3c.c	PURE-C	ov060				1		None		-
src/func_ov060_02117a64.c	WEAK-refs-only	ov060				1		None		-
src/func_ov060_02117ae0.c	PURE-C	ov060				1		None		-
src/func_ov060_02117db8.c	WEAK-refs-only	ov060				1		None		-
src/func_ov060_021181b4.c	WEAK-refs-only	ov060				1		None		-
src/func_ov060_021183cc.c	PURE-C	ov060				1		None		-
src/func_ov060_021183f4.c	PURE-C	ov060				1		None		-
src/func_ov060_021184bc.c	WEAK-refs-only	ov060				1		None		-
src/func_ov060_02118544.c	PURE-C	ov060				1		None		-
src/func_ov060_021185c4.c	WEAK-refs-only	ov060				1		None		-
src/func_ov060_02118690.c	WEAK-refs-only	ov060				1		None		-
src/func_ov060_021186d8.c	PURE-C	ov060				1		None		-
src/func_ov060_02118728.c	WEAK-refs-only	ov060				1		None		-
src/func_ov060_02118834.c	PURE-C	ov060				1		None		-
src/func_ov060_021188e8.c	PURE-C	ov060				1		None		-
src/func_ov060_02118970.c	WEAK-refs-only	ov060				1		None		-
src/func_ov062_02115f84.c	WEAK-refs-only	ov062				1		None		-
src/func_ov062_02116010.c	WEAK-refs-only	ov062				1		None		-
src/func_ov062_021161a8.c	WEAK-refs-only	ov062				1		None		-
src/func_ov062_02116238.c	WEAK-refs-only	ov062				1		None		-
src/func_ov062_02116274.c	PURE-C	ov062				1		None		-
src/func_ov062_02116368.c	WEAK-refs-only	ov062				1		None		-
src/func_ov062_021163b0.c	WEAK-refs-only	ov062				1		None		-
src/func_ov062_02116498.c	PURE-C	ov062				1		None		-
src/func_ov062_021165e0.c	PURE-C	ov062				1		None		-
src/func_ov062_021165e8.c	WEAK-refs-only	ov062				1		None		-
src/func_ov062_02116784.c	WEAK-refs-only	ov062				1		None		-
src/func_ov062_02116850.c	PURE-C	ov062				1		None		-
src/func_ov062_02116980.c	PURE-C	ov062				1		None		-
src/func_ov062_02116a08.c	WEAK-refs-only	ov062				1		None		-
src/func_ov062_02116bf8.c	WEAK-refs-only	ov062				1		None		-
src/func_ov062_02116e80.c	PURE-C	ov062				1		None		-
src/func_ov062_021175c0.c	WEAK-refs-only	ov062				1		None		-
src/func_ov062_02117724.c	WEAK-refs-only	ov062				1		None		-
src/func_ov062_02117994.c	WEAK-refs-only	ov062				1		None		-
src/func_ov062_02117acc.c	PURE-C	ov062				1		None		-
src/func_ov062_02117b48.c	PURE-C	ov062				1		None		-
src/func_ov062_02117b60.c	PURE-C	ov062				1		None		-
src/func_ov062_02117b9c.c	WEAK-refs-only	ov062				1		None		-
src/func_ov062_02117c98.c	WEAK-refs-only	ov062				1		None		-
src/func_ov062_02118058.c	WEAK-refs-only	ov062				1		None		-
src/func_ov062_021180d4.c	WEAK-refs-only	ov062				1		None		-
src/func_ov062_0211811c.c	WEAK-refs-only	ov062				1		None		-
src/func_ov062_021181a0.c	WEAK-refs-only	ov062				1		None		-
src/func_ov062_02118258.c	WEAK-refs-only	ov062				1		None		-
src/func_ov062_02118334.c	WEAK-refs-only	ov062				1		None		-
src/func_ov062_021183e0.c	WEAK-refs-only	ov062				1		None		-
src/func_ov062_02118588.c	WEAK-refs-only	ov062				1		None		-
src/func_ov062_02118718.c	WEAK-refs-only	ov062				1		None		-
src/func_ov062_02118a50.c	WEAK-refs-only	ov062				1		None		-
src/func_ov062_02118b4c.c	WEAK-refs-only	ov062				1		None		-
src/func_ov062_02118cdc.c	WEAK-refs-only	ov062				1		None		-
src/func_ov062_02119954.c	WEAK-refs-only	ov062				1		None		-
src/func_ov062_021199ac.c	WEAK-refs-only	ov062				1		None		-
src/func_ov062_02119be0.c	WEAK-refs-only	ov062				1		None		-
src/func_ov062_0211a0f0.c	WEAK-refs-only	ov062				1		None		-
src/func_ov062_0211a168.c	WEAK-refs-only	ov062				1		None		-
src/func_ov062_0211a1f4.c	WEAK-refs-only	ov062				1		None		-
src/func_ov062_0211a9c4.c	WEAK-refs-only	ov062				1		None		-
src/func_ov062_0211aac0.c	WEAK-refs-only	ov062				1		None		-
src/func_ov062_0211afbc.c	PURE-C	ov062				1		None		-
src/func_ov062_0211b2fc.c	PURE-C	ov062				1		None		-
src/func_ov062_0211b51c.c	WEAK-refs-only	ov062				1		None		-
src/func_ov062_0211b800.c	WEAK-refs-only	ov062				1		None		-
src/func_ov062_0211ba84.c	WEAK-refs-only	ov062				1		None		-
src/func_ov062_0211bd10.c	WEAK-refs-only	ov062				1		None		-
src/func_ov062_0211c218.c	WEAK-refs-only	ov062				1		None		-
src/func_ov062_0211c594.c	WEAK-refs-only	ov062				1		None		-
src/func_ov062_0211c6a8.c	WEAK-refs-only	ov062				1		None		-
src/func_ov064_02115f98.c	WEAK-refs-only	ov064				1		None		-
src/func_ov064_0211616c.c	WEAK-refs-only	ov064				1		None		-
src/func_ov064_02116348.c	P2-vtable-only	ov064	daBDonketu_c	daBDonketu_c	vtable daBDonketu_c slot 36 @0x2116348	1		True		-
src/func_ov064_0211635c.c	P2-vtable-only	ov064	daBDonketu_c	daBDonketu_c	vtable daBDonketu_c slot 35 @0x211635c	1		True		-
src/func_ov064_02116360.c	P2-vtable-only	ov064	daBDonketu_c	daBDonketu_c	vtable daBDonketu_c slot 34 @0x2116360	1		True		-
src/func_ov064_021163bc.c	PURE-C	ov064				1		None		-
src/func_ov064_021165d4.c	PURE-C	ov064				1		None		-
src/func_ov064_021166f0.c	WEAK-refs-only	ov064				1		None		-
src/func_ov064_0211712c.c	P2-vtable-only	ov064	daDonketu_c	daDonketu_c	vtable daDonketu_c slot 36 @0x211712c	1		False		no-header:daDonketu_c
src/func_ov064_02117140.c	P2-vtable-only	ov064	daDonketu_c	daDonketu_c	vtable daDonketu_c slot 35 @0x2117140	1		False		no-header:daDonketu_c
src/func_ov064_02117154.c	P2-vtable-only	ov064	daDonketu_c	daDonketu_c	vtable daDonketu_c slot 34 @0x2117154	1		False		no-header:daDonketu_c
src/func_ov064_02117168.c	P2-vtable-only	ov064	daDonketu_c	daDonketu_c	vtable daDonketu_c slot 33 @0x2117168	1		False		no-header:daDonketu_c
src/func_ov064_021171b0.c	P2-vtable-only	ov064	daDonketu_c	daDonketu_c	vtable daDonketu_c slot 31 @0x21171b0	1		False		no-header:daDonketu_c
src/func_ov064_0211755c.c	P2-vtable-only	ov064	daBDonketu_c	daBDonketu_c	vtable daBDonketu_c slot 31 @0x211755c	1		True		-
src/func_ov064_02117b8c.c	PURE-C	ov064				1		None		-
src/func_ov064_02117bdc.c	PURE-C	ov064				1		None		-
src/func_ov064_02117c24.c	PURE-C	ov064				1		None		-
src/func_ov064_02117fd4.c	PURE-C	ov064				1		None		-
src/func_ov064_02118644.c	WEAK-refs-only	ov064				1		None		-
src/func_ov064_0211873c.c	PURE-C	ov064				1		None		-
src/func_ov064_02118760.c	WEAK-refs-only	ov064				1		None		-
src/func_ov064_021187d0.c	PURE-C	ov064				1		None		-
src/func_ov064_02118c48.c	WEAK-refs-only	ov064				1		None		-
src/func_ov064_02118cd4.c	PURE-C	ov064				1		None		-
src/func_ov064_02118cec.c	PURE-C	ov064				1		None		-
src/func_ov064_02118d08.c	PURE-C	ov064				1		None		-
src/func_ov064_02118d20.c	PURE-C	ov064				1		None		-
src/func_ov064_02118d3c.c	WEAK-refs-only	ov064				1		None		-
src/func_ov064_02118ee4.c	WEAK-refs-only	ov064				1		None		-
src/func_ov064_02119010.c	PURE-C	ov064				1		None		-
src/func_ov064_021192bc.c	PURE-C	ov064				1		None		-
src/func_ov064_021193b4.c	P2-vtable-only	ov064	daObjFl_Puzzle_c	daObjFl_Puzzle_c	vtable daObjFl_Puzzle_c slot 32 @0x21193b4	1		False		no-header:daObjFl_Puzzle_c
src/func_ov064_0211987c.c	PURE-C	ov064				1		None		-
src/func_ov064_02119c60.c	WEAK-refs-only	ov064				1		None		-
src/func_ov064_02119ce4.c	PURE-C	ov064				1		None		-
src/func_ov064_02119d28.c	WEAK-refs-only	ov064				1		None		-
src/func_ov064_02119ea0.c	WEAK-refs-only	ov064				1		None		-
src/func_ov064_0211a284.c	PURE-C	ov064				1		None		-
src/func_ov064_0211a380.c	PURE-C	ov064				1		None		-
src/func_ov064_0211a49c.c	PURE-C	ov064				1		None		-
src/func_ov064_0211a4c4.c	WEAK-refs-only	ov064				1		None		-
src/func_ov064_0211a6e0.c	PURE-C	ov064				1		None		-
src/func_ov064_0211a9b4.c	PURE-C	ov064				1		None		-
src/func_ov065_02115f84.c	WEAK-refs-only	ov065				1		None		-
src/func_ov065_02115ff0.c	WEAK-refs-only	ov065				1		None		-
src/func_ov065_021162c0.c	WEAK-refs-only	ov065				1		None		-
src/func_ov065_02116328.c	PURE-C	ov065				1		None		-
src/func_ov065_0211672c.c	PURE-C	ov065				1		None		-
src/func_ov065_02116744.c	WEAK-refs-only	ov065				1		None		-
src/func_ov065_0211696c.c	WEAK-refs-only	ov065				1		None		-
src/func_ov065_0211704c.c	WEAK-refs-only	ov065				1		None		-
src/func_ov065_021175b0.c	PURE-C	ov065				1		None		-
src/func_ov065_02117624.c	WEAK-refs-only	ov065				1		None		-
src/func_ov065_02117780.c	WEAK-refs-only	ov065				1		None		-
src/func_ov065_02117888.c	WEAK-refs-only	ov065				1		None		-
src/func_ov065_021178fc.c	WEAK-refs-only	ov065				1		None		-
src/func_ov065_02117994.c	WEAK-refs-only	ov065				1		None		-
src/func_ov065_021180b8.c	WEAK-refs-only	ov065				1		None		-
src/func_ov065_021180d4.c	WEAK-refs-only	ov065				1		None		-
src/func_ov065_021183c8.c	WEAK-refs-only	ov065				1		None		-
src/func_ov065_02118634.c	WEAK-refs-only	ov065				1		None		-
src/func_ov065_02118c4c.c	PURE-C	ov065				1		None		-
src/func_ov065_02118cc4.c	PURE-C	ov065				1		None		-
src/func_ov065_02119210.c	PURE-C	ov065				1		None		-
src/func_ov065_0211956c.c	PURE-C	ov065				1		None		-
src/func_ov065_02119594.c	PURE-C	ov065				1		None		-
src/func_ov065_021195bc.c	PURE-C	ov065				1		None		-
src/func_ov065_021195d0.c	PURE-C	ov065				1		None		-
src/func_ov065_021196bc.c	WEAK-refs-only	ov065				1		None		-
src/func_ov065_02119794.c	WEAK-refs-only	ov065				1		None		-
src/func_ov065_0211990c.c	PURE-C	ov065				1		None		-
src/func_ov065_0211a114.c	PURE-C	ov065				1		None		-
src/daObjCtMecha03_c_classInit.c	S1-stores-rom-vptr	ov065			stores _ZTV16daObjCtMecha03_c	1		None	_ZTV16daObjCtMecha03_c	-
src/func_ov065_0211a550.c	WEAK-refs-only	ov065				1		None		-
src/func_ov065_0211aa38.c	PURE-C	ov065				1		None		-
src/func_ov065_0211aacc.c	PURE-C	ov065				1		None		-
src/func_ov065_0211ac0c.c	WEAK-refs-only	ov065				1		None		-
src/func_ov065_0211ad70.c	PURE-C	ov065				1		None		-
src/func_ov065_0211b40c.c	WEAK-refs-only	ov065				1		None		-
src/func_ov066_0211603c.c	WEAK-refs-only	ov066				1		None		-
src/func_ov066_021162e8.c	PURE-C	ov066				1		None		-
src/func_ov066_0211632c.c	PURE-C	ov066				1		None		-
src/func_ov066_02116390.c	WEAK-refs-only	ov066				1		None		-
src/func_ov066_021164ec.c	WEAK-refs-only	ov066				1		None		-
src/func_ov066_021165cc.c	WEAK-refs-only	ov066				1		None		-
src/func_ov066_021168b0.c	PURE-C	ov066				1		None		-
src/func_ov066_021168ec.c	PURE-C	ov066				1		None		-
src/func_ov066_02116a68.c	WEAK-refs-only	ov066				1		None		-
src/func_ov066_02116ac4.c	WEAK-refs-only	ov066				1		None		-
src/func_ov066_02116b78.c	PURE-C	ov066				1		None		-
src/func_ov066_02116c6c.c	WEAK-refs-only	ov066				1		None		-
src/func_ov066_02116db0.c	WEAK-refs-only	ov066				1		None		-
src/func_ov066_02117190.c	PURE-C	ov066				1		None		-
src/func_ov066_021171b0.c	WEAK-refs-only	ov066				1		None		-
src/func_ov066_021175bc.c	PURE-C	ov066				1		None		-
src/func_ov066_021175e8.c	WEAK-refs-only	ov066				1		None		-
src/func_ov066_02117bd0.c	PURE-C	ov066				1		None		-
src/func_ov066_02117bf0.c	WEAK-refs-only	ov066				1		None		-
src/func_ov066_02118168.c	PURE-C	ov066				1		None		-
src/func_ov066_02118188.c	WEAK-refs-only	ov066				1		None		-
src/func_ov066_021184c0.c	PURE-C	ov066				1		None		-
src/func_ov066_021184e0.c	PURE-C	ov066				1		None		-
src/func_ov066_021185e4.c	PURE-C	ov066				1		None		-
src/func_ov066_02118604.c	PURE-C	ov066				1		None		-
src/func_ov066_02118658.c	PURE-C	ov066				1		None		-
src/func_ov066_02118678.c	WEAK-refs-only	ov066				1		None		-
src/func_ov066_021188b0.c	PURE-C	ov066				1		None		-
src/func_ov066_02118934.c	PURE-C	ov066				1		None		-
src/func_ov066_02118954.c	PURE-C	ov066				1		None		-
src/func_ov066_021189a0.c	PURE-C	ov066				1		None		-
src/func_ov066_021189c0.c	PURE-C	ov066				1		None		-
src/func_ov066_02118a30.c	PURE-C	ov066				1		None		-
src/func_ov066_02118a50.c	PURE-C	ov066				1		None		-
src/func_ov066_02118b08.c	PURE-C	ov066				1		None		-
src/func_ov066_02118b28.c	PURE-C	ov066				1		None		-
src/func_ov066_02118be0.c	PURE-C	ov066				1		None		-
src/func_ov066_02118c00.c	PURE-C	ov066				1		None		-
src/func_ov066_02118cb8.c	PURE-C	ov066				1		None		-
src/func_ov066_02118de0.c	PURE-C	ov066				1		None		-
src/func_ov066_02118e04.c	WEAK-refs-only	ov066				1		None		-
src/func_ov066_0211901c.c	PURE-C	ov066				1		None		-
src/func_ov066_0211903c.c	WEAK-refs-only	ov066				1		None		-
src/func_ov066_02119348.c	WEAK-refs-only	ov066				1		None		-
src/func_ov066_0211944c.c	PURE-C	ov066				1		None		-
src/func_ov066_0211a2e4.c	WEAK-refs-only	ov066				1		None		-
src/func_ov066_0211a35c.c	PURE-C	ov066				1		None		-
src/func_ov070_0211f450.c	PURE-C	ov070				1		None		-
src/func_ov070_0211f48c.c	WEAK-refs-only	ov070				1		None		-
src/func_ov070_0211f62c.c	WEAK-refs-only	ov070				1		None		-
src/func_ov070_0211f6e0.c	WEAK-refs-only	ov070				1		None		-
src/func_ov070_0211fa80.c	WEAK-refs-only	ov070				1		None		-
src/func_ov070_0211fae4.c	WEAK-refs-only	ov070				1		None		-
src/func_ov070_0211fd60.c	WEAK-refs-only	ov070				1		None		-
src/func_ov070_0211fd98.c	WEAK-refs-only	ov070				1		None		-
src/func_ov070_02120724.c	WEAK-refs-only	ov070				1		None		-
src/func_ov070_021208a4.c	WEAK-refs-only	ov070				1		None		-
src/func_ov070_02120ce4.c	WEAK-refs-only	ov070				1		None		-
src/func_ov070_02120da8.c	PURE-C	ov070				1		None		-
src/func_ov070_021213cc.c	WEAK-refs-only	ov070				1		None		-
src/func_ov070_02121548.c	WEAK-refs-only	ov070				1		None		-
src/func_ov070_0212156c.c	WEAK-refs-only	ov070				1		None		-
src/func_ov070_021216b8.c	WEAK-refs-only	ov070				1		None		-
src/func_ov070_021217ac.c	WEAK-refs-only	ov070				1		None		-
src/func_ov070_02121880.c	PURE-C	ov070				1		None		-
src/func_ov070_02121a64.c	PURE-C	ov070				1		None		-
src/func_ov070_02121ae0.c	PURE-C	ov070				1		None		-
src/func_ov070_02121c8c.c	WEAK-refs-only	ov070				1		None		-
src/func_ov070_02121cbc.c	WEAK-refs-only	ov070				1		None		-
src/func_ov070_02121eb0.c	PURE-C	ov070				1		None		-
src/func_ov070_02121ef8.c	WEAK-refs-only	ov070				1		None		-
src/func_ov070_02121fb0.c	PURE-C	ov070				1		None		-
src/func_ov070_02122044.c	PURE-C	ov070				1		None		-
src/func_ov071_0211f0b4.c	WEAK-refs-only	ov071				1		None		-
src/func_ov071_0211f498.c	WEAK-refs-only	ov071				1		None		-
src/func_ov071_0211f694.c	WEAK-refs-only	ov071				1		None		-
src/func_ov071_0211fa54.c	WEAK-refs-only	ov071				1		None		-
src/func_ov071_0211fb0c.c	PURE-C	ov071				1		None		-
src/func_ov071_0211fbf4.c	WEAK-refs-only	ov071				1		None		-
src/func_ov071_0211fc60.c	WEAK-refs-only	ov071				1		None		-
src/func_ov071_0211fcd4.c	WEAK-refs-only	ov071				1		None		-
src/func_ov071_0211fe38.c	WEAK-refs-only	ov071				1		None		-
src/func_ov071_0211ff84.c	WEAK-refs-only	ov071				1		None		-
src/func_ov071_02120028.c	WEAK-refs-only	ov071				1		None		-
src/func_ov071_02120130.c	WEAK-refs-only	ov071				1		None		-
src/func_ov071_02120200.c	WEAK-refs-only	ov071				1		None		-
src/func_ov071_0212070c.c	PURE-C	ov071				1		None		-
src/func_ov071_02120a20.c	PURE-C	ov071				1		None		-
src/func_ov071_02120d30.c	WEAK-refs-only	ov071				1		None		-
src/func_ov071_0212110c.c	WEAK-refs-only	ov071				1		None		-
src/func_ov071_021214f4.c	PURE-C	ov071				1		None		-
src/func_ov071_0212152c.c	WEAK-refs-only	ov071				1		None		-
src/func_ov071_02121570.c	PURE-C	ov071				1		None		-
src/func_ov071_02121634.c	PURE-C	ov071				1		None		-
src/func_ov071_02122080.c	PURE-C	ov071				1		None		-
src/func_ov071_02122194.c	WEAK-refs-only	ov071				1		None		-
src/func_ov071_021221bc.c	WEAK-refs-only	ov071				1		None		-
src/func_ov071_021223b0.c	PURE-C	ov071				1		None		-
src/func_ov072_0211f0a4.c	PURE-C	ov072				1		None		-
src/func_ov072_0211f280.c	WEAK-refs-only	ov072				1		None		-
src/func_ov072_0211f330.c	WEAK-refs-only	ov072				1		None		-
src/func_ov072_0211f3e4.c	WEAK-refs-only	ov072				1		None		-
src/func_ov072_0211f578.c	PURE-C	ov072				1		None		-
src/func_ov072_0211f598.c	WEAK-refs-only	ov072				1		None		-
src/func_ov072_0211f63c.c	PURE-C	ov072				1		None		-
src/func_ov072_0211f804.c	PURE-C	ov072				1		None		-
src/func_ov072_0211f9c4.c	PURE-C	ov072				1		None		-
src/func_ov072_0211faf0.c	PURE-C	ov072				1		None		-
src/func_ov072_0211fb7c.c	WEAK-refs-only	ov072				1		None		-
src/func_ov072_0211fcb0.c	PURE-C	ov072				1		None		-
src/func_ov072_0211ffd8.c	PURE-C	ov072				1		None		-
src/func_ov072_0212001c.c	WEAK-refs-only	ov072				1		None		-
src/func_ov072_02120180.c	WEAK-refs-only	ov072				1		None		-
src/func_ov072_021201d4.c	WEAK-refs-only	ov072				1		None		-
src/func_ov072_02120308.c	PURE-C	ov072				1		None		-
src/func_ov072_02120358.c	WEAK-refs-only	ov072				1		None		-
src/func_ov072_02120430.c	PURE-C	ov072				1		None		-
src/func_ov072_02120514.c	WEAK-refs-only	ov072				1		None		-
src/func_ov072_021205d4.c	PURE-C	ov072				1		None		-
src/func_ov072_02120c00.c	WEAK-refs-only	ov072				1		None		-
src/func_ov072_02120ddc.c	PURE-C	ov072				1		None		-
src/func_ov072_02121368.c	WEAK-refs-only	ov072				1		None		-
src/func_ov072_021214dc.c	WEAK-refs-only	ov072				1		None		-
src/func_ov072_02121640.c	WEAK-refs-only	ov072				1		None		-
src/func_ov072_02121670.c	WEAK-refs-only	ov072				1		None		-
src/func_ov072_02121758.c	WEAK-refs-only	ov072				1		None		-
src/func_ov072_02121890.c	WEAK-refs-only	ov072				1		None		-
src/func_ov072_02121a28.c	WEAK-refs-only	ov072				1		None		-
src/func_ov072_02121a84.c	WEAK-refs-only	ov072				1		None		-
src/func_ov072_02121c94.c	WEAK-refs-only	ov072				1		None		-
src/func_ov072_02121d50.c	PURE-C	ov072				1		None		-
src/func_ov073_0211f144.c	WEAK-refs-only	ov073				1		None		-
src/func_ov073_0211f2c0.c	WEAK-refs-only	ov073				1		None		-
src/func_ov073_0211f494.c	WEAK-refs-only	ov073				1		None		-
src/func_ov073_0211fa74.c	WEAK-refs-only	ov073				1		None		-
src/func_ov073_0211fbec.c	PURE-C	ov073				1		None		-
src/func_ov073_0211fc70.c	PURE-C	ov073				1		None		-
src/func_ov073_0211fc78.c	WEAK-refs-only	ov073				1		None		-
src/func_ov073_0211fe84.c	PURE-C	ov073				1		None		-
src/func_ov073_0211fe8c.c	WEAK-refs-only	ov073				1		None		-
src/func_ov073_021200e0.c	WEAK-refs-only	ov073				1		None		-
src/func_ov073_02120390.c	PURE-C	ov073				1		None		-
src/func_ov073_021203ac.c	WEAK-refs-only	ov073				1		None		-
src/func_ov073_021205f0.c	PURE-C	ov073				1		None		-
src/func_ov073_02120610.c	WEAK-refs-only	ov073				1		None		-
src/func_ov073_0212081c.c	PURE-C	ov073				1		None		-
src/func_ov073_02120844.c	WEAK-refs-only	ov073				1		None		-
src/func_ov073_021208e4.c	PURE-C	ov073				1		None		-
src/func_ov073_02120910.c	WEAK-refs-only	ov073				1		None		-
src/func_ov073_02120ad8.c	WEAK-refs-only	ov073				1		None		-
src/func_ov073_02120b78.c	WEAK-refs-only	ov073				1		None		-
src/func_ov073_02120c08.c	WEAK-refs-only	ov073				1		None		-
src/func_ov073_02120dec.c	WEAK-refs-only	ov073				1		None		-
src/func_ov073_02120ed0.c	WEAK-refs-only	ov073				1		None		-
src/func_ov073_0212122c.c	WEAK-refs-only	ov073				1		None		-
src/func_ov073_0212128c.c	WEAK-refs-only	ov073				1		None		-
src/func_ov073_02121378.c	PURE-C	ov073				1		None		-
src/func_ov073_02121388.c	WEAK-refs-only	ov073				1		None		-
src/func_ov073_021215cc.c	WEAK-refs-only	ov073				1		None		-
src/func_ov073_0212202c.c	PURE-C	ov073				1		None		-
src/func_ov073_021220c0.c	WEAK-refs-only	ov073				1		None		-
src/func_ov073_021221e0.c	PURE-C	ov073				1		None		-
src/func_ov073_021222c8.c	PURE-C	ov073				1		None		-
src/func_ov073_021222ec.c	WEAK-refs-only	ov073				1		None		-
src/func_ov073_0212239c.c	PURE-C	ov073				1		None		-
src/func_ov073_02122730.c	PURE-C	ov073				1		None		-
src/func_ov073_021227d0.c	PURE-C	ov073				1		None		-
src/func_ov074_0211f154.c	WEAK-refs-only	ov074				1		None		-
src/func_ov074_0211f344.c	WEAK-refs-only	ov074				1		None		-
src/func_ov074_0211f38c.c	WEAK-refs-only	ov074				1		None		-
src/func_ov074_0211fa08.c	PURE-C	ov074				1		None		-
src/func_ov074_0211fa74.c	PURE-C	ov074				1		None		-
src/func_ov074_0211fb84.c	PURE-C	ov074				1		None		-
src/func_ov074_0211fbd0.c	PURE-C	ov074				1		None		-
src/func_ov074_0211fc34.c	PURE-C	ov074				1		None		-
src/func_ov074_0211fc38.c	WEAK-refs-only	ov074				1		None		-
src/func_ov074_0211fd48.c	PURE-C	ov074				1		None		-
src/func_ov074_0211ffac.c	PURE-C	ov074				1		None		-
src/func_ov074_0211ffcc.c	WEAK-refs-only	ov074				1		None		-
src/func_ov074_0212007c.c	PURE-C	ov074				1		None		-
src/func_ov074_0212016c.c	PURE-C	ov074				1		None		-
src/func_ov074_021201ec.c	PURE-C	ov074				1		None		-
src/func_ov074_021203e0.c	PURE-C	ov074				1		None		-
src/func_ov074_021206c8.c	WEAK-refs-only	ov074				1		None		-
src/func_ov074_021207b8.c	WEAK-refs-only	ov074				1		None		-
src/func_ov074_0212087c.c	WEAK-refs-only	ov074				1		None		-
src/func_ov074_02120b24.c	WEAK-refs-only	ov074				1		None		-
src/func_ov074_02120b90.c	PURE-C	ov074				1		None		-
src/func_ov074_02120bb8.c	WEAK-refs-only	ov074				1		None		-
src/func_ov074_02120d74.c	WEAK-refs-only	ov074				1		None		-
src/func_ov074_02121270.c	PURE-C	ov074				1		None		-
src/func_ov074_021216f4.c	WEAK-refs-only	ov074				1		None		-
src/func_ov074_02121800.c	WEAK-refs-only	ov074				1		None		-
src/func_ov074_0212195c.c	PURE-C	ov074				1		None		-
src/func_ov074_0212199c.c	WEAK-refs-only	ov074				1		None		-
src/func_ov074_02121a20.c	PURE-C	ov074				1		None		-
src/func_ov074_0212229c.c	WEAK-refs-only	ov074				1		None		-
src/func_ov075_02113fdc.c	WEAK-refs-only	ov075				1		None		-
src/func_ov075_02114010.c	WEAK-refs-only	ov075				1		None		-
src/func_ov075_021140e4.c	WEAK-refs-only	ov075				1		None		-
src/func_ov075_021141b8.c	WEAK-refs-only	ov075				1		None		-
src/func_ov075_02114218.c	WEAK-refs-only	ov075				1		None		-
src/func_ov075_0211427c.c	WEAK-refs-only	ov075				1		None		-
src/func_ov075_021142fc.c	PURE-C	ov075				1		None		-
src/func_ov075_02114390.c	WEAK-refs-only	ov075				1		None		-
src/func_ov075_0211478c.c	PURE-C	ov075				1		None		-
src/func_ov075_02114890.c	PURE-C	ov075				1		None		-
src/func_ov075_021148f0.c	PURE-C	ov075				1		None		-
src/func_ov075_02114904.c	WEAK-refs-only	ov075				1		None		-
src/func_ov075_021149d0.c	WEAK-refs-only	ov075				1		None		-
src/func_ov075_02114a58.c	PURE-C	ov075				1		None		-
src/func_ov075_02114a6c.c	WEAK-refs-only	ov075				1		None		-
src/func_ov075_02114b60.c	PURE-C	ov075				1		None		-
src/func_ov075_02114fa8.c	PURE-C	ov075				1		None		-
src/func_ov075_0211505c.c	PURE-C	ov075				1		None		-
src/func_ov075_02115098.c	PURE-C	ov075				1		None		-
src/func_ov075_02115134.c	PURE-C	ov075				1		None		-
src/func_ov075_021151b4.c	PURE-C	ov075				1		None		-
src/func_ov075_0211524c.c	PURE-C	ov075				1		None		-
src/func_ov075_02115290.c	PURE-C	ov075				1		None		-
src/func_ov075_02115a88.c	WEAK-refs-only	ov075				1		None		-
src/func_ov075_02115bac.c	PURE-C	ov075				1		None		-
src/func_ov075_02115bc8.c	PURE-C	ov075				1		None		-
src/func_ov075_02115bcc.c	P2-vtable-only	ov075	dScEntry_c::icon_c	dScEntry_c	vtable dScEntry_c::icon_c slot 1 @0x2115bcc	1		True		-
src/func_ov075_02115e8c.c	PURE-C	ov075				1		None		-
src/func_ov075_0211601c.c	PURE-C	ov075				1		None		-
src/func_ov075_02116028.c	PURE-C	ov075				1		None		-
src/func_ov075_02116030.c	PURE-C	ov075				1		None		-
src/func_ov075_02116040.c	P2-vtable-only	ov075	dScEntry_c::graphCallback_c	dScEntry_c	vtable dScEntry_c::graphCallback_c slot 2 @0x2116040	1		True		-
src/func_ov075_021160b4.c	PURE-C	ov075				1		None		-
src/func_ov075_021165b0.c	PURE-C	ov075				1		None		-
src/func_ov075_02116818.c	WEAK-refs-only	ov075				1		None		-
src/func_ov075_02116ad4.c	WEAK-refs-only	ov075				1		None		-
src/func_ov075_02116c38.c	PURE-C	ov075				1		None		-
src/func_ov075_02116c8c.c	WEAK-refs-only	ov075				1		None		-
src/func_ov075_02116ce4.c	PURE-C	ov075				1		None		-
src/func_ov075_02116d40.c	PURE-C	ov075				1		None		-
src/func_ov075_02116d9c.c	PURE-C	ov075				1		None		-
src/func_ov075_02116e00.c	PURE-C	ov075				1		None		-
src/func_ov075_02116e44.c	PURE-C	ov075				1		None		-
src/func_ov075_02116ebc.c	PURE-C	ov075				1		None		-
src/func_ov075_0211705c.c	WEAK-refs-only	ov075				1		None		-
src/func_ov075_021173a8.c	WEAK-refs-only	ov075				1		None		-
src/func_ov075_0211763c.c	PURE-C	ov075				1		None		-
src/func_ov075_02117918.c	WEAK-refs-only	ov075				1		None		-
src/func_ov075_02117ac4.c	WEAK-refs-only	ov075				1		None		-
src/func_ov075_02117bc4.c	PURE-C	ov075				1		None		-
src/func_ov075_02117c0c.c	PURE-C	ov075				1		None		-
src/func_ov075_02117d80.c	PURE-C					0		None		NONMATCHING-draft;not-in-delinks
src/func_ov075_02117e84.c	WEAK-refs-only	ov075				1		None		-
src/func_ov075_02117f5c.c	PURE-C	ov075				1		None		-
src/func_ov075_02117fe4.c	WEAK-refs-only	ov075				1		None		-
src/func_ov075_02118248.c	PURE-C	ov075				1		None		-
src/func_ov075_02118378.c	WEAK-refs-only	ov075				1		None		-
src/func_ov075_0211867c.c	PURE-C	ov075				1		None		-
src/func_ov075_021188b4.c	WEAK-refs-only	ov075				1		None		-
src/func_ov075_02118a78.c	PURE-C	ov075				1		None		-
src/func_ov075_02118a84.c	PURE-C	ov075				1		None		-
src/func_ov075_02118bf8.c	WEAK-refs-only	ov075				1		None		-
src/func_ov075_02118cd0.c	WEAK-refs-only	ov075				1		None		-
src/func_ov075_02118d1c.c	PURE-C	ov075				1		None		-
src/func_ov075_02118f38.c	WEAK-refs-only	ov075				1		None		-
src/func_ov075_021190a4.c	PURE-C	ov075				1		None		-
src/func_ov075_0211919c.c	WEAK-refs-only	ov075				1		None		-
src/func_ov075_021192bc.c	PURE-C	ov075				1		None		-
src/func_ov075_0211944c.c	PURE-C	ov075				1		None		-
src/func_ov075_02119640.c	PURE-C	ov075				1		None		-
src/func_ov075_021196d0.c	PURE-C	ov075				1		None		-
src/func_ov075_0211977c.c	PURE-C	ov075				1		None		-
src/func_ov075_021197dc.c	PURE-C	ov075				1		None		-
src/func_ov075_021197e8.c	PURE-C	ov075				1		None		-
src/func_ov075_02119918.c	PURE-C	ov075				1		None		-
src/func_ov075_02119b34.c	PURE-C	ov075				1		None		-
src/func_ov075_02119c38.c	PURE-C	ov075				1		None		-
src/func_ov075_02119cc0.c	PURE-C	ov075				1		None		-
src/func_ov075_02119d3c.c	WEAK-refs-only	ov075				1		None		-
src/func_ov075_02119d78.c	PURE-C	ov075				1		None		-
src/func_ov075_0211a100.c	PURE-C	ov075				1		None		-
src/func_ov075_0211a148.c	PURE-C	ov075				1		None		-
src/func_ov075_0211a740.c	S1-stores-rom-vptr	ov075			stores _ZTV8dScene_c	1		None	_ZTV8dScene_c	-
src/func_ov075_0211a834.c	PURE-C	ov075				1		None		-
src/func_ov075_0211a838.c	PURE-C	ov075				1		None		-
src/func_ov075_0211a854.c	S1-stores-rom-vptr	ov075			stores _ZTV8dScene_c	1		None	_ZTV8dScene_c	-
src/func_ov075_0211aa00.c	PURE-C	ov075				1		None		-
src/func_ov075_0211aa94.c	WEAK-refs-only	ov075				1		None		-
src/func_ov075_0211ab38.c	PURE-C	ov075				1		None		-
src/func_ov075_0211abb0.c	PURE-C	ov075				1		None		-
src/func_ov075_0211ad60.c	PURE-C	ov075				1		None		-
src/func_ov075_0211aea4.c	PURE-C	ov075				1		None		-
src/func_ov075_0211aeb8.c	WEAK-refs-only	ov075				1		None		-
src/func_ov075_0211af0c.c	PURE-C	ov075				1		None		-
src/func_ov075_0211af84.c	PURE-C	ov075				1		None		-
src/func_ov075_0211b1cc.c	PURE-C	ov075				1	inert	None		-
src/func_ov075_0211b260.c	PURE-C	ov075				1		None		-
src/func_ov075_0211b3b8.c	PURE-C	ov075				1		None		-
src/func_ov077_02123814.c	PURE-C	ov077				1		None		-
src/func_ov077_02123880.c	WEAK-refs-only	ov077				1		None		-
src/func_ov077_02123fcc.c	WEAK-refs-only	ov077				1		None		-
src/func_ov077_021241ac.c	PURE-C	ov077				1		None		-
src/func_ov077_021242f0.c	PURE-C	ov077				1		None		-
src/func_ov077_02124394.c	WEAK-refs-only	ov077				1		None		-
src/func_ov077_02124564.c	WEAK-refs-only	ov077				1		None		-
src/func_ov077_02124698.c	WEAK-refs-only	ov077				1		None		-
src/func_ov077_0212478c.c	PURE-C	ov077				1		None		-
src/func_ov077_02124ce4.c	PURE-C	ov077				1		None		-
src/func_ov077_02125290.c	PURE-C	ov077				1		None		-
src/func_ov077_021256b4.c	WEAK-refs-only	ov077				1		None		-
src/func_ov077_02125830.c	PURE-C	ov077				1		None		-
src/func_ov077_021258dc.c	WEAK-refs-only	ov077				1		None		-
src/func_ov077_02125908.c	WEAK-refs-only	ov077				1		None		-
src/func_ov077_02125a0c.c	WEAK-refs-only	ov077				1		None		-
src/func_ov077_02125a54.c	WEAK-refs-only	ov077				1		None		-
src/func_ov077_02125bb4.c	WEAK-refs-only	ov077				1		None		-
src/func_ov077_02125dd4.c	WEAK-refs-only	ov077				1		None		-
src/func_ov077_02125e94.c	PURE-C	ov077				1		None		-
src/func_ov077_02126300.c	WEAK-refs-only	ov077				1		None		-
src/func_ov077_0212679c.c	WEAK-refs-only	ov077				1		None		-
src/func_ov077_02126a04.c	WEAK-refs-only	ov077				1		None		-
src/func_ov077_02126a50.c	PURE-C	ov077				1		None		-
src/func_ov077_02126a84.c	WEAK-refs-only	ov077				1		None		-
src/func_ov077_02126ad0.c	WEAK-refs-only	ov077				1		None		-
src/func_ov077_02126dac.c	PURE-C	ov077				1		None		-
src/func_ov078_02123804.c	WEAK-refs-only	ov078				1		None		-
src/func_ov078_02123864.c	WEAK-refs-only	ov078				1		None		-
src/func_ov078_021238ac.c	WEAK-refs-only	ov078				1		None		-
src/func_ov078_02123a3c.c	WEAK-refs-only	ov078				1		None		-
src/func_ov078_02123aa0.c	WEAK-refs-only	ov078				1		None		-
src/func_ov078_02123d3c.c	PURE-C	ov078				1		None		-
src/func_ov078_02123eb8.c	WEAK-refs-only	ov078				1		None		-
src/func_ov078_02124000.c	WEAK-refs-only	ov078				1		None		-
src/func_ov078_021240a0.c	WEAK-refs-only	ov078				1		None		-
src/func_ov078_02124470.c	WEAK-refs-only	ov078				1		None		-
src/func_ov078_021244d0.c	WEAK-refs-only	ov078				1		None		-
src/func_ov078_02124520.c	WEAK-refs-only	ov078				1		None		-
src/func_ov078_021247bc.c	WEAK-refs-only	ov078				1		None		-
src/func_ov078_02124b40.c	WEAK-refs-only	ov078				1		None		-
src/func_ov078_02124c94.c	PURE-C	ov078				1		None		-
src/func_ov078_02124e9c.c	WEAK-refs-only	ov078				1		None		-
src/func_ov078_021250d0.c	PURE-C	ov078				1		None		-
src/func_ov078_021250f8.c	WEAK-refs-only	ov078				1		None		-
src/func_ov078_02125350.c	WEAK-refs-only	ov078				1		None		-
src/func_ov078_02125448.c	WEAK-refs-only	ov078				1		None		-
src/func_ov078_02125734.c	WEAK-refs-only	ov078				1		None		-
src/func_ov078_021258e4.c	WEAK-refs-only	ov078				1		None		-
src/func_ov078_021259e4.c	PURE-C	ov078				1		None		-
src/func_ov078_021259ec.c	WEAK-refs-only	ov078				1		None		-
src/func_ov078_02125c24.c	PURE-C	ov078				1		None		-
src/func_ov078_02125de0.c	WEAK-refs-only	ov078				1		None		-
src/func_ov079_02123804.c	WEAK-refs-only	ov079				1		None		-
src/func_ov079_02123bcc.c	PURE-C	ov079				1		None		-
src/func_ov079_02123f34.c	WEAK-refs-only	ov079				1		None		-
src/func_ov079_02124008.c	WEAK-refs-only	ov079				1		None		-
src/func_ov079_02124188.c	WEAK-refs-only	ov079				1		None		-
src/func_ov079_021243e0.c	WEAK-refs-only	ov079				1		None		-
src/func_ov079_02124530.c	WEAK-refs-only	ov079				1		None		-
src/func_ov079_02124638.c	PURE-C	ov079				1		None		-
src/func_ov079_021246d8.c	PURE-C	ov079				1		None		-
src/func_ov079_021246dc.c	WEAK-refs-only	ov079				1		None		-
src/func_ov079_021249f0.c	WEAK-refs-only	ov079				1		None		-
src/func_ov079_02124b08.c	WEAK-refs-only	ov079				1		None		-
src/func_ov079_02124ed4.c	WEAK-refs-only	ov079				1		None		-
src/func_ov079_0212522c.c	PURE-C	ov079				1		None		-
src/func_ov079_0212538c.c	WEAK-refs-only	ov079				1		None		-
src/func_ov079_021254b4.c	WEAK-refs-only	ov079				1		None		-
src/func_ov079_02125504.c	WEAK-refs-only	ov079				1		None		-
src/func_ov079_021256d4.c	WEAK-refs-only	ov079				1		None		-
src/func_ov079_021258fc.c	WEAK-refs-only	ov079				1		None		-
src/func_ov079_02125b44.c	WEAK-refs-only	ov079				1		None		-
src/func_ov079_02126704.c	WEAK-refs-only	ov079				1		None		-
src/func_ov079_0212682c.c	WEAK-refs-only	ov079				1		None		-
src/func_ov080_02123860.c	WEAK-refs-only	ov080				1		None		-
src/func_ov080_02123c24.c	WEAK-refs-only	ov080				1		None		-
src/func_ov080_02124208.c	WEAK-refs-only	ov080				1		None		-
src/func_ov080_02124360.c	WEAK-refs-only	ov080				1		None		-
src/func_ov080_021243d8.c	PURE-C	ov080				1		None		-
src/func_ov080_02124418.c	PURE-C	ov080				1		None		-
src/func_ov080_02124e60.c	PURE-C	ov080				1		None		-
src/func_ov080_02124eb0.c	WEAK-refs-only	ov080				1		None		-
src/func_ov080_02124fec.c	PURE-C	ov080				1		None		-
src/func_ov080_0212509c.c	WEAK-refs-only	ov080				1		None		-
src/func_ov080_0212513c.c	PURE-C	ov080				1		None		-
src/func_ov080_02125460.c	PURE-C	ov080				1		None		-
src/func_ov080_0212555c.c	PURE-C	ov080				1		None		-
src/func_ov080_021256f8.c	WEAK-refs-only	ov080				1		None		-
src/func_ov080_02125940.c	PURE-C	ov080				1		None		-
src/func_ov080_02125af0.c	PURE-C	ov080				1		None		-
src/func_ov080_02125bb0.c	WEAK-refs-only	ov080				1		None		-
src/func_ov080_02125cd4.c	PURE-C	ov080				1		None		-
src/func_ov080_02125d08.c	WEAK-refs-only	ov080				1		None		-
src/func_ov080_02125d64.c	PURE-C	ov080				1		None		-
src/func_ov080_02125de0.c	PURE-C	ov080				1		None		-
src/func_ov080_02125f00.c	PURE-C	ov080				1		None		-
src/func_ov080_02125fd0.c	PURE-C	ov080				1		None		-
src/func_ov080_02126120.c	PURE-C	ov080				1		None		-
src/func_ov080_02126124.c	PURE-C	ov080				1		None		-
src/func_ov080_021264ec.c	WEAK-refs-only	ov080				1		None		-
src/func_ov080_021265ec.c	PURE-C	ov080				1		None		-
src/func_ov080_0212677c.c	PURE-C	ov080				1		None		-
src/func_ov080_021269b8.c	PURE-C	ov080				1		None		-
src/func_ov080_02126a54.c	PURE-C	ov080				1		None		-
src/func_ov080_02127094.c	PURE-C	ov080				1		None		-
src/func_ov080_021270dc.c	WEAK-refs-only	ov080				1		None		-
src/func_ov080_0212714c.c	WEAK-refs-only	ov080				1		None		-
src/func_ov080_021274ac.c	WEAK-refs-only	ov080				1		None		-
src/func_ov080_0212758c.c	PURE-C	ov080				1		None		-
src/func_ov080_02127658.c	PURE-C	ov080				1		None		-
src/func_ov081_02124134.c	WEAK-refs-only	ov081				1		None		-
src/func_ov081_0212423c.c	WEAK-refs-only	ov081				1		None		-
src/func_ov081_021245e8.c	PURE-C	ov081				1		None		-
src/func_ov081_021246a0.c	WEAK-refs-only	ov081				1		None		-
src/func_ov081_02124894.c	WEAK-refs-only	ov081				1		None		-
src/func_ov081_0212498c.c	WEAK-refs-only	ov081				1		None		-
src/func_ov081_021249f4.c	WEAK-refs-only	ov081				1		None		-
src/func_ov081_02124b08.c	WEAK-refs-only	ov081				1		None		-
src/func_ov081_02124dfc.c	WEAK-refs-only	ov081				1		None		-
src/func_ov081_02124e64.c	PURE-C	ov081				1		None		-
src/func_ov081_02124ec0.c	WEAK-refs-only	ov081				1		None		-
src/func_ov081_02124f7c.c	WEAK-refs-only	ov081				1		None		-
src/func_ov081_021250c8.c	WEAK-refs-only	ov081				1		None		-
src/func_ov081_02125200.c	PURE-C	ov081				1		None		-
src/func_ov081_02125208.c	WEAK-refs-only	ov081				1		None		-
src/func_ov081_0212538c.c	WEAK-refs-only	ov081				1		None		-
src/func_ov081_02125fb8.c	WEAK-refs-only	ov081				1		None		-
src/func_ov081_021261b8.c	P2-vtable-only	ov081	daSnowman_c	daSnowman_c	vtable daSnowman_c slot 31 @0x21261b8	1		False		no-header:daSnowman_c
src/func_ov081_02126224.c	PURE-C	ov081				1		None		-
src/func_ov081_021265c8.c	WEAK-refs-only	ov081				1		None		-
src/func_ov081_02126d64.c	WEAK-refs-only	ov081				1		None		-
src/func_ov081_02126e28.c	WEAK-refs-only	ov081				1		None		-
src/func_ov081_02127044.c	WEAK-refs-only	ov081				1		None		-
src/func_ov081_02127134.c	WEAK-refs-only	ov081				1		None		-
src/func_ov081_02127188.c	WEAK-refs-only	ov081				1		None		-
src/func_ov081_021271e8.c	WEAK-refs-only	ov081				1		None		-
src/func_ov081_02127398.c	WEAK-refs-only	ov081				1		None		-
src/func_ov081_021273e8.c	WEAK-refs-only	ov081				1		None		-
src/func_ov081_02127558.c	WEAK-refs-only	ov081				1		None		-
src/func_ov081_0212777c.c	PURE-C	ov081				1		None		-
src/func_ov084_021290d4.c	PURE-C	ov084				1		None		-
src/func_ov084_0212934c.c	WEAK-refs-only	ov084				1		None		-
src/func_ov084_02129498.c	WEAK-refs-only	ov084				1		None		-
src/func_ov084_021296b0.c	PURE-C	ov084				1		None		-
src/func_ov084_021296cc.c	WEAK-refs-only	ov084				1		None		-
src/func_ov084_02129864.c	WEAK-refs-only	ov084				1		None		-
src/func_ov084_02129a00.c	WEAK-refs-only	ov084				1		None		-
src/func_ov084_02129c9c.c	WEAK-refs-only	ov084				1		None		-
src/func_ov084_02129cf4.c	WEAK-refs-only	ov084				1		None		-
src/func_ov084_02129ed4.c	WEAK-refs-only	ov084				1		None		-
src/func_ov084_0212a6f8.c	WEAK-refs-only	ov084				1		None		-
src/func_ov084_0212a774.c	WEAK-refs-only	ov084				1		None		-
src/func_ov084_0212ab48.c	PURE-C	ov084				1		None		-
src/func_ov084_0212abd4.c	WEAK-refs-only	ov084				1		None		-
src/func_ov084_0212af74.c	WEAK-refs-only	ov084				1		None		-
src/func_ov084_0212b2dc.c	PURE-C	ov084				1		None		-
src/func_ov084_0212c1a0.c	WEAK-refs-only	ov084				1		None		-
src/func_ov084_0212c4a0.c	WEAK-refs-only	ov084				1		None		-
src/func_ov084_0212c89c.c	PURE-C	ov084				1		None		-
src/func_ov084_0212c9f0.c	WEAK-refs-only	ov084				1		None		-
src/func_ov084_0212ca60.c	PURE-C	ov084				1		None		-
src/func_ov084_0212caa8.c	PURE-C	ov084				1		None		-
src/func_ov084_0212cac0.c	PURE-C	ov084				1		None		-
src/func_ov084_0212cae0.c	WEAK-refs-only	ov084				1		None		-
src/func_ov084_0212cda0.c	WEAK-refs-only	ov084				1		None		-
src/func_ov084_0212d2dc.c	WEAK-refs-only	ov084				1		None		-
src/func_ov084_0212d42c.c	WEAK-refs-only	ov084				1		None		-
src/func_ov084_0212d560.c	PURE-C	ov084				1		None		-
src/func_ov084_0212d86c.c	WEAK-refs-only	ov084				1		None		-
src/func_ov084_0212dc30.c	WEAK-refs-only	ov084				1		None		-
src/func_ov084_0212ddbc.c	WEAK-refs-only	ov084				1		None		-
src/func_ov084_0212e4e0.c	WEAK-refs-only	ov084				1		None		-
src/func_ov084_0212ebb4.c	WEAK-refs-only	ov084				1		None		-
src/func_ov084_0212ec04.c	WEAK-refs-only	ov084				1		None		-
src/func_ov084_0212ec60.c	PURE-C	ov084				1		None		-
src/func_ov084_0212ef00.c	WEAK-refs-only	ov084				1		None		-
src/func_ov084_0212f1d0.c	PURE-C	ov084				1		None		-
src/func_ov084_0212f204.c	WEAK-refs-only	ov084				1		None		-
src/func_ov084_0212f298.c	PURE-C	ov084				1		None		-
src/func_ov084_0212f2dc.c	WEAK-refs-only	ov084				1		None		-
src/func_ov084_0212f6d8.c	WEAK-refs-only	ov084				1		None		-
src/func_ov084_0212fa7c.c	WEAK-refs-only	ov084				1		None		-
src/func_ov084_0212fc10.c	WEAK-refs-only	ov084				1		None		-
src/func_ov085_021290b4.c	PURE-C	ov085				1		None		-
src/func_ov085_021291ac.c	WEAK-refs-only	ov085				1		None		-
src/func_ov085_021295bc.c	WEAK-refs-only	ov085				1		None		-
src/func_ov085_02129f8c.c	WEAK-refs-only	ov085				1		None		-
src/func_ov085_0212a0b8.c	WEAK-refs-only	ov085				1		None		-
src/func_ov085_0212a0e8.c	WEAK-refs-only	ov085				1		None		-
src/func_ov085_0212a148.c	PURE-C	ov085				1		None		-
src/func_ov085_0212a150.c	WEAK-refs-only	ov085				1		None		-
src/func_ov085_0212a19c.c	WEAK-refs-only	ov085				1		None		-
src/func_ov085_0212a1d4.c	WEAK-refs-only	ov085				1		None		-
src/func_ov085_0212a220.c	WEAK-refs-only	ov085				1		None		-
src/func_ov085_0212a328.c	WEAK-refs-only	ov085				1		None		-
src/func_ov085_0212a3ec.c	WEAK-refs-only	ov085				1		None		-
src/func_ov085_0212a4a4.c	PURE-C	ov085				1		None		-
src/func_ov085_0212a788.c	WEAK-refs-only	ov085				1		None		-
src/func_ov085_0212a904.c	WEAK-refs-only	ov085				1		None		-
src/func_ov085_0212aaa4.c	WEAK-refs-only	ov085				1		None		-
src/func_ov085_0212aaec.c	WEAK-refs-only	ov085				1		None		-
src/func_ov085_0212ac3c.c	PURE-C	ov085				1		None		-
src/func_ov085_0212ac4c.c	WEAK-refs-only	ov085				1		None		-
src/func_ov085_0212ad8c.c	WEAK-refs-only	ov085				1		None		-
src/func_ov085_0212ae08.c	WEAK-refs-only	ov085				1		None		-
src/func_ov085_0212b3fc.c	WEAK-refs-only	ov085				1		None		-
src/func_ov085_0212b444.c	WEAK-refs-only	ov085				1		None		-
src/func_ov085_0212b478.c	WEAK-refs-only	ov085				1		None		-
src/func_ov085_0212b4b4.c	WEAK-refs-only	ov085				1		None		-
src/func_ov085_0212b86c.c	WEAK-refs-only	ov085				1		None		-
src/func_ov085_0212b8a0.c	WEAK-refs-only	ov085				1		None		-
src/func_ov085_0212bc14.c	WEAK-refs-only	ov085				1		None		-
src/func_ov085_0212bcc8.c	WEAK-refs-only	ov085				1		None		-
src/func_ov085_0212cd80.c	WEAK-refs-only	ov085				1		None		-
src/func_ov085_0212d038.c	WEAK-refs-only	ov085				1		None		-
src/func_ov085_0212d108.c	WEAK-refs-only	ov085				1		None		-
src/func_ov085_0212d24c.c	PURE-C	ov085				1		None		-
src/func_ov085_0212d724.c	PURE-C	ov085				1		None		-
src/func_ov085_0212d73c.c	WEAK-refs-only	ov085				1		None		-
src/func_ov085_0212d8ec.c	WEAK-refs-only	ov085				1		None		-
src/func_ov085_0212d9b8.c	WEAK-refs-only	ov085				1		None		-
src/func_ov085_0212dbdc.c	WEAK-refs-only	ov085				1		None		-
src/func_ov085_0212dcfc.c	PURE-C	ov085				1		None		-
src/func_ov085_0212e180.c	PURE-C	ov085				1		None		-
src/func_ov085_0212e19c.c	WEAK-refs-only	ov085				1		None		-
src/func_ov085_0212e2ec.c	PURE-C	ov085				1		None		-
src/func_ov085_0212e480.c	PURE-C	ov085				1		None		-
src/func_ov085_0212e4a4.c	WEAK-refs-only	ov085				1		None		-
src/func_ov085_0212e59c.c	PURE-C	ov085				1		None		-
src/func_ov085_0212e5ac.c	WEAK-refs-only	ov085				1		None		-
src/func_ov085_0212e720.c	PURE-C	ov085				1		None		-
src/func_ov085_0212e858.c	WEAK-refs-only	ov085				1		None		-
src/func_ov089_02130fb4.c	WEAK-refs-only	ov089				1		None		-
src/func_ov089_021311c0.c	WEAK-refs-only	ov089				1		None		-
src/func_ov089_0213162c.c	WEAK-refs-only	ov089				1		None		-
src/func_ov089_02131b18.c	WEAK-refs-only	ov089				1		None		-
src/func_ov089_02131dcc.c	WEAK-refs-only	ov089				1		None		-
src/func_ov089_02131df4.c	WEAK-refs-only	ov089				1		None		-
src/func_ov090_02130f94.c	WEAK-refs-only	ov090				1		None		-
src/func_ov090_021310b4.c	WEAK-refs-only	ov090				1		None		-
src/func_ov090_02131584.c	PURE-C	ov090				1		None		-
src/func_ov090_02131c48.c	WEAK-refs-only	ov090				1		None		-
src/func_ov090_02131db0.c	WEAK-refs-only	ov090				1		None		-
src/func_ov090_02131e50.c	PURE-C	ov090				1		None		-
src/func_ov090_02132b14.c	PURE-C	ov090				1		None		-
src/func_ov090_02133190.c	PURE-C	ov090				1		None		-
src/func_ov090_021331c4.c	PURE-C	ov090				1		None		-
src/func_ov090_02133200.c	PURE-C	ov090				1		None		-
src/func_ov090_02133290.c	PURE-C	ov090				1		None		-
src/func_ov090_02133338.c	PURE-C	ov090				1		None		-
src/func_ov090_02133830.c	P2-vtable-only	ov090	daPukupuku_c	daPukupuku_c	vtable daPukupuku_c slot 33 @0x2133830	1		False		no-header:daPukupuku_c
src/func_ov090_0213387c.c	P2-vtable-only	ov090	daPukupuku_c	daPukupuku_c	vtable daPukupuku_c slot 31 @0x213387c	1		False		no-header:daPukupuku_c
src/func_ov090_02133904.c	PURE-C	ov090				1		None		-
src/func_ov091_02131160.c	WEAK-refs-only	ov091				1		None		-
src/func_ov091_02131340.c	PURE-C	ov091				1		None		-
src/func_ov091_02131cb0.c	WEAK-refs-only	ov091				1		None		-
src/func_ov091_02131db8.c	WEAK-refs-only	ov091				1		None		-
src/func_ov091_02131ef0.c	WEAK-refs-only	ov091				1		None		-
src/func_ov091_02131f9c.c	WEAK-refs-only	ov091				1		None		-
src/func_ov091_02132000.c	PURE-C	ov091				1		None		-
src/func_ov091_02132380.c	PURE-C	ov091				1		None		-
src/func_ov091_02132e64.c	PURE-C	ov091				1		None		-
src/func_ov091_02132e98.c	PURE-C	ov091				1		None		-
src/func_ov091_02132ff4.c	PURE-C	ov091				1		None		-
src/func_ov091_02133020.c	PURE-C	ov091				1		None		-
src/func_ov091_02133498.c	PURE-C	ov091				1		None		-
src/func_ov091_021339fc.c	WEAK-refs-only	ov091				1		None		-
src/func_ov091_02133d1c.c	PURE-C	ov091				1		None		-
src/func_ov091_02133f24.c	WEAK-refs-only	ov091				1		None		-
src/func_ov091_02133f60.c	WEAK-refs-only	ov091				1		None		-
src/func_ov091_0213400c.c	WEAK-refs-only	ov091				1		None		-
src/func_ov091_02134094.c	PURE-C	ov091				1		None		-
src/func_ov092_02130fcc.c	WEAK-refs-only	ov092				1		None		-
src/func_ov092_021314d0.c	PURE-C	ov092				1		None		-
src/func_ov092_02131578.c	PURE-C	ov092				1		None		-
src/func_ov092_021315ac.c	WEAK-refs-only	ov092				1		None		-
src/func_ov092_02131620.c	PURE-C	ov092				1		None		-
src/func_ov092_02131650.c	PURE-C	ov092				1		None		-
src/func_ov092_02131680.c	PURE-C	ov092				1		None		-
src/func_ov092_021316b0.c	PURE-C	ov092				1		None		-
src/func_ov092_021316d8.c	PURE-C	ov092				1		None		-
src/func_ov092_02131878.c	PURE-C	ov092				1		None		-
src/func_ov094_021357a4.c	WEAK-refs-only	ov094				1		None		-
src/func_ov094_02135c28.c	WEAK-refs-only	ov094				1		None		-
src/func_ov094_02135fe0.c	WEAK-refs-only	ov094				1		None		-
src/func_ov094_02136150.c	WEAK-refs-only	ov094				1		None		-
src/func_ov094_021361d8.c	WEAK-refs-only	ov094				1		None		-
src/func_ov094_021362e0.c	PURE-C	ov094				1		None		-
src/func_ov095_0213579c.c	PURE-C	ov095				1		None		-
src/func_ov095_021358cc.c	PURE-C	ov095				1		None		-
src/func_ov095_0213597c.c	PURE-C	ov095				1		None		-
src/func_ov095_02135cdc.c	PURE-C	ov095				1		None		-
src/func_ov095_02135e90.c	PURE-C	ov095				1		None		-
src/func_ov095_02136178.c	WEAK-refs-only	ov095				1		None		-
src/func_ov095_02136368.c	PURE-C	ov095				1		None		-
src/func_ov095_02136788.c	PURE-C	ov095				1		None		-
src/func_ov096_021357b4.c	PURE-C	ov096				1		None		-
src/func_ov096_02135838.c	PURE-C	ov096				1		None		-
src/func_ov096_0213585c.c	WEAK-refs-only	ov096				1		None		-
src/func_ov096_02136264.c	WEAK-refs-only	ov096				1		None		-
src/func_ov096_021363b4.c	PURE-C	ov096				1		None		-
src/func_ov096_021363c4.c	PURE-C	ov096				1		None		-
src/func_ov096_0213640c.c	PURE-C	ov096				1		None		-
src/func_ov096_021365d4.c	WEAK-refs-only	ov096				1		None		-
src/func_ov096_0213670c.c	PURE-C	ov096				1		None		-
src/func_ov096_02136754.c	WEAK-refs-only	ov096				1		None		-
src/func_ov096_021368a4.c	PURE-C	ov096				1		None		-
src/func_ov096_02136928.c	PURE-C	ov096				1		None		-
src/func_ov096_02136e54.c	PURE-C	ov096				1		None		-
src/func_ov096_02136fd4.c	WEAK-refs-only	ov096				1		None		-
src/func_ov098_02137c8c.c	PURE-C	ov098				1		None		-
src/func_ov098_021381e8.c	WEAK-refs-only	ov098				1		None		-
src/func_ov098_02138238.c	WEAK-refs-only	ov098				1		None		-
src/func_ov098_02138318.c	PURE-C	ov098				1		None		-
src/func_ov098_02138484.c	PURE-C	ov098				1		None		-
src/func_ov098_021385e0.c	PURE-C	ov098				1		None		-
src/func_ov098_02138818.c	PURE-C	ov098				1		None		-
src/func_ov098_021389cc.c	PURE-C	ov098				1		None		-
src/func_ov098_02138b18.c	PURE-C	ov098				1		None		-
src/func_ov098_02138bfc.c	WEAK-refs-only	ov098				1		None		-
src/func_ov098_02138ce0.c	WEAK-refs-only	ov098				1		None		-
src/func_ov098_02138e08.c	WEAK-refs-only	ov098				1		None		-
src/func_ov098_02139850.c	WEAK-refs-only	ov098				1		None		-
src/func_ov098_0213a0e8.c	WEAK-refs-only	ov098				1		None		-
src/func_ov098_0213a148.c	PURE-C	ov098				1		None		-
src/func_ov098_0213a23c.c	PURE-C	ov098				1		None		-
src/func_ov098_0213a2cc.c	WEAK-refs-only	ov098				1		None		-
src/func_ov098_0213a8e0.c	PURE-C	ov098				1		None		-
src/func_ov098_0213a8ec.c	PURE-C	ov098				1		None		-
src/func_ov098_0213a984.c	PURE-C	ov098				1		None		-
src/func_ov098_0213aa28.c	WEAK-refs-only	ov098				1		None		-
src/func_ov098_0213ad08.c	WEAK-refs-only	ov098				1		None		-
src/func_ov098_0213ade8.c	WEAK-refs-only	ov098				1		None		-
src/func_ov098_0213b520.c	PURE-C	ov098				1		None		-
src/func_ov098_0213b584.c	WEAK-refs-only	ov098				1		None		-
src/func_ov098_0213b7e8.c	WEAK-refs-only	ov098				1		None		-
src/func_ov100_021412d8.c	WEAK-refs-only	ov100				1		None		-
src/func_ov100_02141470.c	WEAK-refs-only	ov100				1		None		-
src/func_ov100_021415bc.c	WEAK-refs-only	ov100				1		None		-
src/func_ov100_02141848.c	WEAK-refs-only	ov100				1		None		-
src/func_ov100_021424c0.c	WEAK-refs-only	ov100				1		None		-
src/func_ov100_02142b90.c	WEAK-refs-only	ov100				1		None		-
src/func_ov100_0214344c.c	WEAK-refs-only	ov100				1		None		-
src/func_ov100_021437d4.c	WEAK-refs-only	ov100				1		None		-
src/func_ov100_02143aa4.c	P2-vtable-only	ov100	daIbl_c	daIbl_c	vtable daIbl_c slot 31 @0x2143aa4	1		False		no-header:daIbl_c
src/func_ov100_02143ae0.c	P2-vtable-only	ov100	daIbl_c	daIbl_c	vtable daIbl_c slot 33 @0x2143ae0	1		False		no-header:daIbl_c
src/func_ov100_02144468.c	WEAK-refs-only	ov100				1		None		-
src/func_ov100_021444e8.c	PURE-C	ov100				1		None		-
src/func_ov100_02144528.c	WEAK-refs-only	ov100				1		None		-
src/func_ov100_021446f8.c	WEAK-refs-only	ov100				1		None		-
src/func_ov100_0214491c.c	WEAK-refs-only	ov100				1		None		-
src/func_ov100_02144950.c	PURE-C	ov100				1		None		-
src/func_ov100_02144a38.c	WEAK-refs-only	ov100				1		None		-
src/func_ov100_02144c64.c	PURE-C	ov100				1		None		-
src/func_ov100_02144c6c.c	WEAK-refs-only	ov100				1		None		-
src/func_ov100_02144ccc.c	PURE-C	ov100				1		None		-
src/func_ov100_02144cf8.c	WEAK-refs-only	ov100				1		None		-
src/func_ov100_02144f84.c	PURE-C	ov100				1		None		-
src/func_ov100_02145014.c	WEAK-refs-only	ov100				1		None		-
src/func_ov100_02145070.c	PURE-C	ov100				1		None		-
src/func_ov100_02145080.c	WEAK-refs-only	ov100				1		None		-
src/func_ov100_02145170.c	PURE-C	ov100				1		None		-
src/func_ov100_021452e4.c	PURE-C	ov100				1		None		-
src/func_ov100_02145370.c	PURE-C	ov100				1		None		-
src/func_ov100_02145948.c	PURE-C	ov100				1		None		-
src/func_ov100_02145b7c.c	WEAK-refs-only	ov100				1		None		-
src/func_ov100_02145b9c.c	WEAK-refs-only	ov100				1		None		-
src/func_ov100_02145c2c.c	PURE-C	ov100				1		None		-
src/func_ov100_02145c58.c	WEAK-refs-only	ov100				1		None		-
src/func_ov100_02145e10.c	WEAK-refs-only	ov100				1		None		-
src/func_ov100_02145e74.c	PURE-C	ov100				1		None		-
src/func_ov100_02145f00.c	PURE-C	ov100				1		None		-
src/func_ov100_02146280.c	PURE-C	ov100				1		None		-
src/func_ov100_0214639c.c	PURE-C	ov100				1		None		-
src/func_ov100_02146468.c	WEAK-refs-only	ov100				1		None		-
src/func_ov100_02146640.c	WEAK-refs-only	ov100				1		None		-
src/func_ov100_021467d4.c	PURE-C	ov100				1		None		-
src/func_ov100_02146828.c	WEAK-refs-only	ov100				1		None		-
src/func_ov100_02146e70.c	WEAK-refs-only	ov100				1		None		-
src/func_ov100_0214700c.c	PURE-C	ov100				1		None		-
src/func_ov102_02149078.c	WEAK-refs-only	ov102				1		None		-
src/func_ov102_02149100.c	WEAK-refs-only	ov102				1		None		-
src/func_ov102_021492d4.c	WEAK-refs-only	ov102				1		None		-
src/func_ov102_02149428.c	WEAK-refs-only	ov102				1		None		-
src/func_ov102_02149478.c	WEAK-refs-only	ov102				1		None		-
src/func_ov102_021494cc.c	WEAK-refs-only	ov102				1		None		-
src/func_ov102_0214953c.c	WEAK-refs-only	ov102				1		None		-
src/func_ov102_02149684.c	PURE-C	ov102				1		None		-
src/func_ov102_02149878.c	WEAK-refs-only	ov102				1		None		-
src/func_ov102_021498c4.c	PURE-C	ov102				1		None		-
src/func_ov102_02149c78.c	WEAK-refs-only	ov102				1		None		-
src/func_ov102_02149d80.c	PURE-C	ov102				1		None		-
src/func_ov102_02149ea4.c	WEAK-refs-only	ov102				1		None		-
src/func_ov102_02149ff0.c	PURE-C	ov102				1		None		-
src/func_ov102_0214ab1c.c	WEAK-refs-only	ov102				1		None		-
src/func_ov102_0214ad14.c	WEAK-refs-only	ov102				1		None		-
src/func_ov102_0214ad40.c	PURE-C	ov102				1		None		-
src/func_ov102_0214ae1c.c	WEAK-refs-only	ov102				1		None		-
src/func_ov102_0214b384.c	PURE-C	ov102				1		None		-
src/func_ov102_0214b3b8.c	PURE-C	ov102				1		None		-
src/func_ov102_0214b3f0.c	PURE-C	ov102				1		None		-
src/func_ov102_0214b53c.c	WEAK-refs-only	ov102				1		None		-
src/func_ov102_0214baa0.c	WEAK-refs-only	ov102				1		None		-
src/func_ov102_0214bbd8.c	WEAK-refs-only	ov102				1		None		-
src/func_ov102_0214bc20.c	WEAK-refs-only	ov102				1		None		-
src/func_ov102_0214bcc8.c	WEAK-refs-only	ov102				1		None		-
src/func_ov102_0214bd90.c	WEAK-refs-only	ov102				1		None		-
src/func_ov102_0214beb4.c	PURE-C	ov102				1		None		-
src/func_ov102_0214c0b8.c	WEAK-refs-only	ov102				1		None		-
src/func_ov102_0214c84c.c	WEAK-refs-only	ov102				1		None		-
src/func_ov102_0214d020.c	PURE-C	ov102				1		None		-
src/func_ov102_0214d114.c	WEAK-refs-only	ov102				1		None		-
src/func_ov102_0214d1b0.c	PURE-C	ov102				1		None		-
src/func_ov102_0214d1b8.c	PURE-C	ov102				1		None		-
src/main.c	WEAK-refs-only	arm9				1		None		-
src/nds_print.c	PURE-C	arm9				1		None		-
src/nds_printf.c	PURE-C	arm9				1		None		-
src/nds_printt.c	WEAK-refs-only	arm9				1		None		-
src/unnamed/ov063/__sinit_ov063_0211e29c.c	WEAK-refs-only	ov063				0		None		extra-sections:init
src/unnamed/ov063/__sinit_ov063_0211e3cc.c	PURE-C	ov063				0		None		extra-sections:init
src/unnamed/ov063/__sinit_ov063_0211e590.c	PURE-C	ov063				0		None		extra-sections:init
src/unnamed/ov063/func_ov063_021160d4.c	PURE-C	ov063				1		None		-
src/unnamed/ov063/func_ov063_02116190.c	WEAK-refs-only	ov063				1		None		-
src/unnamed/ov063/func_ov063_02116244.c	WEAK-refs-only	ov063				1		None		-
src/unnamed/ov063/func_ov063_021163d0.c	WEAK-refs-only	ov063				1		None		-
src/unnamed/ov063/func_ov063_0211640c.c	WEAK-refs-only	ov063				1		None		-
src/unnamed/ov063/func_ov063_02116a1c.c	WEAK-refs-only	ov063				1		None		-
src/unnamed/ov063/func_ov063_02116bf0.c	PURE-C	ov063				1		None		-
src/unnamed/ov063/func_ov063_02116bf4.c	WEAK-refs-only	ov063				1		None		-
src/unnamed/ov063/func_ov063_02116d38.c	PURE-C	ov063				1		None		-
src/unnamed/ov063/func_ov063_02116d98.c	PURE-C	ov063				1		None		-
src/unnamed/ov063/func_ov063_02116dbc.c	WEAK-refs-only	ov063				1		None		-
src/unnamed/ov063/func_ov063_02116df0.c	PURE-C	ov063				1		None		-
src/unnamed/ov063/func_ov063_02116fac.c	WEAK-refs-only	ov063				1		None		-
src/unnamed/ov063/func_ov063_021172a8.c	PURE-C	ov063				1		None		-
src/unnamed/ov063/func_ov063_02117364.c	WEAK-refs-only	ov063				1		None		-
src/unnamed/ov063/func_ov063_02117650.c	WEAK-refs-only	ov063				1		None		-
src/unnamed/ov063/func_ov063_021177b0.c	WEAK-refs-only	ov063				1		None		-
src/unnamed/ov063/func_ov063_02117b0c.c	WEAK-refs-only	ov063				1		None		-
src/unnamed/ov063/func_ov063_02118458.c	WEAK-refs-only	ov063				1		None		-
src/unnamed/ov063/func_ov063_0211873c.c	WEAK-refs-only	ov063				1		None		-
src/unnamed/ov063/func_ov063_02118914.c	PURE-C	ov063				1		None		-
src/unnamed/ov063/func_ov063_021189f4.c	WEAK-refs-only	ov063				1		None		-
src/unnamed/ov063/func_ov063_02118b2c.c	PURE-C	ov063				1		None		-
src/unnamed/ov063/func_ov063_02118b98.c	WEAK-refs-only	ov063				1		None		-
src/unnamed/ov063/func_ov063_02118cd8.c	PURE-C	ov063				1		None		-
src/unnamed/ov063/func_ov063_02118e5c.c	WEAK-refs-only	ov063				1		None		-
src/unnamed/ov063/func_ov063_02118ea0.c	PURE-C	ov063				1		None		-
src/unnamed/ov063/func_ov063_02118eac.c	WEAK-refs-only	ov063				1		None		-
src/unnamed/ov063/func_ov063_02118f24.c	WEAK-refs-only	ov063				1		None		-
src/unnamed/ov063/func_ov063_02118f50.c	PURE-C	ov063				1		None		-
src/unnamed/ov063/func_ov063_02118f74.c	PURE-C	ov063				1		None		-
src/unnamed/ov063/func_ov063_02119074.c	WEAK-refs-only	ov063				1		None		-
src/unnamed/ov063/func_ov063_02119274.c	PURE-C	ov063				1		None		-
src/unnamed/ov063/func_ov063_021192d4.c	WEAK-refs-only	ov063				1		None		-
src/unnamed/ov063/func_ov063_02119870.c	PURE-C	ov063				1		None		-
src/unnamed/ov063/func_ov063_02119894.c	PURE-C	ov063				1		None		-
src/unnamed/ov063/func_ov063_02119960.c	PURE-C	ov063				1		None		-
src/unnamed/ov063/func_ov063_02119a2c.c	PURE-C	ov063				1		None		-
src/unnamed/ov063/func_ov063_02119a50.c	PURE-C	ov063				1		None		-
src/unnamed/ov063/func_ov063_02119ab0.c	PURE-C	ov063				1		None		-
src/unnamed/ov063/func_ov063_02119b1c.c	PURE-C	ov063				1		None		-
src/unnamed/ov063/func_ov063_02119b84.c	PURE-C	ov063				1		None		-
src/unnamed/ov063/func_ov063_02119bb0.c	PURE-C	ov063				1		None		-
src/unnamed/ov063/func_ov063_02119c18.c	WEAK-refs-only	ov063				1		None		-
src/unnamed/ov063/func_ov063_02119cc0.c	WEAK-refs-only	ov063				1		None		-
src/unnamed/ov063/func_ov063_02119e38.c	WEAK-refs-only	ov063				1		None		-
src/unnamed/ov063/func_ov063_0211a030.c	PURE-C	ov063				1		None		-
src/unnamed/ov063/func_ov063_0211a0a8.c	PURE-C	ov063				1		None		-
src/unnamed/ov063/func_ov063_0211a564.c	PURE-C	ov063				1		None		-
src/unnamed/ov063/func_ov063_0211a634.c	PURE-C	ov063				1		None		-
src/unnamed/ov063/func_ov063_0211a6f0.c	PURE-C	ov063				1		None		-
src/unnamed/ov063/func_ov063_0211a718.c	PURE-C	ov063				1		None		-
src/unnamed/ov063/func_ov063_0211a76c.c	PURE-C	ov063				1		None		-
src/unnamed/ov063/func_ov063_0211a810.c	PURE-C	ov063				1		None		-
src/unnamed/ov063/func_ov063_0211a960.c	PURE-C	ov063				1		None		-
src/unnamed/ov063/func_ov063_0211a964.c	PURE-C	ov063				1		None		-
src/unnamed/ov063/func_ov063_0211aa34.c	WEAK-refs-only	ov063				1		None		-
src/unnamed/ov063/func_ov063_0211ab68.c	WEAK-refs-only	ov063				1		None		-
src/unnamed/ov063/func_ov063_0211ad00.c	PURE-C	ov063				1		None		-
src/unnamed/ov063/func_ov063_0211adb4.c	PURE-C	ov063				1		None		-
src/unnamed/ov063/func_ov063_0211adfc.c	PURE-C	ov063				1		None		-
src/unnamed/ov063/func_ov063_0211c684.c	PURE-C	ov063				1		None		-
src/unnamed/ov063/func_ov063_0211c770.c	PURE-C	ov063				1		None		-
src/unnamed/ov063/func_ov063_0211c7b0.c	WEAK-refs-only	ov063				1		None		-
src/unnamed/ov063/func_ov063_0211c82c.c	PURE-C	ov063				1		None		-
src/unnamed/ov063/func_ov063_0211c89c.c	WEAK-refs-only	ov063				1		None		-
src/unnamed/ov063/func_ov063_0211cae8.c	PURE-C	ov063				1		None		-
src/unnamed/ov063/func_ov063_0211cb54.c	PURE-C	ov063				1		None		-
src/unnamed/ov063/func_ov063_0211cc18.c	WEAK-refs-only	ov063				1		None		-
src/unnamed/ov063/func_ov063_0211d28c.c	PURE-C	ov063				1		None		-
src/unnamed/ov063/func_ov063_0211d5f4.c	WEAK-refs-only	ov063				1		None		-
src/unnamed/ov063/func_ov063_0211d88c.c	PURE-C	ov063				1		None		-
src/unnamed/ov063/func_ov063_0211dba4.c	PURE-C	ov063				1		None		-
src/unnamed/ov063/func_ov063_0211dbb8.c	WEAK-refs-only	ov063				1		None		-
src/unnamed/ov063/func_ov063_0211dd78.c	PURE-C	ov063				1		None		-
src/unnamed/ov063/func_ov063_0211dd84.c	PURE-C	ov063				1		None		-
