module	addr	old	new	why
arm9	0x0200e444	Camera_Spawn	dCamera_c_classInit	reconstructed classInit; ROM RTTI+factory shape+unique class factory+later EAD lineage; exact SM64DS spelling not preserved
arm9	0x020352b4	func_020352b4	dScMB_c_classInit	reconstructed classInit; ROM RTTI+factory shape+unique class factory+later EAD lineage; exact SM64DS spelling not preserved
arm9	0x02086d78	data_02086d78	Camera_SpawnInfo	spawninfo
arm9	0x02086d78	Camera_SpawnInfo	g_profile_CAMERA	reconstructed profile global; literal ROM ID CAMERA+registry role+later EAD lineage; exact SM64DS spelling not preserved
arm9	0x02092680	data_02092680	_ZTV8dScene_c	vtable alloc=? (was _ZTV5Stage)
arm9	0x02023624	func_02023624	dScBoot_c_classInit	reconstructed classInit; ROM RTTI+factory shape+unique class factory+later EAD lineage; exact SM64DS spelling not preserved
arm9	0x020914a8	data_020914a8	g_profile_BOOT	reconstructed profile global; literal ROM ID BOOT+registry role+later EAD lineage; exact SM64DS spelling not preserved
arm9	0x0202e088	Stage_Spawn	dScStage_c_classInit	reconstructed classInit; ROM RTTI+factory shape+unique class factory+later EAD lineage; exact SM64DS spelling not preserved
arm9	0x0209213c	_ZN5Stage9spawnDataE	g_profile_STAGE	reconstructed profile global; literal ROM ID STAGE+registry role+later EAD lineage; exact SM64DS spelling not preserved
arm9	0x0209435c	data_0209435c	g_profile_MULTIBOOT	reconstructed profile global; literal ROM ID MULTIBOOT+registry role+later EAD lineage; exact SM64DS spelling not preserved
ov002	0x020aee40	func_ov002_020aee40	_ZN13OneUpMushroomD1Ev	vtable slot 16
ov002	0x020aee88	func_ov002_020aee88	_ZN13OneUpMushroomD0Ev	vtable slot 17
ov002	0x020affe8	func_ov002_020affe8	_ZN13OneUpMushroom16CleanupResourcesEv	vtable slot 3
ov002	0x020b006c	func_ov002_020b006c	_ZN13OneUpMushroom16OnPendingDestroyEv	vtable slot 12
ov002	0x020b0070	func_ov002_020b0070	_ZN13OneUpMushroom6RenderEv	vtable slot 9
ov002	0x020b00e8	func_ov002_020b00e8	_ZN13OneUpMushroom8BehaviorEv	vtable slot 6
ov002	0x020b01c0	func_ov002_020b01c0	_ZN13OneUpMushroom13InitResourcesEv	vtable slot 0
ov002	0x020b0530	func_ov002_020b0530	MegaMushroom_Spawn	spawnfunc
ov002	0x020b0530	MegaMushroom_Spawn	da1up_c_classInit_SCALEUP_KINOKO	reconstructed classInit; ROM RTTI+factory shape+unique class factory+later EAD lineage; exact SM64DS spelling not preserved
ov002	0x020b0580	func_ov002_020b0580	OneUpMushroom_Spawn	spawnfunc
ov002	0x020b0580	OneUpMushroom_Spawn	da1up_c_classInit_ONEUPKINOKO	reconstructed classInit; ROM RTTI+factory shape+unique class factory+later EAD lineage; exact SM64DS spelling not preserved
ov002	0x020b05d0	func_ov002_020b05d0	_ZN7daBar_cD1Ev	vtable slot 16
ov002	0x020b0600	func_ov002_020b0600	_ZN7daBar_cD0Ev	vtable slot 17
ov002	0x020b0644	func_ov002_020b0644	_ZN7daBar_c16CleanupResourcesEv	vtable slot 3
ov002	0x020b064c	func_ov002_020b064c	_ZN7daBar_c16OnPendingDestroyEv	vtable slot 12
ov002	0x020b0650	func_ov002_020b0650	_ZN7daBar_c6RenderEv	vtable slot 9
ov002	0x020b0658	func_ov002_020b0658	_ZN7daBar_c8BehaviorEv	vtable slot 6
ov002	0x020b067c	func_ov002_020b067c	_ZN7daBar_c13InitResourcesEv	vtable slot 0
ov002	0x020b0710	func_ov002_020b0710	InvisiblePole_Spawn	spawnfunc
ov002	0x020b0710	InvisiblePole_Spawn	daBar_c_classInit	reconstructed classInit; ROM RTTI+factory shape+unique class factory+later EAD lineage; exact SM64DS spelling not preserved
ov002	0x020b07c8	func_ov002_020b07c8	daCamTag_c_Spawn	spawnfunc
ov002	0x020b07c8	daCamTag_c_Spawn	daCamTag_c_classInit	reconstructed classInit; ROM RTTI+factory shape+unique class factory+later EAD lineage; exact SM64DS spelling not preserved
ov002	0x020b07f8	func_ov002_020b07f8	_ZN10daChRoom_cD1Ev	vtable slot 16 (was _ZN10daCamTag_cD1Ev)
ov002	0x020b081c	func_ov002_020b081c	_ZN10daChRoom_cD0Ev	vtable slot 17 (was _ZN10daCamTag_cD0Ev)
ov002	0x020b0854	func_ov002_020b0854	_ZN10daChRoom_c16CleanupResourcesEv	vtable slot 3 (was _ZN10daCamTag_c16CleanupResourcesEv)
ov002	0x020b085c	func_ov002_020b085c	_ZN10daChRoom_c16OnPendingDestroyEv	vtable slot 12 (was _ZN10daCamTag_c16OnPendingDestroyEv)
ov002	0x020b0860	func_ov002_020b0860	_ZN10daChRoom_c6RenderEv	vtable slot 9 (was _ZN10daCamTag_c6RenderEv)
ov002	0x020b0868	func_ov002_020b0868	_ZN10daChRoom_c8BehaviorEv	vtable slot 6 (was _ZN10daCamTag_c8BehaviorEv)
ov002	0x020b0938	func_ov002_020b0938	_ZN10daChRoom_c13InitResourcesEv	vtable slot 0 (was _ZN10daCamTag_c13InitResourcesEv)
ov002	0x020b0980	func_ov002_020b0980	daChRoom_c_Spawn	spawnfunc
ov002	0x020b0980	daChRoom_c_Spawn	daChRoom_c_classInit	reconstructed classInit; ROM RTTI+factory shape+unique class factory+later EAD lineage; exact SM64DS spelling not preserved
ov002	0x020b09b0	func_ov002_020b09b0	_ZN11daChScene_cD1Ev	vtable slot 16 (was _ZN11VirtualDoorD1Ev)
ov002	0x020b09d4	func_ov002_020b09d4	_ZN11daChScene_cD0Ev	vtable slot 17 (was _ZN11VirtualDoorD0Ev)
ov002	0x020b0a70	func_ov002_020b0a70	_ZN11daChScene_c16CleanupResourcesEv	vtable slot 3 (was _ZN11VirtualDoor16CleanupResourcesEv)
ov002	0x020b0a78	func_ov002_020b0a78	_ZN11daChScene_c16OnPendingDestroyEv	vtable slot 12 (was _ZN11VirtualDoor16OnPendingDestroyEv)
ov002	0x020b0a7c	func_ov002_020b0a7c	_ZN11daChScene_c6RenderEv	vtable slot 9 (was _ZN11VirtualDoor6RenderEv)
ov002	0x020b0a84	func_ov002_020b0a84	_ZN11daChScene_c8BehaviorEv	vtable slot 6 (was _ZN11VirtualDoor8BehaviorEv)
ov002	0x020b0d88	func_ov002_020b0d88	_ZN11daChScene_c13InitResourcesEv	vtable slot 0 (was _ZN11VirtualDoor13InitResourcesEv)
ov002	0x020b0f24	func_ov002_020b0f24	daChScene_c_Spawn	spawnfunc
ov002	0x020b0f24	daChScene_c_Spawn	daChScene_c_classInit	reconstructed classInit; ROM RTTI+factory shape+unique class factory+later EAD lineage; exact SM64DS spelling not preserved
ov002	0x020b0f54	func_ov002_020b0f54	_ZN4CoinD1Ev	vtable slot 16
ov002	0x020b0fa4	func_ov002_020b0fa4	_ZN4CoinD0Ev	vtable slot 17
ov002	0x020b2198	func_ov002_020b2198	_ZN4Coin16CleanupResourcesEv	vtable slot 3
ov002	0x020b2284	func_ov002_020b2284	_ZN4Coin6RenderEv	vtable slot 9
ov002	0x020b2324	func_ov002_020b2324	_ZN4Coin8BehaviorEv	vtable slot 6
ov002	0x020b2508	func_ov002_020b2508	_ZN4Coin13InitResourcesEv	vtable slot 0
ov002	0x020b2a98	func_ov002_020b2a98	BlueCoin_Spawn	spawnfunc
ov002	0x020b2a98	BlueCoin_Spawn	daCoin_c_classInit_BLUE_COIN	reconstructed classInit; ROM RTTI+factory shape+unique class factory+later EAD lineage; exact SM64DS spelling not preserved
ov002	0x020b2af0	func_ov002_020b2af0	RedCoin_Spawn	spawnfunc
ov002	0x020b2af0	RedCoin_Spawn	daCoin_c_classInit_RED_COIN	reconstructed classInit; ROM RTTI+factory shape+unique class factory+later EAD lineage; exact SM64DS spelling not preserved
ov002	0x020b2b48	func_ov002_020b2b48	Coin_Spawn	spawnfunc
ov002	0x020b2b48	Coin_Spawn	daCoin_c_classInit_COIN	reconstructed classInit; ROM RTTI+factory shape+unique class factory+later EAD lineage; exact SM64DS spelling not preserved
ov002	0x020b2ba0	func_ov002_020b2ba0	_ZN11WingFeatherD1Ev	vtable slot 16
ov002	0x020b2be8	func_ov002_020b2be8	_ZN11WingFeatherD0Ev	vtable slot 17
ov002	0x020b2e30	func_ov002_020b2e30	_ZN11WingFeather16CleanupResourcesEv	vtable slot 3
ov002	0x020b2e54	func_ov002_020b2e54	_ZN11WingFeather6RenderEv	vtable slot 9
ov002	0x020b2e9c	func_ov002_020b2e9c	_ZN11WingFeather8BehaviorEv	vtable slot 6
ov002	0x020b311c	func_ov002_020b311c	_ZN11WingFeather13InitResourcesEv	vtable slot 0
ov002	0x020b3248	func_ov002_020b3248	WingFeather_Spawn	spawnfunc
ov002	0x020b3248	WingFeather_Spawn	daFeather_c_classInit	reconstructed classInit; ROM RTTI+factory shape+unique class factory+later EAD lineage; exact SM64DS spelling not preserved
ov002	0x020b3568	func_ov002_020b3568	Bubble_Spawn	spawnfunc
ov002	0x020b3568	Bubble_Spawn	daObjAbuku_c_Spawn	prior RTTI-anchored project alias; class identity proven, exact source spelling not preserved
ov002	0x020b3568	daObjAbuku_c_Spawn	daObjAbuku_c_classInit	reconstructed classInit; ROM RTTI+factory shape+unique class factory+later EAD lineage; exact SM64DS spelling not preserved
ov002	0x020b35a0	func_ov002_020b35a0	_ZN13BigBrickBlockD1Ev	vtable slot 16
ov002	0x020b35e4	func_ov002_020b35e4	_ZN13BigBrickBlockD0Ev	vtable slot 17
ov002	0x020b363c	func_ov002_020b363c	_ZN13BigBrickBlock17NotifyLinkedActorEv	inferred helper: sole caller BigBrickBlock::Kill; this owns mLinkedActor at 0x328
ov002	0x020b36a0	func_ov002_020b36a0	_ZN13BigBrickBlock16HasNonzeroAngleXEv	inferred helper: BigBrickBlock::Kill/InitResources callers; reads inherited mAngleX at 0x8c
ov002	0x020b3ab0	func_ov002_020b3ab0	_ZN13BigBrickBlock16CleanupResourcesEv	vtable slot 3
ov002	0x020b3b14	func_ov002_020b3b14	_ZN13BigBrickBlock6RenderEv	vtable slot 9
ov002	0x020b3c0c	func_ov002_020b3c0c	_ZN13BigBrickBlock8BehaviorEv	vtable slot 6
ov002	0x020b3d78	func_ov002_020b3d78	_ZN13BigBrickBlock13InitResourcesEv	vtable slot 0
ov002	0x020b406c	func_ov002_020b406c	FortressTowerWall_Spawn	spawnfunc
ov002	0x020b406c	FortressTowerWall_Spawn	daObjBlockL_c_classInit_BK_FUTA	reconstructed classInit; ROM RTTI+factory shape+unique class factory+later EAD lineage; exact SM64DS spelling not preserved
ov002	0x020b409c	func_ov002_020b409c	BlackBrickBlock_Spawn	spawnfunc
ov002	0x020b409c	BlackBrickBlock_Spawn	daObjBlockL_c_classInit_BLOCK_LL	reconstructed classInit; ROM RTTI+factory shape+unique class factory+later EAD lineage; exact SM64DS spelling not preserved
ov002	0x020b40cc	func_ov002_020b40cc	BrickBlockSwitchActivated_Spawn	spawnfunc
ov002	0x020b40cc	BrickBlockSwitchActivated_Spawn	daObjBlockL_c_classInit_SW_BLOCK_L	reconstructed classInit; ROM RTTI+factory shape+unique class factory+later EAD lineage; exact SM64DS spelling not preserved
ov002	0x020b40fc	func_ov002_020b40fc	BigBrickBlock_Spawn	spawnfunc
ov002	0x020b40fc	BigBrickBlock_Spawn	daObjBlockL_c_classInit_DP_BLOCK_L	reconstructed classInit; ROM RTTI+factory shape+unique class factory+later EAD lineage; exact SM64DS spelling not preserved
ov002	0x020b412c	func_ov002_020b412c	BrickBlock_Spawn	spawnfunc
ov002	0x020b412c	BrickBlock_Spawn	daObjBlockL_c_classInit_BLOCK_L	reconstructed classInit; ROM RTTI+factory shape+unique class factory+later EAD lineage; exact SM64DS spelling not preserved
ov002	0x020b415c	func_ov002_020b415c	_ZN10BrickBlockD1Ev	vtable slot 16
ov002	0x020b4180	func_ov002_020b4180	_ZN10BrickBlockD0Ev	vtable slot 17
ov002	0x020b4394	func_ov002_020b4394	_ZN10BrickBlock16CleanupResourcesEv	vtable slot 3
ov002	0x020b440c	func_ov002_020b440c	_ZN10BrickBlock8BehaviorEv	vtable slot 6
ov002	0x020b451c	func_ov002_020b451c	_ZN10BrickBlock13InitResourcesEv	vtable slot 0
ov002	0x020b45e0	func_ov002_020b45e0	SilverStarBlockTag_Spawn	spawnfunc
ov002	0x020b45e0	SilverStarBlockTag_Spawn	daObjBlockItemTag_c_classInit_BLK_SLVSTAR_TAG	reconstructed classInit; ROM RTTI+factory shape+unique class factory+later EAD lineage; exact SM64DS spelling not preserved
ov002	0x020b4610	func_ov002_020b4610	GreenShellBlockTag_Spawn	spawnfunc
ov002	0x020b4610	GreenShellBlockTag_Spawn	daObjBlockItemTag_c_classInit_BLK_GNSHELL_TAG	reconstructed classInit; ROM RTTI+factory shape+unique class factory+later EAD lineage; exact SM64DS spelling not preserved
ov002	0x020b4640	func_ov002_020b4640	MegaMushroomBlockTag_Spawn	spawnfunc
ov002	0x020b4640	MegaMushroomBlockTag_Spawn	daObjBlockItemTag_c_classInit_BLK_SKINOKO_TAG	reconstructed classInit; ROM RTTI+factory shape+unique class factory+later EAD lineage; exact SM64DS spelling not preserved
ov002	0x020b4670	func_ov002_020b4670	OneUpMushroomBlockTag_Spawn	spawnfunc
ov002	0x020b4670	OneUpMushroomBlockTag_Spawn	daObjBlockItemTag_c_classInit_BLK_OKINOKO_TAG	reconstructed classInit; ROM RTTI+factory shape+unique class factory+later EAD lineage; exact SM64DS spelling not preserved
ov002	0x020b46a0	func_ov002_020b46a0	_ZN16daObjKinokoTag_cD1Ev	vtable slot 16; class name from ROM RTTI
ov002	0x020b46d0	func_ov002_020b46d0	_ZN16daObjKinokoTag_cD0Ev	vtable slot 17; class name from ROM RTTI
ov002	0x020b482c	func_ov002_020b482c	_ZN16daObjKinokoTag_c16CleanupResourcesEv	vtable slot 3; class name from ROM RTTI
ov002	0x020b4850	func_ov002_020b4850	_ZN16daObjKinokoTag_c8BehaviorEv	vtable slot 6; class name from ROM RTTI
ov002	0x020b49a8	func_ov002_020b49a8	_ZN16daObjKinokoTag_c13InitResourcesEv	vtable slot 0; class name from ROM RTTI
ov002	0x020b4a00	func_ov002_020b4a00	daObjKinokoTag_c_Spawn	spawnfunc; constructed class from ROM RTTI/vtable; factory spelling inferred
ov002	0x020b4a00	daObjKinokoTag_c_Spawn	daObjKinokoTag_c_classInit_KINOKO_CREATE_TAG	reconstructed classInit; ROM RTTI+factory shape+unique class factory+later EAD lineage; exact SM64DS spelling not preserved
ov002	0x020b4a38	func_ov002_020b4a38	MegaMushroomTag_Spawn	spawnfunc
ov002	0x020b4a38	MegaMushroomTag_Spawn	daObjKinokoTag_c_classInit_KINOKO_TAG	reconstructed classInit; ROM RTTI+factory shape+unique class factory+later EAD lineage; exact SM64DS spelling not preserved
ov002	0x020b4b6c	func_ov002_020b4b6c	_ZN13daObjDorifu_c16CleanupResourcesEP20daObjDorifuResources	daObjDorifu_c TU helper; direct calls from all three descendant CleanupResources overrides; five 0xc resource rows
ov002	0x020b4d58	func_ov002_020b4d58	_ZN13daObjDorifu_c13InitResourcesEP20daObjDorifuResources	daObjDorifu_c TU helper; direct calls from all three descendant InitResources overrides; five 0xc resource rows
ov002	0x020b4ed8	func_ov002_020b4ed8	_ZN19daObjHatenaSwitch_cD1Ev	vtable slot 16; class name from ROM RTTI
ov002	0x020b4f44	func_ov002_020b4f44	_ZN19daObjHatenaSwitch_cD0Ev	vtable slot 17; class name from ROM RTTI
ov002	0x020b4fc4	func_ov002_020b4fc4	_ZN19daObjHatenaSwitch_c15OnGroundPoundedER8dActor_c	vtable slot 21; class name from ROM RTTI
ov002	0x020b4fd0	func_ov002_020b4fd0	_ZN19daObjHatenaSwitch_c15UpdateClsnStateEv	inferred private helper on ROM-proven class; active moving-mesh state; body byte-verified
ov002	0x020b503c	func_ov002_020b503c	_ZN19daObjHatenaSwitch_c19UpdateClsnTransformEv	inferred private helper on ROM-proven class; active collision transform; body byte-verified
ov002	0x020b50a0	func_ov002_020b50a0	_ZN19daObjHatenaSwitch_c20UpdateModelTransformEv	inferred private helper on ROM-proven class; ModelAnim and inherited model transform; body byte-verified
ov002	0x020b512c	func_ov002_020b512c	_ZN19daObjHatenaSwitch_c16CleanupResourcesEv	vtable slot 3; class name from ROM RTTI
ov002	0x020b51ac	func_ov002_020b51ac	_ZN19daObjHatenaSwitch_c6RenderEv	vtable slot 9; class name from ROM RTTI
ov002	0x020b51dc	func_ov002_020b51dc	_ZN19daObjHatenaSwitch_c8BehaviorEv	vtable slot 6; class name from ROM RTTI
ov002	0x020b5500	func_ov002_020b5500	_ZN19daObjHatenaSwitch_c13InitResourcesEv	vtable slot 0; class name from ROM RTTI
ov002	0x020b567c	func_ov002_020b567c	_ZN19daObjHatenaSwitch_c10HandleClsnER8dActor_c	inferred private helper on ROM-proven class; player/Yoshi collision handling; body byte-verified
ov002	0x020b56c4	func_ov002_020b56c4	_ZN19daObjHatenaSwitch_c17AfterClsnCallbackEP4dBgWP8dActor_cS3_	inferred static callback on ROM-proven class; registered on the owned collider; body byte-verified
ov002	0x020b56d8	func_ov002_020b56d8	QuestionSwitch_Spawn	spawnfunc
ov002	0x020b56d8	QuestionSwitch_Spawn	daObjHatenaSwitch_c_classInit	reconstructed classInit; ROM RTTI+factory shape+unique class factory+later EAD lineage; exact SM64DS spelling not preserved; row recorded retroactively -- the rename reached symbols.txt without a ledger entry
ov002	0x020b5734	func_ov002_020b5734	_ZN9BlueFlameD1Ev	vtable slot 16
ov002	0x020b5764	func_ov002_020b5764	_ZN9BlueFlameD0Ev	vtable slot 17
ov002	0x020b57a8	func_ov002_020b57a8	_ZN9BlueFlame8BehaviorEv	vtable slot 6
ov002	0x020b5940	func_ov002_020b5940	_ZN9BlueFlame13InitResourcesEv	vtable slot 0
ov002	0x020b59a8	func_ov002_020b59a8	BlueFlame_Spawn	spawnfunc
ov002	0x020b59a8	BlueFlame_Spawn	daObjFire_c_classInit_OBJ_BLUE_FIRE	reconstructed classInit; ROM RTTI+factory shape+unique class factory+later EAD lineage; exact SM64DS spelling not preserved
ov002	0x020b59e0	func_ov002_020b59e0	RedFlame_Spawn	spawnfunc
ov002	0x020b59e0	RedFlame_Spawn	daObjFire_c_classInit_OBJ_RED_FIRE	reconstructed classInit; ROM RTTI+factory shape+unique class factory+later EAD lineage; exact SM64DS spelling not preserved
ov002	0x020b6dd8	func_ov002_020b6dd8	PoppingLavaBubbles_Spawn	spawnfunc
ov002	0x020b6dd8	PoppingLavaBubbles_Spawn	daObjLava_c_classInit	reconstructed classInit; ROM RTTI+factory shape+unique class factory+later EAD lineage; exact SM64DS spelling not preserved
ov002	0x020b6e08	func_ov002_020b6e08	_ZN16daObjWaterfall_cD1Ev	vtable slot 16 (was _ZN18PoppingLavaBubblesD1Ev)
ov002	0x020b6e2c	func_ov002_020b6e2c	_ZN16daObjWaterfall_cD0Ev	vtable slot 17 (was _ZN18PoppingLavaBubblesD0Ev)
ov002	0x020b6e64	func_ov002_020b6e64	_ZN16daObjWaterfall_c8BehaviorEv	vtable slot 6 (was _ZN18PoppingLavaBubbles8BehaviorEv)
ov002	0x020b6eac	func_ov002_020b6eac	_ZN16daObjWaterfall_c13InitResourcesEv	vtable slot 0 (was _ZN18PoppingLavaBubbles13InitResourcesEv)
ov002	0x020b6ee8	func_ov002_020b6ee8	WaterfallMist_Spawn	spawnfunc
ov002	0x020b6ee8	WaterfallMist_Spawn	daObjWaterfall_c_classInit	reconstructed classInit; ROM RTTI+factory shape+unique class factory+later EAD lineage; exact SM64DS spelling not preserved
ov002	0x020b6f18	func_ov002_020b6f18	_ZN15daObjMarioCap_cD1Ev	vtable slot 16 (was _ZN13WaterfallMistD1Ev)
ov002	0x020b6f68	func_ov002_020b6f68	_ZN15daObjMarioCap_cD0Ev	vtable slot 17 (was _ZN13WaterfallMistD0Ev)
ov002	0x020b8284	func_ov002_020b8284	_ZN15daObjMarioCap_c16CleanupResourcesEv	vtable slot 3 (was _ZN13WaterfallMist16CleanupResourcesEv)
ov002	0x020b8394	func_ov002_020b8394	_ZN15daObjMarioCap_c16OnPendingDestroyEv	vtable slot 12 (was _ZN13WaterfallMist16OnPendingDestroyEv)
ov002	0x020b83c4	func_ov002_020b83c4	_ZN15daObjMarioCap_c6RenderEv	vtable slot 9 (was _ZN13WaterfallMist6RenderEv)
ov002	0x020b84a8	func_ov002_020b84a8	_ZN15daObjMarioCap_c8BehaviorEv	vtable slot 6 (was _ZN13WaterfallMist8BehaviorEv)
ov002	0x020b86d0	func_ov002_020b86d0	_ZN15daObjMarioCap_c13InitResourcesEv	vtable slot 0 (was _ZN13WaterfallMist13InitResourcesEv)
ov002	0x020b8b98	func_ov002_020b8b98	Cap_Spawn	spawnfunc
ov002	0x020b8b98	Cap_Spawn	daObjMarioCap_c_classInit	reconstructed classInit; ROM RTTI+factory shape+unique class factory+later EAD lineage; exact SM64DS spelling not preserved
ov002	0x020b910c	func_ov002_020b910c	PushBlock_Spawn	spawnfunc
ov002	0x020b910c	PushBlock_Spawn	daObjPushblock_c_classInit	reconstructed classInit; ROM RTTI+factory shape+unique class factory+later EAD lineage; exact SM64DS spelling not preserved
ov002	0x020b9148	func_ov002_020b9148	_ZN11PowerFlowerD1Ev	vtable slot 16 (was _ZN16daObjPushblock_cD1Ev)
ov002	0x020b9198	func_ov002_020b9198	_ZN11PowerFlowerD0Ev	vtable slot 17 (was _ZN16daObjPushblock_cD0Ev)
ov002	0x020b9a7c	func_ov002_020b9a7c	_ZN11PowerFlower16CleanupResourcesEv	vtable slot 3 (was _ZN16daObjPushblock_c16CleanupResourcesEv)
ov002	0x020b9aac	func_ov002_020b9aac	_ZN11PowerFlower6RenderEv	vtable slot 9 (was _ZN16daObjPushblock_c6RenderEv)
ov002	0x020b9b70	func_ov002_020b9b70	_ZN11PowerFlower8BehaviorEv	vtable slot 6 (was _ZN16daObjPushblock_c8BehaviorEv)
ov002	0x020b9c00	func_ov002_020b9c00	_ZN11PowerFlower13InitResourcesEv	vtable slot 0 (was _ZN16daObjPushblock_c13InitResourcesEv)
ov002	0x020b9e0c	func_ov002_020b9e0c	PowerFlower_Spawn	spawnfunc
ov002	0x020b9e0c	PowerFlower_Spawn	daObjPowerUpItem_c_classInit	reconstructed classInit; ROM RTTI+factory shape+unique class factory+later EAD lineage; exact SM64DS spelling not preserved
ov002	0x020b9e64	func_ov002_020b9e64	_ZN10StarSwitchD1Ev	vtable slot 16
ov002	0x020b9ea8	func_ov002_020b9ea8	_ZN10StarSwitchD0Ev	vtable slot 17
ov002	0x020ba568	func_ov002_020ba568	_ZN10StarSwitch16CleanupResourcesEv	vtable slot 3
ov002	0x020ba5f4	func_ov002_020ba5f4	_ZN10StarSwitch6RenderEv	vtable slot 9
ov002	0x020ba624	func_ov002_020ba624	_ZN10StarSwitch8BehaviorEv	vtable slot 6
ov002	0x020ba83c	func_ov002_020ba83c	_ZN10StarSwitch13InitResourcesEv	vtable slot 0
ov002	0x020baaac	func_ov002_020baaac	StarSwitch_Spawn	spawnfunc
ov002	0x020baaac	StarSwitch_Spawn	daObjSwitch_c_classInit_STAR_SWITCH	reconstructed classInit; ROM RTTI+factory shape+unique class factory+later EAD lineage; exact SM64DS spelling not preserved
ov002	0x020baadc	func_ov002_020baadc	ExclamationSwitch_Spawn	spawnfunc
ov002	0x020baadc	ExclamationSwitch_Spawn	daObjSwitch_c_classInit_HANSWITCH	reconstructed classInit; ROM RTTI+factory shape+unique class factory+later EAD lineage; exact SM64DS spelling not preserved
ov002	0x020badd0	func_ov002_020badd0	_ZN8SignPostD1Ev	vtable slot 16
ov002	0x020bae2c	func_ov002_020bae2c	_ZN8SignPostD0Ev	vtable slot 17
ov002	0x020bbdec	func_ov002_020bbdec	_ZN8SignPost16CleanupResourcesEv	vtable slot 3
ov002	0x020bbe30	func_ov002_020bbe30	_ZN8SignPost6RenderEv	vtable slot 9
ov002	0x020bbea4	func_ov002_020bbea4	_ZN8SignPost8BehaviorEv	vtable slot 6
ov002	0x020bc240	func_ov002_020bc240	_ZN8SignPost13InitResourcesEv	vtable slot 0
ov002	0x020bc3c8	func_ov002_020bc3c8	SignPost_Spawn	spawnfunc
ov002	0x020bc3c8	SignPost_Spawn	daObjTatefuda_c_classInit	reconstructed classInit; ROM RTTI+factory shape+unique class factory+later EAD lineage; exact SM64DS spelling not preserved
ov002	0x020bc5a8	func_ov002_020bc5a8	daObjWakame_c_Spawn	spawnfunc
ov002	0x020bc5a8	daObjWakame_c_Spawn	daObjWakame_c_classInit	reconstructed classInit; ROM RTTI+factory shape+unique class factory+later EAD lineage; exact SM64DS spelling not preserved
ov002	0x020bc5e0	func_ov002_020bc5e0	_ZN12HealingHeartD1Ev	vtable slot 16 (was _ZN7SeaweedD1Ev)
ov002	0x020bc618	func_ov002_020bc618	_ZN12HealingHeartD0Ev	vtable slot 17 (was _ZN7SeaweedD0Ev)
ov002	0x020bc6a4	func_ov002_020bc6a4	_ZN12HealingHeart16CleanupResourcesEv	vtable slot 3 (was _ZN7Seaweed16CleanupResourcesEv)
ov002	0x020bc6d4	func_ov002_020bc6d4	_ZN12HealingHeart6RenderEv	vtable slot 9 (was _ZN7Seaweed6RenderEv)
ov002	0x020bc6fc	func_ov002_020bc6fc	_ZN12HealingHeart8BehaviorEv	vtable slot 6 (was _ZN7Seaweed8BehaviorEv)
ov002	0x020bc81c	func_ov002_020bc81c	_ZN12HealingHeart13InitResourcesEv	vtable slot 0 (was _ZN7Seaweed13InitResourcesEv)
ov002	0x020bc8b4	func_ov002_020bc8b4	HealingHeart_Spawn	spawnfunc
ov002	0x020bc8b4	HealingHeart_Spawn	daObjHeart_c_classInit	reconstructed classInit; ROM RTTI+factory shape+unique class factory+later EAD lineage; exact SM64DS spelling not preserved
ov002	0x020bc8f4	func_ov002_020bc8f4	_ZN20daObjCannonShutter_cD1Ev	vtable slot 16
ov002	0x020bc938	func_ov002_020bc938	_ZN20daObjCannonShutter_cD0Ev	vtable slot 17
ov002	0x020bc9b0	func_ov002_020bc9b0	_ZN20daObjCannonShutter_c16CleanupResourcesEv	vtable slot 3
ov002	0x020bc9f4	func_ov002_020bc9f4	_ZN20daObjCannonShutter_c6RenderEv	vtable slot 9
ov002	0x020bca78	func_ov002_020bca78	_ZN20daObjCannonShutter_c8BehaviorEv	vtable slot 6
ov002	0x020bcc20	func_ov002_020bcc20	_ZN20daObjCannonShutter_c13InitResourcesEv	vtable slot 0
ov002	0x020bcccc	func_ov002_020bcccc	daObjCannonShutter_c_Spawn	spawnfunc
ov002	0x020bcccc	daObjCannonShutter_c_Spawn	daObjCannonShutter_c_classInit	reconstructed classInit; ROM RTTI+factory shape+unique class factory+later EAD lineage; exact SM64DS spelling not preserved
ov002	0x020e6c0c	Player_Spawn	daPly_c_classInit	reconstructed classInit; ROM RTTI+factory shape+unique class factory+later EAD lineage; exact SM64DS spelling not preserved
ov002	0x020e6c40	func_ov002_020e6c40	_ZN9PowerStarD1Ev	vtable slot 16
ov002	0x020e6c90	func_ov002_020e6c90	_ZN9PowerStarD0Ev	vtable slot 17
ov002	0x020e6cf4	func_ov002_020e6cf4	_ZN10StarMarkerD1Ev	vtable slot 16
ov002	0x020e6d34	func_ov002_020e6d34	_ZN10StarMarkerD0Ev	vtable slot 17
ov002	0x020e7d84	func_ov002_020e7d84	_ZN10StarMarker7CollectEv	inferred semantic name; Behavior passes this and PowerStar path passes resolved StarMarker in r0
ov002	0x020eab8c	func_ov002_020eab8c	_ZN10StarMarker16OnPendingDestroyEv	vtable slot 12
ov002	0x020eabcc	func_ov002_020eabcc	_ZN10StarMarker16CleanupResourcesEv	vtable slot 3
ov002	0x020eac18	func_ov002_020eac18	_ZN9PowerStar16CleanupResourcesEv	vtable slot 3
ov002	0x020eacb8	func_ov002_020eacb8	_ZN10StarMarker6RenderEv	vtable slot 9
ov002	0x020eacf4	func_ov002_020eacf4	_ZN9PowerStar6RenderEv	vtable slot 9
ov002	0x020ead90	func_ov002_020ead90	_ZN10StarMarker8BehaviorEv	vtable slot 6
ov002	0x020eb05c	func_ov002_020eb05c	_ZN9PowerStar8BehaviorEv	vtable slot 6
ov002	0x020eb204	func_ov002_020eb204	_ZN10StarMarker13InitResourcesEv	vtable slot 0
ov002	0x020eb63c	func_ov002_020eb63c	_ZN9PowerStar13InitResourcesEv	vtable slot 0
ov002	0x020ebe5c	func_ov002_020ebe5c	StarCamera_Spawn	spawnfunc
ov002	0x020ebe8c	func_ov002_020ebe8c	StarMarker_Spawn	spawnfunc
ov002	0x020ebe8c	StarMarker_Spawn	daStarBase_c_classInit	reconstructed classInit; ROM RTTI+factory shape+unique class factory+later EAD lineage; exact SM64DS spelling not preserved
ov002	0x020ebed4	func_ov002_020ebed4	SilverStar_Spawn	spawnfunc
ov002	0x020ebed4	SilverStar_Spawn	daStar_c_classInit_SILVER_STAR	reconstructed classInit; ROM RTTI+factory shape+unique class factory+later EAD lineage; exact SM64DS spelling not preserved
ov002	0x020ebf30	func_ov002_020ebf30	PowerStar_Spawn	spawnfunc
ov002	0x020ebf30	PowerStar_Spawn	daStar_c_classInit_STAR	reconstructed classInit; ROM RTTI+factory shape+unique class factory+later EAD lineage; exact SM64DS spelling not preserved
ov002	0x020ebf8c	func_ov002_020ebf8c	_ZN8daTree_cD1Ev	vtable slot 16
ov002	0x020ebfcc	func_ov002_020ebfcc	_ZN8daTree_cD0Ev	vtable slot 17
ov002	0x020ec020	func_ov002_020ec020	_ZN8daTree_c16CleanupResourcesEv	vtable slot 3
ov002	0x020ec0a0	func_ov002_020ec0a0	_ZN8daTree_c16OnPendingDestroyEv	vtable slot 12
ov002	0x020ec0a4	func_ov002_020ec0a4	_ZN8daTree_c6RenderEv	vtable slot 9
ov002	0x020ec1d8	func_ov002_020ec1d8	_ZN8daTree_c8BehaviorEv	vtable slot 6
ov002	0x020ec22c	func_ov002_020ec22c	_ZN8daTree_c13InitResourcesEv	vtable slot 0
ov002	0x020ec32c	func_ov002_020ec32c	Tree_Spawn	spawnfunc
ov002	0x020ec32c	Tree_Spawn	daTree_c_classInit	reconstructed classInit; ROM RTTI+factory shape+unique class factory+later EAD lineage; exact SM64DS spelling not preserved
ov002	0x020ec534	func_ov002_020ec534	daWarpkun_c_Spawn	spawnfunc
ov002	0x020ec534	daWarpkun_c_Spawn	daWarpkun_c_classInit	reconstructed classInit; ROM RTTI+factory shape+unique class factory+later EAD lineage; exact SM64DS spelling not preserved
ov002	0x020ec56c	func_ov002_020ec56c	_ZN8YoshiEggD1Ev	vtable slot 16
ov002	0x020ec5b4	func_ov002_020ec5b4	_ZN8YoshiEggD0Ev	vtable slot 17
ov002	0x020edf54	func_ov002_020edf54	_ZN8YoshiEgg16CleanupResourcesEv	vtable slot 3
ov002	0x020edf98	func_ov002_020edf98	_ZN8YoshiEgg6RenderEv	vtable slot 9
ov002	0x020ee010	func_ov002_020ee010	_ZN8YoshiEgg8BehaviorEv	vtable slot 6
ov002	0x020ee144	func_ov002_020ee144	_ZN8YoshiEgg13InitResourcesEv	vtable slot 0
ov002	0x020ee3d8	func_ov002_020ee3d8	YoshiEgg_Spawn	spawnfunc
ov002	0x020ee3d8	YoshiEgg_Spawn	daYegg_c_classInit	reconstructed classInit; ROM RTTI+factory shape+unique class factory+later EAD lineage; exact SM64DS spelling not preserved
ov002	0x020f085c	func_ov002_020f085c	InvisibleSecret_Spawn	spawnfunc
ov002	0x020f085c	InvisibleSecret_Spawn	daSCoin_c_Spawn	renamed to the class's ROM RTTI identity; row recorded retroactively -- the rename reached symbols.txt without a ledger entry
ov002	0x020f085c	daSCoin_c_Spawn	daSCoin_c_classInit	reconstructed classInit; ROM RTTI+factory shape+unique class factory+later EAD lineage; exact SM64DS spelling not preserved
ov002	0x020f0894	func_ov002_020f0894	_ZN6NumberD1Ev	vtable slot 16 (was _ZN15InvisibleSecretD1Ev)
ov002	0x020f08cc	func_ov002_020f08cc	_ZN6NumberD0Ev	vtable slot 17 (was _ZN15InvisibleSecretD0Ev)
ov002	0x020f093c	func_ov002_020f093c	_ZN6Number16CleanupResourcesEv	vtable slot 3 (was _ZN15InvisibleSecret16CleanupResourcesEv)
ov002	0x020f0994	func_ov002_020f0994	_ZN6Number6RenderEv	vtable slot 9 (was _ZN15InvisibleSecret6RenderEv)
ov002	0x020f0a60	func_ov002_020f0a60	_ZN6Number8BehaviorEv	vtable slot 6 (was _ZN15InvisibleSecret8BehaviorEv)
ov002	0x020f0bd4	func_ov002_020f0bd4	_ZN6Number13InitResourcesEv	vtable slot 0 (was _ZN15InvisibleSecret13InitResourcesEv)
ov002	0x020f0d90	func_ov002_020f0d90	Number_Spawn	spawnfunc
ov002	0x020f0d90	Number_Spawn	daObjNumber_c_classInit	reconstructed classInit; ROM RTTI+factory shape+unique class factory+later EAD lineage; exact SM64DS spelling not preserved
ov002	0x020f0dd0	func_ov002_020f0dd0	_ZN9OneUpLogoD1Ev	vtable slot 16
ov002	0x020f0e08	func_ov002_020f0e08	_ZN9OneUpLogoD0Ev	vtable slot 17
ov002	0x020f0e78	func_ov002_020f0e78	_ZN9OneUpLogo16CleanupResourcesEv	vtable slot 3
ov002	0x020f0ea8	func_ov002_020f0ea8	_ZN9OneUpLogo6RenderEv	vtable slot 9
ov002	0x020f0f08	func_ov002_020f0f08	_ZN9OneUpLogo8BehaviorEv	vtable slot 6
ov002	0x020f107c	func_ov002_020f107c	_ZN9OneUpLogo13InitResourcesEv	vtable slot 0
ov002	0x020f1170	func_ov002_020f1170	OneUpLogo_Spawn	spawnfunc
ov002	0x020f1170	OneUpLogo_Spawn	daObj1UpLogo_c_classInit	reconstructed classInit; ROM RTTI+factory shape+unique class factory+later EAD lineage; exact SM64DS spelling not preserved
ov002	0x020f15cc	func_ov002_020f15cc	daObjBC_Switch_c_Spawn	spawnfunc
ov002	0x020f15cc	daObjBC_Switch_c_Spawn	daObjBC_Switch_c_classInit	reconstructed classInit; ROM RTTI+factory shape+unique class factory+later EAD lineage; exact SM64DS spelling not preserved
ov002	0x020f15fc	func_ov002_020f15fc	_ZN14EnemySwitchTagD1Ev	vtable slot 16 (was _ZN14BlueCoinSwitchD1Ev)
ov002	0x020f162c	func_ov002_020f162c	_ZN14EnemySwitchTagD0Ev	vtable slot 17 (was _ZN14BlueCoinSwitchD0Ev)
ov002	0x020f1670	func_ov002_020f1670	_ZN12EnemySpawnerD1Ev	vtable slot 16
ov002	0x020f1694	func_ov002_020f1694	_ZN12EnemySpawnerD0Ev	vtable slot 17
ov002	0x020f16cc	func_ov002_020f16cc	_ZN14EnemySwitchTag16CleanupResourcesEv	vtable slot 3 (was _ZN14BlueCoinSwitch16CleanupResourcesEv)
ov002	0x020f16ec	func_ov002_020f16ec	_ZN12EnemySpawner8BehaviorEv	vtable slot 6
ov002	0x020f1760	func_ov002_020f1760	_ZN14EnemySwitchTag8BehaviorEv	vtable slot 6 (was _ZN14BlueCoinSwitch8BehaviorEv)
ov002	0x020f1814	func_ov002_020f1814	_ZN12EnemySpawner16CleanupResourcesEv	vtable slot 3
ov002	0x020f1838	func_ov002_020f1838	_ZN12EnemySpawner13InitResourcesEv	vtable slot 0
ov002	0x020f1878	func_ov002_020f1878	_ZN14EnemySwitchTag13InitResourcesEv	vtable slot 0 (was _ZN14BlueCoinSwitch13InitResourcesEv)
ov002	0x020f1924	func_ov002_020f1924	EnemySpawner_Spawn	spawnfunc
ov002	0x020f1924	EnemySpawner_Spawn	daECreate_c_classInit	reconstructed classInit; ROM RTTI+factory shape+unique class factory+later EAD lineage; exact SM64DS spelling not preserved
ov002	0x020f1954	func_ov002_020f1954	EnemySwitchTag_Spawn	spawnfunc
ov002	0x020f1954	EnemySwitchTag_Spawn	daESwitch_c_classInit	reconstructed classInit; ROM RTTI+factory shape+unique class factory+later EAD lineage; exact SM64DS spelling not preserved
ov002	0x020f198c	func_ov002_020f198c	_ZN9daSetSE_cD1Ev	vtable slot 16 (was _ZN14EnemySwitchTagD1Ev)
ov002	0x020f19b0	func_ov002_020f19b0	_ZN9daSetSE_cD0Ev	vtable slot 17 (was _ZN14EnemySwitchTagD0Ev)
ov002	0x020f19e8	func_ov002_020f19e8	_ZN9daSetSE_c16CleanupResourcesEv	vtable slot 3 (was _ZN14EnemySwitchTag16CleanupResourcesEv)
ov002	0x020f19f0	func_ov002_020f19f0	_ZN9daSetSE_c16OnPendingDestroyEv	vtable slot 12 (was _ZN14EnemySwitchTag16OnPendingDestroyEv)
ov002	0x020f19f4	func_ov002_020f19f4	_ZN9daSetSE_c6RenderEv	vtable slot 9 (was _ZN14EnemySwitchTag6RenderEv)
ov002	0x020f19fc	func_ov002_020f19fc	_ZN9daSetSE_c8BehaviorEv	vtable slot 6 (was _ZN14EnemySwitchTag8BehaviorEv)
ov002	0x020f1ac4	func_ov002_020f1ac4	_ZN9daSetSE_c13InitResourcesEv	vtable slot 0 (was _ZN14EnemySwitchTag13InitResourcesEv)
ov002	0x020f1b94	func_ov002_020f1b94	daSetSE_c_Spawn	spawnfunc
ov002	0x020f1b94	daSetSE_c_Spawn	daSetSE_c_classInit	reconstructed classInit; ROM RTTI+factory shape+unique class factory+later EAD lineage; exact SM64DS spelling not preserved
ov002	0x020f1bc4	func_ov002_020f1bc4	_ZN8MugenBgmD1Ev	vtable slot 16 (was _ZN19AmbientSoundEffectsD1Ev)
ov002	0x020f1be8	func_ov002_020f1be8	_ZN8MugenBgmD0Ev	vtable slot 17 (was _ZN19AmbientSoundEffectsD0Ev)
ov002	0x020f1c50	func_ov002_020f1c50	_ZN8MugenBgm16CleanupResourcesEv	vtable slot 3 (was _ZN19AmbientSoundEffects16CleanupResourcesEv)
ov002	0x020f1c58	func_ov002_020f1c58	_ZN8MugenBgm16OnPendingDestroyEv	vtable slot 12 (was _ZN19AmbientSoundEffects16OnPendingDestroyEv)
ov002	0x020f1c5c	func_ov002_020f1c5c	_ZN8MugenBgm6RenderEv	vtable slot 9 (was _ZN19AmbientSoundEffects6RenderEv)
ov002	0x020f1c64	func_ov002_020f1c64	_ZN8MugenBgm8BehaviorEv	vtable slot 6 (was _ZN19AmbientSoundEffects8BehaviorEv)
ov002	0x020f1eb4	func_ov002_020f1eb4	_ZN8MugenBgm13InitResourcesEv	vtable slot 0 (was _ZN19AmbientSoundEffects13InitResourcesEv)
ov002	0x020f1f40	func_ov002_020f1f40	MugenBgm_Spawn	spawnfunc
ov002	0x020f1f40	MugenBgm_Spawn	daMugenBGM_c_classInit	reconstructed classInit; ROM RTTI+factory shape+unique class factory+later EAD lineage; exact SM64DS spelling not preserved
ov002	0x020f1f70	func_ov002_020f1f70	_ZN14CutsceneObjectD1Ev	vtable slot 16 (was _ZN8MugenBgmD1Ev)
ov002	0x020f1f94	func_ov002_020f1f94	_ZN14CutsceneObjectD0Ev	vtable slot 17 (was _ZN8MugenBgmD0Ev)
ov002	0x020f8028	func_ov002_020f8028	_ZN14CutsceneObject16CleanupResourcesEv	vtable slot 3 (was _ZN8MugenBgm16CleanupResourcesEv)
ov002	0x020f80a8	func_ov002_020f80a8	_ZN14CutsceneObject16OnPendingDestroyEv	vtable slot 12 (was _ZN8MugenBgm16OnPendingDestroyEv)
ov002	0x020f80ac	func_ov002_020f80ac	_ZN14CutsceneObject6RenderEv	vtable slot 9 (was _ZN8MugenBgm6RenderEv)
ov002	0x020f81c4	func_ov002_020f81c4	_ZN14CutsceneObject8BehaviorEv	vtable slot 6 (was _ZN8MugenBgm8BehaviorEv)
ov002	0x020f83a4	func_ov002_020f83a4	_ZN14CutsceneObject13InitResourcesEv	vtable slot 0 (was _ZN8MugenBgm13InitResourcesEv)
ov002	0x020f8808	func_ov002_020f8808	CutsceneObject_Spawn	spawnfunc
ov002	0x020f8808	CutsceneObject_Spawn	daDemo_c_classInit	reconstructed classInit; ROM RTTI+factory shape+unique class factory+later EAD lineage; exact SM64DS spelling not preserved
ov002	0x020f8858	func_ov002_020f8858	_ZN8FireballD1Ev	vtable slot 16
ov002	0x020f8898	func_ov002_020f8898	_ZN8FireballD0Ev	vtable slot 17
ov002	0x020f8c8c	func_ov002_020f8c8c	_ZN8Fireball6RenderEv	vtable slot 9
ov002	0x020f8c94	func_ov002_020f8c94	_ZN8Fireball8BehaviorEv	vtable slot 6
ov002	0x020f9204	func_ov002_020f9204	_ZN8Fireball13InitResourcesEv	vtable slot 0
ov002	0x020f9304	func_ov002_020f9304	Fireball_Spawn	spawnfunc
ov002	0x020f9304	Fireball_Spawn	daFPknBall_c_classInit	reconstructed classInit; ROM RTTI+factory shape+unique class factory+later EAD lineage; exact SM64DS spelling not preserved
ov002	0x020f972c	func_ov002_020f972c	daSoundObj_c_Spawn	spawnfunc
ov002	0x020f972c	daSoundObj_c_Spawn	daSoundObj_c_classInit	reconstructed classInit; ROM RTTI+factory shape+unique class factory+later EAD lineage; exact SM64DS spelling not preserved
ov002	0x020fb8bc	Minimap_Spawn	dMap_c_classInit	reconstructed classInit; ROM RTTI+factory shape+unique class factory+later EAD lineage; exact SM64DS spelling not preserved
ov002	0x020fe154	HUD_Spawn	dMeter_c_classInit	reconstructed classInit; ROM RTTI+factory shape+unique class factory+later EAD lineage; exact SM64DS spelling not preserved
ov002	0x020feabc	func_ov002_020feabc	_ZN6BulletD1Ev	vtable slot 16
ov002	0x020feafc	func_ov002_020feafc	_ZN6BulletD0Ev	vtable slot 17
ov002	0x020fedf0	func_ov002_020fedf0	_ZN6Bullet16CleanupResourcesEv	vtable slot 3
ov002	0x020fee14	func_ov002_020fee14	_ZN6Bullet16OnPendingDestroyEv	vtable slot 12
ov002	0x020fee18	func_ov002_020fee18	_ZN6Bullet6RenderEv	vtable slot 9
ov002	0x020fee44	func_ov002_020fee44	_ZN6Bullet8BehaviorEv	vtable slot 6
ov002	0x020feef4	func_ov002_020feef4	_ZN6Bullet13InitResourcesEv	vtable slot 0
ov002	0x020fefcc	func_ov002_020fefcc	Bullet_Spawn	spawnfunc
ov002	0x020fefcc	Bullet_Spawn	daPropeller_Heyho_Fire_c_classInit	reconstructed classInit; ROM RTTI+factory shape+unique class factory+later EAD lineage; exact SM64DS spelling not preserved
ov002	0x02108388	data_ov002_02108388	OneUpMushroom_SpawnInfo	spawninfo
ov002	0x02108388	OneUpMushroom_SpawnInfo	g_profile_ONEUPKINOKO	reconstructed profile global; literal ROM ID ONEUPKINOKO+registry role+later EAD lineage; exact SM64DS spelling not preserved
ov002	0x021083a4	data_ov002_021083a4	MegaMushroom_SpawnInfo	spawninfo
ov002	0x021083a4	MegaMushroom_SpawnInfo	g_profile_SCALEUP_KINOKO	reconstructed profile global; literal ROM ID SCALEUP_KINOKO+registry role+later EAD lineage; exact SM64DS spelling not preserved
ov002	0x021083c8	data_ov002_021083c8	_ZTV13OneUpMushroom	vtable alloc=0x398
ov002	0x0210845c	data_ov002_0210845c	InvisiblePole_SpawnInfo	spawninfo
ov002	0x0210845c	InvisiblePole_SpawnInfo	g_profile_BAR	reconstructed profile global; literal ROM ID BAR+registry role+later EAD lineage; exact SM64DS spelling not preserved
ov002	0x02108480	data_ov002_02108480	_ZTV7daBar_c	vtable alloc=0x108
ov002	0x02108518	data_ov002_02108518	daCamTag_c_SpawnInfo	spawninfo
ov002	0x02108518	daCamTag_c_SpawnInfo	g_profile_CAMERA_TAG	reconstructed profile global; literal ROM ID CAMERA_TAG+registry role+later EAD lineage; exact SM64DS spelling not preserved
ov002	0x021085d4	data_ov002_021085d4	daChRoom_c_SpawnInfo	spawninfo
ov002	0x021085d4	daChRoom_c_SpawnInfo	g_profile_CH_ROOM	reconstructed profile global; literal ROM ID CH_ROOM+registry role+later EAD lineage; exact SM64DS spelling not preserved
ov002	0x021085f8	data_ov002_021085f8	_ZTV10daChRoom_c	vtable alloc=? (was _ZTV10daCamTag_c)
ov002	0x02108690	data_ov002_02108690	daChScene_c_SpawnInfo	spawninfo
ov002	0x02108690	daChScene_c_SpawnInfo	g_profile_CH_SCENE	reconstructed profile global; literal ROM ID CH_SCENE+registry role+later EAD lineage; exact SM64DS spelling not preserved
ov002	0x021086b4	data_ov002_021086b4	_ZTV11daChScene_c	vtable alloc=? (was _ZTV11VirtualDoor)
ov002	0x02108790	data_ov002_02108790	Coin_SpawnInfo	spawninfo
ov002	0x02108790	Coin_SpawnInfo	g_profile_COIN	reconstructed profile global; literal ROM ID COIN+registry role+later EAD lineage; exact SM64DS spelling not preserved
ov002	0x021087ac	data_ov002_021087ac	RedCoin_SpawnInfo	spawninfo
ov002	0x021087ac	RedCoin_SpawnInfo	g_profile_RED_COIN	reconstructed profile global; literal ROM ID RED_COIN+registry role+later EAD lineage; exact SM64DS spelling not preserved
ov002	0x021087c8	data_ov002_021087c8	BlueCoin_SpawnInfo	spawninfo
ov002	0x021087c8	BlueCoin_SpawnInfo	g_profile_BLUE_COIN	reconstructed profile global; literal ROM ID BLUE_COIN+registry role+later EAD lineage; exact SM64DS spelling not preserved
ov002	0x021087ec	data_ov002_021087ec	_ZTV4Coin	vtable alloc=0x3b4
ov002	0x02108884	data_ov002_02108884	WingFeather_SpawnInfo	spawninfo
ov002	0x02108884	WingFeather_SpawnInfo	g_profile_FEATHER	reconstructed profile global; literal ROM ID FEATHER+registry role+later EAD lineage; exact SM64DS spelling not preserved
ov002	0x021088a8	data_ov002_021088a8	_ZTV11WingFeather	vtable alloc=0x388
ov002	0x02108940	data_ov002_02108940	Bubble_SpawnInfo	spawninfo
ov002	0x02108940	Bubble_SpawnInfo	g_profile_OBJ_ABUKU	reconstructed profile global; literal ROM ID OBJ_ABUKU+registry role+later EAD lineage; exact SM64DS spelling not preserved
ov002	0x02108a24	data_ov002_02108a24	BrickBlock_SpawnInfo	spawninfo
ov002	0x02108a24	BrickBlock_SpawnInfo	g_profile_BLOCK_L	reconstructed profile global; literal ROM ID BLOCK_L+registry role+later EAD lineage; exact SM64DS spelling not preserved
ov002	0x02108a40	data_ov002_02108a40	BigBrickBlock_SpawnInfo	spawninfo
ov002	0x02108a40	BigBrickBlock_SpawnInfo	g_profile_DP_BLOCK_L	reconstructed profile global; literal ROM ID DP_BLOCK_L+registry role+later EAD lineage; exact SM64DS spelling not preserved
ov002	0x02108a5c	data_ov002_02108a5c	BrickBlockSwitchActivated_SpawnInfo	spawninfo
ov002	0x02108a5c	BrickBlockSwitchActivated_SpawnInfo	g_profile_SW_BLOCK_L	reconstructed profile global; literal ROM ID SW_BLOCK_L+registry role+later EAD lineage; exact SM64DS spelling not preserved
ov002	0x02108a78	data_ov002_02108a78	BlackBrickBlock_SpawnInfo	spawninfo
ov002	0x02108a78	BlackBrickBlock_SpawnInfo	g_profile_BLOCK_LL	reconstructed profile global; literal ROM ID BLOCK_LL+registry role+later EAD lineage; exact SM64DS spelling not preserved
ov002	0x02108a94	data_ov002_02108a94	FortressTowerWall_SpawnInfo	spawninfo
ov002	0x02108a94	FortressTowerWall_SpawnInfo	g_profile_BK_FUTA	reconstructed profile global; literal ROM ID BK_FUTA+registry role+later EAD lineage; exact SM64DS spelling not preserved
ov002	0x02108adc	data_ov002_02108adc	_ZTV13BigBrickBlock	vtable alloc=0x330
ov002	0x02108ba0	data_ov002_02108ba0	MegaMushroomBlockTag_SpawnInfo	spawninfo
ov002	0x02108ba0	MegaMushroomBlockTag_SpawnInfo	g_profile_BLK_SKINOKO_TAG	reconstructed profile global; literal ROM ID BLK_SKINOKO_TAG+registry role+later EAD lineage; exact SM64DS spelling not preserved
ov002	0x02108bbc	data_ov002_02108bbc	GreenShellBlockTag_SpawnInfo	spawninfo
ov002	0x02108bbc	GreenShellBlockTag_SpawnInfo	g_profile_BLK_GNSHELL_TAG	reconstructed profile global; literal ROM ID BLK_GNSHELL_TAG+registry role+later EAD lineage; exact SM64DS spelling not preserved
ov002	0x02108bd8	data_ov002_02108bd8	SilverStarBlockTag_SpawnInfo	spawninfo
ov002	0x02108bd8	SilverStarBlockTag_SpawnInfo	g_profile_BLK_SLVSTAR_TAG	reconstructed profile global; literal ROM ID BLK_SLVSTAR_TAG+registry role+later EAD lineage; exact SM64DS spelling not preserved
ov002	0x02108bf4	data_ov002_02108bf4	OneUpMushroomBlockTag_SpawnInfo	spawninfo
ov002	0x02108bf4	OneUpMushroomBlockTag_SpawnInfo	g_profile_BLK_OKINOKO_TAG	reconstructed profile global; literal ROM ID BLK_OKINOKO_TAG+registry role+later EAD lineage; exact SM64DS spelling not preserved
ov002	0x02108c18	data_ov002_02108c18	_ZTV10BrickBlock	vtable alloc=0xdc
ov002	0x02108cb4	data_ov002_02108cb4	MegaMushroomTag_SpawnInfo	spawninfo
ov002	0x02108cb4	MegaMushroomTag_SpawnInfo	g_profile_KINOKO_TAG	reconstructed profile global; literal ROM ID KINOKO_TAG+registry role+later EAD lineage; exact SM64DS spelling not preserved
ov002	0x02108cd0	data_ov002_02108cd0	MegaMushroomCreateTag_SpawnInfo	spawninfo
ov002	0x02108cd0	MegaMushroomCreateTag_SpawnInfo	g_profile_KINOKO_CREATE_TAG	reconstructed profile global; literal ROM ID KINOKO_CREATE_TAG+registry role+later EAD lineage; exact SM64DS spelling not preserved
ov002	0x02108cf4	data_ov002_02108cf4	_ZTV16daObjKinokoTag_c	vtable alloc=0x110; class name from ROM RTTI
ov002	0x02108e38	data_ov002_02108e38	QuestionSwitch_SpawnInfo	spawninfo
ov002	0x02108e38	QuestionSwitch_SpawnInfo	g_profile_HATENA_SWITCH	reconstructed profile global; literal ROM ID HATENA_SWITCH+registry role+later EAD lineage; exact SM64DS spelling not preserved; row recorded retroactively -- the rename reached symbols.txt without a ledger entry
ov002	0x02108e5c	data_ov002_02108e5c	_ZTV19daObjHatenaSwitch_c	vtable alloc=0x724; class name from ROM RTTI
ov002	0x02108ef8	data_ov002_02108ef8	RedFlame_SpawnInfo	spawninfo
ov002	0x02108ef8	RedFlame_SpawnInfo	g_profile_OBJ_RED_FIRE	reconstructed profile global; literal ROM ID OBJ_RED_FIRE+registry role+later EAD lineage; exact SM64DS spelling not preserved
ov002	0x02108f14	data_ov002_02108f14	BlueFlame_SpawnInfo	spawninfo
ov002	0x02108f14	BlueFlame_SpawnInfo	g_profile_OBJ_BLUE_FIRE	reconstructed profile global; literal ROM ID OBJ_BLUE_FIRE+registry role+later EAD lineage; exact SM64DS spelling not preserved
ov002	0x02108f38	data_ov002_02108f38	_ZTV9BlueFlame	vtable alloc=0x118
ov002	0x021093bc	data_ov002_021093bc	PoppingLavaBubbles_SpawnInfo	spawninfo
ov002	0x021093bc	PoppingLavaBubbles_SpawnInfo	g_profile_LAVA	reconstructed profile global; literal ROM ID LAVA+registry role+later EAD lineage; exact SM64DS spelling not preserved
ov002	0x0210947c	data_ov002_0210947c	WaterfallMist_SpawnInfo	spawninfo
ov002	0x0210947c	WaterfallMist_SpawnInfo	g_profile_WATERFALL	reconstructed profile global; literal ROM ID WATERFALL+registry role+later EAD lineage; exact SM64DS spelling not preserved
ov002	0x021094a0	data_ov002_021094a0	_ZTV16daObjWaterfall_c	vtable alloc=? (was _ZTV18PoppingLavaBubbles)
ov002	0x021095cc	data_ov002_021095cc	Cap_SpawnInfo	spawninfo
ov002	0x021095cc	Cap_SpawnInfo	g_profile_OBJ_MARIO_CAP	reconstructed profile global; literal ROM ID OBJ_MARIO_CAP+registry role+later EAD lineage; exact SM64DS spelling not preserved
ov002	0x021095f0	data_ov002_021095f0	_ZTV15daObjMarioCap_c	vtable alloc=? (was _ZTV13WaterfallMist)
ov002	0x0210968c	data_ov002_0210968c	PushBlock_SpawnInfo	spawninfo
ov002	0x0210968c	PushBlock_SpawnInfo	g_profile_PUSHBLOCK	reconstructed profile global; literal ROM ID PUSHBLOCK+registry role+later EAD lineage; exact SM64DS spelling not preserved
ov002	0x021097a0	data_ov002_021097a0	PowerFlower_SpawnInfo	spawninfo
ov002	0x021097a0	PowerFlower_SpawnInfo	g_profile_POWER_UP_ITEM	reconstructed profile global; literal ROM ID POWER_UP_ITEM+registry role+later EAD lineage; exact SM64DS spelling not preserved
ov002	0x02109800	data_ov002_02109800	_ZTV11PowerFlower	vtable alloc=? (was _ZTV16daObjPushblock_c)
ov002	0x02109900	data_ov002_02109900	ExclamationSwitch_SpawnInfo	spawninfo
ov002	0x02109900	ExclamationSwitch_SpawnInfo	g_profile_HANSWITCH	reconstructed profile global; literal ROM ID HANSWITCH+registry role+later EAD lineage; exact SM64DS spelling not preserved
ov002	0x0210991c	data_ov002_0210991c	StarSwitch_SpawnInfo	spawninfo
ov002	0x0210991c	StarSwitch_SpawnInfo	g_profile_STAR_SWITCH	reconstructed profile global; literal ROM ID STAR_SWITCH+registry role+later EAD lineage; exact SM64DS spelling not preserved
ov002	0x02109940	data_ov002_02109940	_ZTV10StarSwitch	vtable alloc=0x354
ov002	0x02109ad4	data_ov002_02109ad4	SignPost_SpawnInfo	spawninfo
ov002	0x02109ad4	SignPost_SpawnInfo	g_profile_TATEFUDA	reconstructed profile global; literal ROM ID TATEFUDA+registry role+later EAD lineage; exact SM64DS spelling not preserved
ov002	0x02109af8	data_ov002_02109af8	_ZTV8SignPost	vtable alloc=?
ov002	0x02109b94	data_ov002_02109b94	daObjWakame_c_SpawnInfo	spawninfo
ov002	0x02109b94	daObjWakame_c_SpawnInfo	g_profile_WAKAME	reconstructed profile global; literal ROM ID WAKAME+registry role+later EAD lineage; exact SM64DS spelling not preserved
ov002	0x02109c50	data_ov002_02109c50	HealingHeart_SpawnInfo	spawninfo
ov002	0x02109c50	HealingHeart_SpawnInfo	g_profile_HEART	reconstructed profile global; literal ROM ID HEART+registry role+later EAD lineage; exact SM64DS spelling not preserved
ov002	0x02109c74	data_ov002_02109c74	_ZTV12HealingHeart	vtable alloc=? (was _ZTV7Seaweed)
ov002	0x02109d14	data_ov002_02109d14	daObjCannonShutter_c_SpawnInfo	spawninfo
ov002	0x02109d14	daObjCannonShutter_c_SpawnInfo	g_profile_CANNON_SHUTTER	reconstructed profile global; literal ROM ID CANNON_SHUTTER+registry role+later EAD lineage; exact SM64DS spelling not preserved
ov002	0x02109d38	data_ov002_02109d38	_ZTV20daObjCannonShutter_c	vtable alloc=0x1
ov002	0x0210a704	data_ov002_0210a704	Player_SpawnInfo	spawninfo
ov002	0x0210a704	Player_SpawnInfo	g_profile_PLAYER	reconstructed profile global; literal ROM ID PLAYER+registry role+later EAD lineage; exact SM64DS spelling not preserved
ov002	0x0210aa40	data_ov002_0210aa40	PowerStar_SpawnInfo	spawninfo
ov002	0x0210aa40	PowerStar_SpawnInfo	g_profile_STAR	reconstructed profile global; literal ROM ID STAR+registry role+later EAD lineage; exact SM64DS spelling not preserved
ov002	0x0210aa5c	data_ov002_0210aa5c	SilverStar_SpawnInfo	spawninfo
ov002	0x0210aa5c	SilverStar_SpawnInfo	g_profile_SILVER_STAR	reconstructed profile global; literal ROM ID SILVER_STAR+registry role+later EAD lineage; exact SM64DS spelling not preserved
ov002	0x0210aa78	data_ov002_0210aa78	StarMarker_SpawnInfo	spawninfo
ov002	0x0210aa78	StarMarker_SpawnInfo	g_profile_STARBASE	reconstructed profile global; literal ROM ID STARBASE+registry role+later EAD lineage; exact SM64DS spelling not preserved
ov002	0x0210aa94	data_ov002_0210aa94	StarCamera_SpawnInfo	spawninfo
ov002	0x0210aa94	StarCamera_SpawnInfo	g_profile_STAR_CAMERA	reconstructed profile global; literal ROM ID STAR_CAMERA+registry role+later EAD lineage; exact SM64DS spelling not preserved
ov002	0x0210aab8	data_ov002_0210aab8	_ZTV10StarMarker	vtable alloc=0x1dc
ov002	0x0210ab3c	data_ov002_0210ab3c	_ZTV9PowerStar	vtable alloc=?
ov002	0x0210abdc	data_ov002_0210abdc	Tree_SpawnInfo	spawninfo
ov002	0x0210abdc	Tree_SpawnInfo	g_profile_TREE	reconstructed profile global; literal ROM ID TREE+registry role+later EAD lineage; exact SM64DS spelling not preserved
ov002	0x0210ac00	data_ov002_0210ac00	_ZTV8daTree_c	vtable alloc=0x264
ov002	0x0210ac98	data_ov002_0210ac98	daWarpkun_c_SpawnInfo	spawninfo
ov002	0x0210ac98	daWarpkun_c_SpawnInfo	g_profile_WARPKUN	reconstructed profile global; literal ROM ID WARPKUN+registry role+later EAD lineage; exact SM64DS spelling not preserved
ov002	0x0210ad90	data_ov002_0210ad90	YoshiEgg_SpawnInfo	spawninfo
ov002	0x0210ad90	YoshiEgg_SpawnInfo	g_profile_YOSHI_EGG	reconstructed profile global; literal ROM ID YOSHI_EGG+registry role+later EAD lineage; exact SM64DS spelling not preserved
ov002	0x0210adb4	data_ov002_0210adb4	_ZTV8YoshiEgg	vtable alloc=?
ov002	0x0210ae38	data_ov002_0210ae38	_ZTV10dBgActor_c	vtable alloc=? (was _ZTV17ExclamationSwitch)
ov002	0x0210b00c	data_ov002_0210b00c	InvisibleSecret_SpawnInfo	spawninfo
ov002	0x0210b00c	InvisibleSecret_SpawnInfo	g_profile_SECRET_COIN	reconstructed profile global; literal ROM ID SECRET_COIN+registry role+later EAD lineage; exact SM64DS spelling not preserved
ov002	0x0210b0c8	data_ov002_0210b0c8	Number_SpawnInfo	spawninfo
ov002	0x0210b0c8	Number_SpawnInfo	g_profile_OBJ_NUMBER	reconstructed profile global; literal ROM ID OBJ_NUMBER+registry role+later EAD lineage; exact SM64DS spelling not preserved
ov002	0x0210b0ec	data_ov002_0210b0ec	_ZTV6Number	vtable alloc=? (was _ZTV15InvisibleSecret)
ov002	0x0210b188	data_ov002_0210b188	OneUpLogo_SpawnInfo	spawninfo
ov002	0x0210b188	OneUpLogo_SpawnInfo	g_profile_OBJ_1UPLOGO	reconstructed profile global; literal ROM ID OBJ_1UPLOGO+registry role+later EAD lineage; exact SM64DS spelling not preserved
ov002	0x0210b1ac	data_ov002_0210b1ac	_ZTV9OneUpLogo	vtable alloc=0x150
ov002	0x0210b248	data_ov002_0210b248	daObjBC_Switch_c_SpawnInfo	spawninfo
ov002	0x0210b248	daObjBC_Switch_c_SpawnInfo	g_profile_BC_SWITCH	reconstructed profile global; literal ROM ID BC_SWITCH+registry role+later EAD lineage; exact SM64DS spelling not preserved
ov002	0x0210b324	data_ov002_0210b324	EnemySwitchTag_SpawnInfo	spawninfo
ov002	0x0210b324	EnemySwitchTag_SpawnInfo	g_profile_ENEMY_SWITCH	reconstructed profile global; literal ROM ID ENEMY_SWITCH+registry role+later EAD lineage; exact SM64DS spelling not preserved
ov002	0x0210b340	data_ov002_0210b340	EnemySpawner_SpawnInfo	spawninfo
ov002	0x0210b340	EnemySpawner_SpawnInfo	g_profile_ENEMY_CREATE	reconstructed profile global; literal ROM ID ENEMY_CREATE+registry role+later EAD lineage; exact SM64DS spelling not preserved
ov002	0x0210b364	data_ov002_0210b364	_ZTV12EnemySpawner	vtable alloc=0x110
ov002	0x0210b3e8	data_ov002_0210b3e8	_ZTV14EnemySwitchTag	vtable alloc=? (was _ZTV14BlueCoinSwitch)
ov002	0x0210b47c	data_ov002_0210b47c	daSetSE_c_SpawnInfo	spawninfo
ov002	0x0210b47c	daSetSE_c_SpawnInfo	g_profile_SET_SE	reconstructed profile global; literal ROM ID SET_SE+registry role+later EAD lineage; exact SM64DS spelling not preserved
ov002	0x0210b4c8	data_ov002_0210b4c8	_ZTV9daSetSE_c	vtable alloc=? (was _ZTV14EnemySwitchTag)
ov002	0x0210b560	data_ov002_0210b560	MugenBgm_SpawnInfo	spawninfo
ov002	0x0210b560	MugenBgm_SpawnInfo	g_profile_MUGEN_BGM	reconstructed profile global; literal ROM ID MUGEN_BGM+registry role+later EAD lineage; exact SM64DS spelling not preserved
ov002	0x0210b584	data_ov002_0210b584	_ZTV8MugenBgm	vtable alloc=? (was _ZTV19AmbientSoundEffects)
ov002	0x0210ba60	data_ov002_0210ba60	CutsceneObject_SpawnInfo	spawninfo
ov002	0x0210ba60	CutsceneObject_SpawnInfo	g_profile_DEMO	reconstructed profile global; literal ROM ID DEMO+registry role+later EAD lineage; exact SM64DS spelling not preserved
ov002	0x0210bd60	data_ov002_0210bd60	_ZTV14CutsceneObject	vtable alloc=? (was _ZTV8MugenBgm)
ov002	0x0210bf70	data_ov002_0210bf70	Fireball_SpawnInfo	spawninfo
ov002	0x0210bf70	Fireball_SpawnInfo	g_profile_FPAKUN_BALL	reconstructed profile global; literal ROM ID FPAKUN_BALL+registry role+later EAD lineage; exact SM64DS spelling not preserved
ov002	0x0210bf94	data_ov002_0210bf94	_ZTV8Fireball	vtable alloc=0x378
ov002	0x0210c064	data_ov002_0210c064	daSoundObj_c_SpawnInfo	spawninfo
ov002	0x0210c064	daSoundObj_c_SpawnInfo	g_profile_SOUND_OBJ	reconstructed profile global; literal ROM ID SOUND_OBJ+registry role+later EAD lineage; exact SM64DS spelling not preserved
ov002	0x0210c160	_ZN7Minimap9spawnDataE	g_profile_MAP	reconstructed profile global; literal ROM ID MAP+registry role+later EAD lineage; exact SM64DS spelling not preserved
ov002	0x0210c210	_ZN3HUD9spawnDataE	g_profile_METER	reconstructed profile global; literal ROM ID METER+registry role+later EAD lineage; exact SM64DS spelling not preserved
ov002	0x0210d630	data_ov002_0210d630	Bullet_SpawnInfo	spawninfo
ov002	0x0210d630	Bullet_SpawnInfo	g_profile_PROPELLER_HEYHO_FIRE	reconstructed profile global; literal ROM ID PROPELLER_HEYHO_FIRE+registry role+later EAD lineage; exact SM64DS spelling not preserved
ov002	0x0210d654	data_ov002_0210d654	_ZTV6Bullet	vtable alloc=0x35c
ov003	0x020b04f0	func_ov003_020b04f0	StarSelect_Spawn	spawnfunc
ov003	0x020b04f0	StarSelect_Spawn	dScStarSel_c_classInit	reconstructed classInit; ROM RTTI+factory shape+unique class factory+later EAD lineage; exact SM64DS spelling not preserved
ov003	0x020b16b4	data_ov003_020b16b4	StarSelect_SpawnInfo	spawninfo
ov003	0x020b16b4	StarSelect_SpawnInfo	g_profile_STAR_SELECT	reconstructed profile global; literal ROM ID STAR_SELECT+registry role+later EAD lineage; exact SM64DS spelling not preserved
ov003	0x020adc10	func_ov003_020adc10	dScTitle_c_classInit	reconstructed classInit; ROM RTTI+factory shape+unique class factory+later EAD lineage; exact SM64DS spelling not preserved
ov003	0x020b1380	data_ov003_020b1380	g_profile_TITLE	reconstructed profile global; literal ROM ID TITLE+registry role+later EAD lineage; exact SM64DS spelling not preserved
ov003	0x020b1118	func_ov003_020b1118	dScGameOver_c_classInit	reconstructed classInit; ROM RTTI+factory shape+unique class factory+later EAD lineage; exact SM64DS spelling not preserved
ov003	0x020b1750	data_ov003_020b1750	g_profile_GAME_OVER	reconstructed profile global; literal ROM ID GAME_OVER+registry role+later EAD lineage; exact SM64DS spelling not preserved
ov005	0x020c21ec	func_ov005_020c21ec	dScMiniGm_c_classInit	reconstructed classInit; ROM RTTI+factory shape+unique class factory+later EAD lineage; exact SM64DS spelling not preserved
ov005	0x020c2440	data_ov005_020c2440	g_profile_MINIGAME	reconstructed profile global; literal ROM ID MINIGAME+registry role+later EAD lineage; exact SM64DS spelling not preserved
ov006	0x020d5974	func_ov006_020d5974	dScMgAmida_c_classInit	reconstructed classInit; ROM RTTI+factory shape+unique class factory+later EAD lineage; exact SM64DS spelling not preserved
ov006	0x020d9574	func_ov006_020d9574	MgSortOrSplode_Spawn	spawnfunc
ov006	0x020d9574	MgSortOrSplode_Spawn	dScMgBomroom_c_classInit	reconstructed classInit; ROM RTTI+factory shape+unique class factory+later EAD lineage; exact SM64DS spelling not preserved
ov006	0x020dbd54	func_ov006_020dbd54	MgPicturePoker_Spawn	spawnfunc
ov006	0x020dbd54	MgPicturePoker_Spawn	dScMgCard_c_classInit	reconstructed classInit; ROM RTTI+factory shape+unique class factory+later EAD lineage; exact SM64DS spelling not preserved
ov006	0x020de940	func_ov006_020de940	MgCoincentration_Spawn	spawnfunc
ov006	0x020de940	MgCoincentration_Spawn	dScMgCoin_c_classInit	reconstructed classInit; ROM RTTI+factory shape+unique class factory+later EAD lineage; exact SM64DS spelling not preserved
ov006	0x020e0574	func_ov006_020e0574	dScMgCup_c_classInit	reconstructed classInit; ROM RTTI+factory shape+unique class factory+later EAD lineage; exact SM64DS spelling not preserved
ov006	0x020e3820	func_ov006_020e3820	MgShuffleShell_Spawn	spawnfunc
ov006	0x020e3820	MgShuffleShell_Spawn	dScMgCurling_c_classInit	reconstructed classInit; ROM RTTI+factory shape+unique class factory+later EAD lineage; exact SM64DS spelling not preserved
ov006	0x020e6c28	func_ov006_020e6c28	_ZN14dScMgD3DBase_cD1Ev	vtable slot 16 (was _ZN17MgBounceAndPounceD1Ev)
ov006	0x020e6c60	func_ov006_020e6c60	_ZN14dScMgD3DBase_cD0Ev	vtable slot 17 (was _ZN17MgBounceAndPounceD0Ev)
ov006	0x020e6f60	func_ov006_020e6f60	_ZN14dScMgD3DBase_c21AfterCleanupResourcesEj	vtable slot 5 (was _ZN17MgBounceAndPounce21AfterCleanupResourcesEj)
ov006	0x020e700c	func_ov006_020e700c	_ZN14dScMgD3DBase_c11AfterRenderEj	vtable slot 11 (was _ZN17MgBounceAndPounce11AfterRenderEj)
ov006	0x020e7040	func_ov006_020e7040	_ZN14dScMgD3DBase_c12BeforeRenderEv	vtable slot 10 (was _ZN17MgBounceAndPounce12BeforeRenderEv)
ov006	0x020e7074	func_ov006_020e7074	_ZN14dScMgD3DBase_c14BeforeBehaviorEv	vtable slot 7 (was _ZN17MgBounceAndPounce14BeforeBehaviorEv)
ov006	0x020e70c0	func_ov006_020e70c0	_ZN14dScMgD3DBase_c18AfterInitResourcesEj	vtable slot 2 (was _ZN17MgBounceAndPounce18AfterInitResourcesEj)
ov006	0x020e70e4	func_ov006_020e70e4	_ZN14dScMgD3DBase_c19BeforeInitResourcesEv	vtable slot 1 (was _ZN17MgBounceAndPounce19BeforeInitResourcesEv)
ov006	0x020ea1f0	func_ov006_020ea1f0	MgPsycheOut_Spawn	spawnfunc
ov006	0x020ea1f0	MgPsycheOut_Spawn	dScMg3DEsp_c_classInit	reconstructed classInit; ROM RTTI+factory shape+unique class factory+later EAD lineage; exact SM64DS spelling not preserved
ov006	0x020ede18	func_ov006_020ede18	MgWhichWiggler_Spawn	spawnfunc
ov006	0x020ede18	MgWhichWiggler_Spawn	dScMgHanachan_c_classInit	reconstructed classInit; ROM RTTI+factory shape+unique class factory+later EAD lineage; exact SM64DS spelling not preserved
ov006	0x020eeafc	func_ov006_020eeafc	MgBounceAndPounce_Spawn	spawnfunc
ov006	0x020eeafc	MgBounceAndPounce_Spawn	dScMgJump_c_classInit	reconstructed classInit; ROM RTTI+factory shape+unique class factory+later EAD lineage; exact SM64DS spelling not preserved
ov006	0x020efaf0	dScMgJump2_c_Spawn	dScMgJump2_c_classInit	reconstructed classInit; ROM RTTI+factory shape+unique class factory+later EAD lineage; exact SM64DS spelling not preserved
ov006	0x020f3800	func_ov006_020f3800	MgWanted_Spawn	spawnfunc
ov006	0x020f3800	MgWanted_Spawn	dScMgLuigi_c_classInit	reconstructed classInit; ROM RTTI+factory shape+unique class factory+later EAD lineage; exact SM64DS spelling not preserved
ov006	0x020f5504	func_ov006_020f5504	MgMemoryMatch_Spawn	spawnfunc
ov006	0x020f5504	MgMemoryMatch_Spawn	dScMgMemory_c_classInit	reconstructed classInit; ROM RTTI+factory shape+unique class factory+later EAD lineage; exact SM64DS spelling not preserved
ov006	0x020f75d4	func_ov006_020f75d4	MgMemoryMaster_Spawn	spawnfunc
ov006	0x020f75d4	MgMemoryMaster_Spawn	dScMgMemory2_c_classInit	reconstructed classInit; ROM RTTI+factory shape+unique class factory+later EAD lineage; exact SM64DS spelling not preserved
ov006	0x020f8e44	func_ov006_020f8e44	dScMgMCarlo_c_classInit	reconstructed classInit; ROM RTTI+factory shape+unique class factory+later EAD lineage; exact SM64DS spelling not preserved
ov006	0x020fa6ac	func_ov006_020fa6ac	MgPairAGoneAndOn_Spawn	spawnfunc
ov006	0x020fa6ac	MgPairAGoneAndOn_Spawn	dScMgMCarlo2_c_classInit	reconstructed classInit; ROM RTTI+factory shape+unique class factory+later EAD lineage; exact SM64DS spelling not preserved
ov006	0x020ff3ec	func_ov006_020ff3ec	MgBobOmbSquad_Spawn	spawnfunc
ov006	0x020ff3ec	MgBobOmbSquad_Spawn	dScMgPachinko_c_classInit	reconstructed classInit; ROM RTTI+factory shape+unique class factory+later EAD lineage; exact SM64DS spelling not preserved
ov006	0x02104258	func_ov006_02104258	MgLakituLaunch_Spawn	spawnfunc
ov006	0x02104258	MgLakituLaunch_Spawn	dScMgPachinko2_c_classInit	reconstructed classInit; ROM RTTI+factory shape+unique class factory+later EAD lineage; exact SM64DS spelling not preserved
ov006	0x02107858	func_ov006_02107858	MgPuzzlePanelPuzzlePanic_Spawn	spawnfunc
ov006	0x02107858	MgPuzzlePanelPuzzlePanic_Spawn	dScMgPanel_c_classInit	reconstructed classInit; ROM RTTI+factory shape+unique class factory+later EAD lineage; exact SM64DS spelling not preserved
ov006	0x0210a400	func_ov006_0210a400	MgMushroomRoulette_Spawn	spawnfunc
ov006	0x0210a400	MgMushroomRoulette_Spawn	dScMgRoulette_c_classInit	reconstructed classInit; ROM RTTI+factory shape+unique class factory+later EAD lineage; exact SM64DS spelling not preserved
ov006	0x0210c120	func_ov006_0210c120	dScMgSlot3_c_classInit	reconstructed classInit; ROM RTTI+factory shape+unique class factory+later EAD lineage; exact SM64DS spelling not preserved
ov006	0x0210d6b8	func_ov006_0210d6b8	dScMgSlot1_c_classInit	reconstructed classInit; ROM RTTI+factory shape+unique class factory+later EAD lineage; exact SM64DS spelling not preserved
ov006	0x02119824	func_ov006_02119824	MgBingoBallSlotsShot_Spawn	spawnfunc
ov006	0x02119824	MgBingoBallSlotsShot_Spawn	dScMgSmartball_c_classInit	reconstructed classInit; ROM RTTI+factory shape+unique class factory+later EAD lineage; exact SM64DS spelling not preserved
ov006	0x0211cb70	func_ov006_0211cb70	MgBoomBox_Spawn	spawnfunc
ov006	0x0211cb70	MgBoomBox_Spawn	dScMgSound_c_classInit	reconstructed classInit; ROM RTTI+factory shape+unique class factory+later EAD lineage; exact SM64DS spelling not preserved
ov006	0x021207a8	func_ov006_021207a8	MgHideAndBooSeek_Spawn	spawnfunc
ov006	0x021207a8	MgHideAndBooSeek_Spawn	dScMgTeresa_c_classInit	reconstructed classInit; ROM RTTI+factory shape+unique class factory+later EAD lineage; exact SM64DS spelling not preserved
ov006	0x02122490	func_ov006_02122490	MgTrampolineTime_Spawn	spawnfunc
ov006	0x02122490	MgTrampolineTime_Spawn	dScMgTrampoline_c_classInit	reconstructed classInit; ROM RTTI+factory shape+unique class factory+later EAD lineage; exact SM64DS spelling not preserved
ov006	0x0212471c	func_ov006_0212471c	MgTrampolineTerror_Spawn	spawnfunc
ov006	0x0212471c	MgTrampolineTerror_Spawn	dScMgTrampoline2_c_classInit	reconstructed classInit; ROM RTTI+factory shape+unique class factory+later EAD lineage; exact SM64DS spelling not preserved
ov006	0x021255f8	func_ov006_021255f8	MgLuckyStars_Spawn	spawnfunc
ov006	0x021255f8	MgLuckyStars_Spawn	dScMgBSC_c_classInit	reconstructed classInit; ROM RTTI+factory shape+unique class factory+later EAD lineage; exact SM64DS spelling not preserved
ov006	0x0212a520	func_ov006_0212a520	MgSnowballSlalom_Spawn	spawnfunc
ov006	0x0212a520	MgSnowballSlalom_Spawn	dScMgSnowball_c_classInit	reconstructed classInit; ROM RTTI+factory shape+unique class factory+later EAD lineage; exact SM64DS spelling not preserved
ov006	0x0212b7f8	func_ov006_0212b7f8	dScMgFlower_c_classInit	reconstructed classInit; ROM RTTI+factory shape+unique class factory+later EAD lineage; exact SM64DS spelling not preserved
ov006	0x0213b814	data_ov006_0213b814	g_profile_MG_AMIDA	reconstructed profile global; literal ROM ID MG_AMIDA+registry role+later EAD lineage; exact SM64DS spelling not preserved
ov006	0x0213badc	data_ov006_0213badc	MgSortOrSplode_SpawnInfo	spawninfo
ov006	0x0213badc	MgSortOrSplode_SpawnInfo	g_profile_MG_BOMROOM	reconstructed profile global; literal ROM ID MG_BOMROOM+registry role+later EAD lineage; exact SM64DS spelling not preserved
ov006	0x0213bc50	data_ov006_0213bc50	MgPicturePoker_SpawnInfo	spawninfo
ov006	0x0213bc50	MgPicturePoker_SpawnInfo	g_profile_MG_CARD	reconstructed profile global; literal ROM ID MG_CARD+registry role+later EAD lineage; exact SM64DS spelling not preserved
ov006	0x0213bedc	data_ov006_0213bedc	MgCoincentration_SpawnInfo	spawninfo
ov006	0x0213bedc	MgCoincentration_SpawnInfo	g_profile_MG_COIN	reconstructed profile global; literal ROM ID MG_COIN+registry role+later EAD lineage; exact SM64DS spelling not preserved
ov006	0x0213c214	data_ov006_0213c214	MgShuffleShell_SpawnInfo	spawninfo
ov006	0x0213c214	MgShuffleShell_SpawnInfo	g_profile_MG_CURLING	reconstructed profile global; literal ROM ID MG_CURLING+registry role+later EAD lineage; exact SM64DS spelling not preserved
ov006	0x020e6bf4	func_ov006_020e6bf4	dScMgCurling2_c_classInit	reconstructed classInit; ROM RTTI+factory shape+unique class factory+later EAD lineage; exact SM64DS spelling not preserved
ov006	0x0213c434	data_ov006_0213c434	g_profile_MG_CURLING_J	reconstructed profile global; literal ROM ID MG_CURLING_J+registry role+later EAD lineage; exact SM64DS spelling not preserved
ov006	0x0213c020	data_ov006_0213c020	g_profile_MG_CUP	reconstructed profile global; literal ROM ID MG_CUP+registry role+later EAD lineage; exact SM64DS spelling not preserved
ov006	0x0213c62c	data_ov006_0213c62c	_ZTV14dScMgD3DBase_c	vtable alloc=? (was _ZTV17MgBounceAndPounce)
ov006	0x0213c78c	data_ov006_0213c78c	MgPsycheOut_SpawnInfo	spawninfo
ov006	0x0213c78c	MgPsycheOut_SpawnInfo	g_profile_MG_3DESP	reconstructed profile global; literal ROM ID MG_3DESP+registry role+later EAD lineage; exact SM64DS spelling not preserved
ov006	0x0213cb64	data_ov006_0213cb64	MgBounceAndPounce_SpawnInfo	spawninfo
ov006	0x0213ce0c	data_ov006_0213ce0c	MgWanted_SpawnInfo	spawninfo
ov006	0x0213cfd8	data_ov006_0213cfd8	MgMemoryMatch_SpawnInfo	spawninfo
ov006	0x0213d288	data_ov006_0213d288	MgMemoryMaster_SpawnInfo	spawninfo
ov006	0x0213d580	data_ov006_0213d580	g_profile_MG_MCARLO	reconstructed profile global; literal ROM ID MG_MCARLO+registry role+later EAD lineage; exact SM64DS spelling not preserved
ov006	0x0213d910	data_ov006_0213d910	MgBobOmbSquad_SpawnInfo	spawninfo
ov006	0x0213da64	data_ov006_0213da64	MgLakituLaunch_SpawnInfo	spawninfo
ov006	0x0213dc64	data_ov006_0213dc64	MgPuzzlePanelPuzzlePanic_SpawnInfo	spawninfo
ov006	0x0213e508	data_ov006_0213e508	g_profile_MG_SLOT3	reconstructed profile global; literal ROM ID MG_SLOT3+registry role+later EAD lineage; exact SM64DS spelling not preserved
ov006	0x0213e560	data_ov006_0213e560	g_profile_MG_SLOT1	reconstructed profile global; literal ROM ID MG_SLOT1+registry role+later EAD lineage; exact SM64DS spelling not preserved
ov006	0x0213f69c	data_ov006_0213f69c	MgBoomBox_SpawnInfo	spawninfo
ov006	0x0213f974	data_ov006_0213f974	MgHideAndBooSeek_SpawnInfo	spawninfo
ov006	0x0213fab8	data_ov006_0213fab8	MgTrampolineTime_SpawnInfo	spawninfo
ov006	0x0213fd6c	data_ov006_0213fd6c	MgLuckyStars_SpawnInfo	spawninfo
ov006	0x0213ffb8	data_ov006_0213ffb8	MgSnowballSlalom_SpawnInfo	spawninfo
ov006	0x02140114	data_ov006_02140114	g_profile_MG_FLOWER	reconstructed profile global; literal ROM ID MG_FLOWER+registry role+later EAD lineage; exact SM64DS spelling not preserved
ov006	0x0213c98c	data_ov006_0213c98c	MgWhichWiggler_SpawnInfo	spawninfo
ov006	0x0213c98c	MgWhichWiggler_SpawnInfo	g_profile_MG_HANACHAN	reconstructed profile global; literal ROM ID MG_HANACHAN+registry role+later EAD lineage; exact SM64DS spelling not preserved
ov006	0x0213cc7c	data_ov006_0213cc7c	MgBounceAndTrounce_SpawnInfo	spawninfo
ov006	0x0213cc7c	MgBounceAndTrounce_SpawnInfo	g_profile_MG_JUMP2	reconstructed profile global; literal ROM ID MG_JUMP2+registry role+later EAD lineage; exact SM64DS spelling not preserved
ov006	0x0213d70c	data_ov006_0213d70c	MgPairAGoneAndOn_SpawnInfo	spawninfo
ov006	0x0213d70c	MgPairAGoneAndOn_SpawnInfo	g_profile_MG_MCARLO2	reconstructed profile global; literal ROM ID MG_MCARLO2+registry role+later EAD lineage; exact SM64DS spelling not preserved
ov006	0x0213e2f0	data_ov006_0213e2f0	MgMushroomRoulette_SpawnInfo	spawninfo
ov006	0x0213e2f0	MgMushroomRoulette_SpawnInfo	g_profile_MG_ROULETTE	reconstructed profile global; literal ROM ID MG_ROULETTE+registry role+later EAD lineage; exact SM64DS spelling not preserved
ov006	0x0213ebd0	data_ov006_0213ebd0	MgBingoBallSlotsShot_SpawnInfo	spawninfo
ov006	0x0213ebd0	MgBingoBallSlotsShot_SpawnInfo	g_profile_MG_SMARTBALL	reconstructed profile global; literal ROM ID MG_SMARTBALL+registry role+later EAD lineage; exact SM64DS spelling not preserved
ov006	0x0213fbc8	data_ov006_0213fbc8	MgTrampolineTerror_SpawnInfo	spawninfo
ov006	0x0213fbc8	MgTrampolineTerror_SpawnInfo	g_profile_MG_TRAMPOLINE2	reconstructed profile global; literal ROM ID MG_TRAMPOLINE2+registry role+later EAD lineage; exact SM64DS spelling not preserved
ov007	0x020ccad0	func_ov007_020ccad0	dScDSMT_c_classInit	reconstructed classInit; ROM RTTI+factory shape+unique class factory+later EAD lineage; exact SM64DS spelling not preserved
ov007	0x02103264	data_ov007_02103264	g_profile_DSMT	reconstructed profile global; literal ROM ID DSMT+registry role+later EAD lineage; exact SM64DS spelling not preserved
ov006	0x0213cb64	MgBounceAndPounce_SpawnInfo	g_profile_MG_JUMP	reconstructed profile global; literal ROM ID MG_JUMP+registry role+later EAD lineage; exact SM64DS spelling not preserved
ov006	0x0213ce0c	data_ov006_0213ce0c	MgWanted_SpawnInfo	spawninfo
ov006	0x0213ce0c	MgWanted_SpawnInfo	g_profile_MG_LUIGI	reconstructed profile global; literal ROM ID MG_LUIGI+registry role+later EAD lineage; exact SM64DS spelling not preserved
ov006	0x0213cfd8	data_ov006_0213cfd8	MgMemoryMatch_SpawnInfo	spawninfo
ov006	0x0213cfd8	MgMemoryMatch_SpawnInfo	g_profile_MG_MEMORY	reconstructed profile global; literal ROM ID MG_MEMORY+registry role+later EAD lineage; exact SM64DS spelling not preserved
ov006	0x0213d288	data_ov006_0213d288	MgMemoryMaster_SpawnInfo	spawninfo
ov006	0x0213d288	MgMemoryMaster_SpawnInfo	g_profile_MG_MEMORY_J	reconstructed profile global; literal ROM ID MG_MEMORY_J+registry role+later EAD lineage; exact SM64DS spelling not preserved
ov006	0x0213d580	data_ov006_0213d580	g_profile_MG_MCARLO	reconstructed profile global; literal ROM ID MG_MCARLO+registry role+later EAD lineage; exact SM64DS spelling not preserved
ov006	0x0213d910	data_ov006_0213d910	MgBobOmbSquad_SpawnInfo	spawninfo
ov006	0x0213d910	MgBobOmbSquad_SpawnInfo	g_profile_MG_PACHINKO	reconstructed profile global; literal ROM ID MG_PACHINKO+registry role+later EAD lineage; exact SM64DS spelling not preserved
ov006	0x0213da64	data_ov006_0213da64	MgLakituLaunch_SpawnInfo	spawninfo
ov006	0x0213da64	MgLakituLaunch_SpawnInfo	g_profile_MG_TAMAIRE	reconstructed profile global; literal ROM ID MG_TAMAIRE+registry role+later EAD lineage; exact SM64DS spelling not preserved
ov006	0x0213dc64	data_ov006_0213dc64	MgPuzzlePanelPuzzlePanic_SpawnInfo	spawninfo
ov006	0x0213dc64	MgPuzzlePanelPuzzlePanic_SpawnInfo	g_profile_MG_PANEL	reconstructed profile global; literal ROM ID MG_PANEL+registry role+later EAD lineage; exact SM64DS spelling not preserved
ov006	0x0213e508	data_ov006_0213e508	g_profile_MG_SLOT3	reconstructed profile global; literal ROM ID MG_SLOT3+registry role+later EAD lineage; exact SM64DS spelling not preserved
ov006	0x0213e560	data_ov006_0213e560	g_profile_MG_SLOT1	reconstructed profile global; literal ROM ID MG_SLOT1+registry role+later EAD lineage; exact SM64DS spelling not preserved
ov006	0x0213f69c	data_ov006_0213f69c	MgBoomBox_SpawnInfo	spawninfo
ov006	0x0213f69c	MgBoomBox_SpawnInfo	g_profile_MG_SOUND	reconstructed profile global; literal ROM ID MG_SOUND+registry role+later EAD lineage; exact SM64DS spelling not preserved
ov006	0x0213f974	data_ov006_0213f974	MgHideAndBooSeek_SpawnInfo	spawninfo
ov006	0x0213f974	MgHideAndBooSeek_SpawnInfo	g_profile_MG_TERESA	reconstructed profile global; literal ROM ID MG_TERESA+registry role+later EAD lineage; exact SM64DS spelling not preserved
ov006	0x0213fab8	data_ov006_0213fab8	MgTrampolineTime_SpawnInfo	spawninfo
ov006	0x0213fab8	MgTrampolineTime_SpawnInfo	g_profile_MG_TRAMPOLINE	reconstructed profile global; literal ROM ID MG_TRAMPOLINE+registry role+later EAD lineage; exact SM64DS spelling not preserved
ov006	0x0213fd6c	data_ov006_0213fd6c	MgLuckyStars_SpawnInfo	spawninfo
ov006	0x0213fd6c	MgLuckyStars_SpawnInfo	g_profile_MG_BS_CARD	reconstructed profile global; literal ROM ID MG_BS_CARD+registry role+later EAD lineage; exact SM64DS spelling not preserved
ov006	0x0213ffb8	data_ov006_0213ffb8	MgSnowballSlalom_SpawnInfo	spawninfo
ov006	0x0213ffb8	MgSnowballSlalom_SpawnInfo	g_profile_MG_SNOWBALL	reconstructed profile global; literal ROM ID MG_SNOWBALL+registry role+later EAD lineage; exact SM64DS spelling not preserved
ov006	0x02140114	data_ov006_02140114	g_profile_MG_FLOWER	reconstructed profile global; literal ROM ID MG_FLOWER+registry role+later EAD lineage; exact SM64DS spelling not preserved
ov007	0x020ccad0	func_ov007_020ccad0	dScDSMT_c_classInit	reconstructed classInit; ROM RTTI+factory shape+unique class factory+later EAD lineage; exact SM64DS spelling not preserved
ov007	0x02103264	data_ov007_02103264	g_profile_DSMT	reconstructed profile global; literal ROM ID DSMT+registry role+later EAD lineage; exact SM64DS spelling not preserved
ov009	0x021111a0	func_ov009_021111a0	_ZN4BirdD1Ev	vtable slot 16
ov009	0x021111d8	func_ov009_021111d8	_ZN4BirdD0Ev	vtable slot 17
ov009	0x0211183c	func_ov009_0211183c	_ZN4Bird16CleanupResourcesEv	vtable slot 3
ov009	0x0211186c	func_ov009_0211186c	_ZN4Bird16OnPendingDestroyEv	vtable slot 12
ov009	0x02111870	func_ov009_02111870	_ZN4Bird6RenderEv	vtable slot 9
ov009	0x02111898	func_ov009_02111898	_ZN4Bird8BehaviorEv	vtable slot 6
ov009	0x0211197c	func_ov009_0211197c	_ZN4Bird13InitResourcesEv	vtable slot 0
ov009	0x02111a30	func_ov009_02111a30	Bird_Spawn	spawnfunc
ov009	0x02111a30	Bird_Spawn	daSBird_c_classInit	reconstructed classInit; ROM RTTI+factory shape+unique class factory+later EAD lineage; exact SM64DS spelling not preserved
ov009	0x02111d8c	func_ov009_02111d8c	daObjMcWater_c_classInit	spawnfunc
ov009	0x02111dc4	func_ov009_02111dc4	_ZN18daObjMc_Metalnet_cD1Ev	vtable slot 16 (was _ZN14daObjMcWater_cD1Ev)
ov009	0x02111e08	func_ov009_02111e08	_ZN18daObjMc_Metalnet_cD0Ev	vtable slot 17 (was _ZN14daObjMcWater_cD0Ev)
ov009	0x02111e60	func_ov009_02111e60	_ZN18daObjMc_Metalnet_c16CleanupResourcesEv	vtable slot 3 (was _ZN14daObjMcWater_c16CleanupResourcesEv)
ov009	0x02111ea4	func_ov009_02111ea4	_ZN18daObjMc_Metalnet_c16OnPendingDestroyEv	vtable slot 12 (was _ZN14daObjMcWater_c16OnPendingDestroyEv)
ov009	0x02111ea8	func_ov009_02111ea8	_ZN18daObjMc_Metalnet_c6RenderEv	vtable slot 9 (was _ZN14daObjMcWater_c6RenderEv)
ov009	0x02111ed0	func_ov009_02111ed0	_ZN18daObjMc_Metalnet_c8BehaviorEv	vtable slot 6 (was _ZN14daObjMcWater_c8BehaviorEv)
ov009	0x02111f40	func_ov009_02111f40	_ZN18daObjMc_Metalnet_c13InitResourcesEv	vtable slot 0 (was _ZN14daObjMcWater_c13InitResourcesEv)
ov009	0x02112048	func_ov009_02112048	daObjMc_Metalnet_c_classInit	supersedes a misattributed DockPole spawnfunc row: tools/actor_names.py's pre-#1418 parse_spawnfunc took the NEXT class's identity, writing DockPole onto daObjMc_Metalnet_c's addresses; symbols/actor_renames_report.txt:763 then shows the generator refusing the correct name as "already claimed by DockPole". DockPole never named this symbol
ov009	0x02112078	func_ov009_02112078	_ZN10daMcFlag_cD1Ev	vtable slot 16 (was _ZN8DockPoleD1Ev, then _ZN4FlagD1Ev)
ov009	0x021120a8	func_ov009_021120a8	_ZN10daMcFlag_cD0Ev	vtable slot 17 (was _ZN8DockPoleD0Ev, then _ZN4FlagD0Ev)
ov009	0x021120ec	func_ov009_021120ec	_ZN10daMcFlag_c16CleanupResourcesEv	vtable slot 3 (was _ZN8DockPole16CleanupResourcesEv, then _ZN4Flag16CleanupResourcesEv)
ov009	0x0211211c	func_ov009_0211211c	_ZN10daMcFlag_c6RenderEv	vtable slot 9 (was _ZN8DockPole6RenderEv, then _ZN4Flag6RenderEv)
ov009	0x02112144	func_ov009_02112144	_ZN10daMcFlag_c8BehaviorEv	vtable slot 6 (was _ZN8DockPole8BehaviorEv, then _ZN4Flag8BehaviorEv)
ov009	0x02112190	func_ov009_02112190	_ZN10daMcFlag_c13InitResourcesEv	vtable slot 0 (was _ZN8DockPole13InitResourcesEv, then _ZN4Flag13InitResourcesEv)
ov009	0x021121f0	func_ov009_021121f0	daMcFlag_c_Spawn	spawnfunc (was Flag_Spawn)
ov009	0x021121f0	daMcFlag_c_Spawn	daMcFlag_c_classInit	reconstructed classInit; ROM RTTI+factory shape+unique class factory+later EAD lineage; exact SM64DS spelling not preserved
ov009	0x02113934	data_ov009_02113934	Bird_SpawnInfo	spawninfo
ov009	0x02113934	Bird_SpawnInfo	g_profile_SBIRD	reconstructed profile global; literal ROM ID SBIRD+registry role+later EAD lineage; exact SM64DS spelling not preserved
ov009	0x02113958	data_ov009_02113958	_ZTV4Bird	vtable alloc=0x184
ov009	0x021139f4	data_ov009_021139f4	daObjMcWater_c_SpawnInfo	spawninfo
ov009	0x021139f4	daObjMcWater_c_SpawnInfo	g_profile_MC_WATER	reconstructed profile global; literal ROM ID MC_WATER+registry role+later EAD lineage; exact SM64DS spelling not preserved
ov009	0x02113abc	data_ov009_02113abc	g_profile_MC_METALNET	supersedes a misattributed DockPole spawninfo row: tools/actor_names.py's pre-#1418 parse_spawnfunc took the NEXT class's identity, writing DockPole onto daObjMc_Metalnet_c's addresses; symbols/actor_renames_report.txt:762 then shows the generator refusing the correct name as "already claimed by DockPole". DockPole never named this symbol
ov009	0x02113ae0	data_ov009_02113ae0	_ZTV18daObjMc_Metalnet_c	vtable alloc=? (was _ZTV14daObjMcWater_c)
ov009	0x02113b7c	data_ov009_02113b7c	daMcFlag_c_SpawnInfo	spawninfo (was Flag_SpawnInfo)
ov009	0x02113b7c	daMcFlag_c_SpawnInfo	g_profile_MC_FLAG	reconstructed profile global; literal ROM ID MC_FLAG+registry role+later EAD lineage; exact SM64DS spelling not preserved
ov009	0x02113ba0	data_ov009_02113ba0	_ZTV10daMcFlag_c	vtable alloc=? (was _ZTV8DockPole, then _ZTV4Flag)
ov010	0x02111998	func_ov010_02111998	Trap_Spawn	spawnfunc
ov010	0x02111998	Trap_Spawn	daObjC1_Trap_c_classInit	reconstructed classInit; ROM RTTI+factory shape+unique class factory+later EAD lineage; exact SM64DS spelling not preserved
ov010	0x021119d0	func_ov010_021119d0	_ZN9LightBeamD1Ev	vtable slot 16 (was _ZN14daObjC1_Trap_cD1Ev)
ov010	0x02111a08	func_ov010_02111a08	_ZN9LightBeamD0Ev	vtable slot 17 (was _ZN14daObjC1_Trap_cD0Ev)
ov010	0x02111a94	func_ov010_02111a94	_ZN9LightBeam16CleanupResourcesEv	vtable slot 3 (was _ZN14daObjC1_Trap_c16CleanupResourcesEv)
ov010	0x02111ab8	func_ov010_02111ab8	_ZN9LightBeam6RenderEv	vtable slot 9 (was _ZN14daObjC1_Trap_c6RenderEv)
ov010	0x02111ae0	func_ov010_02111ae0	_ZN9LightBeam8BehaviorEv	vtable slot 6 (was _ZN14daObjC1_Trap_c8BehaviorEv)
ov010	0x02111d20	func_ov010_02111d20	_ZN9LightBeam13InitResourcesEv	vtable slot 0 (was _ZN14daObjC1_Trap_c13InitResourcesEv)
ov010	0x02111dd0	func_ov010_02111dd0	LightBeam_Spawn	spawnfunc
ov010	0x02111dd0	LightBeam_Spawn	daObjC1Hikari_c_classInit	reconstructed classInit; ROM RTTI+factory shape+unique class factory+later EAD lineage; exact SM64DS spelling not preserved
ov010	0x02111e10	func_ov010_02111e10	_ZN13PeachPaintingD1Ev	vtable slot 16
ov010	0x02111e40	func_ov010_02111e40	_ZN13PeachPaintingD0Ev	vtable slot 17
ov010	0x02111ec4	func_ov010_02111ec4	_ZN13PeachPainting16CleanupResourcesEv	vtable slot 3
ov010	0x02111ee8	func_ov010_02111ee8	_ZN13PeachPainting6RenderEv	vtable slot 9
ov010	0x02111f28	func_ov010_02111f28	_ZN13PeachPainting8BehaviorEv	vtable slot 6
ov010	0x02111fc0	func_ov010_02111fc0	_ZN13PeachPainting13InitResourcesEv	vtable slot 0
ov010	0x02112004	func_ov010_02112004	PeachPainting_Spawn	spawnfunc
ov010	0x02112004	PeachPainting_Spawn	daObjC1Peach_c_classInit	reconstructed classInit; ROM RTTI+factory shape+unique class factory+later EAD lineage; exact SM64DS spelling not preserved
ov010	0x02112ac0	data_ov010_02112ac0	Trap_SpawnInfo	spawninfo
ov010	0x02112ac0	Trap_SpawnInfo	g_profile_C1_TRAP	reconstructed profile global; literal ROM ID C1_TRAP+registry role+later EAD lineage; exact SM64DS spelling not preserved
ov010	0x02112b84	data_ov010_02112b84	LightBeam_SpawnInfo	spawninfo
ov010	0x02112b84	LightBeam_SpawnInfo	g_profile_C1_HIKARI	reconstructed profile global; literal ROM ID C1_HIKARI+registry role+later EAD lineage; exact SM64DS spelling not preserved
ov010	0x02112ba8	data_ov010_02112ba8	_ZTV9LightBeam	vtable alloc=? (was _ZTV14daObjC1_Trap_c)
ov010	0x02112c44	data_ov010_02112c44	PeachPainting_SpawnInfo	spawninfo
ov010	0x02112c44	PeachPainting_SpawnInfo	g_profile_C1_PEACH	reconstructed profile global; literal ROM ID C1_PEACH+registry role+later EAD lineage; exact SM64DS spelling not preserved
ov010	0x02112c68	data_ov010_02112c68	_ZTV13PeachPainting	vtable alloc=0x128
ov012	0x02111420	func_ov012_02111420	daObjC0_Switch_c_Spawn	spawnfunc
ov012	0x02111420	daObjC0_Switch_c_Spawn	daObjC0_Switch_c_classInit	reconstructed classInit; ROM RTTI+factory shape+unique class factory+later EAD lineage; exact SM64DS spelling not preserved
ov012	0x02111450	func_ov012_02111450	_ZN13BasementWaterD1Ev	vtable slot 16 (was _ZN16daObjC0_Switch_cD1Ev)
ov012	0x0211149c	func_ov012_0211149c	_ZN13BasementWaterD0Ev	vtable slot 17 (was _ZN16daObjC0_Switch_cD0Ev)
ov012	0x021114fc	func_ov012_021114fc	_ZN13BasementWater16CleanupResourcesEv	vtable slot 3 (was _ZN16daObjC0_Switch_c16CleanupResourcesEv)
ov012	0x02111540	func_ov012_02111540	_ZN13BasementWater6RenderEv	vtable slot 9 (was _ZN16daObjC0_Switch_c6RenderEv)
ov012	0x02111574	func_ov012_02111574	_ZN13BasementWater8BehaviorEv	vtable slot 6 (was _ZN16daObjC0_Switch_c8BehaviorEv)
ov012	0x0211164c	func_ov012_0211164c	_ZN13BasementWater13InitResourcesEv	vtable slot 0 (was _ZN16daObjC0_Switch_c13InitResourcesEv)
ov012	0x02111730	func_ov012_02111730	BasementWater_Spawn	spawnfunc
ov012	0x02111730	BasementWater_Spawn	daObjC0Water_c_classInit	reconstructed classInit; ROM RTTI+factory shape+unique class factory+later EAD lineage; exact SM64DS spelling not preserved
ov012	0x02112320	data_ov012_02112320	daObjC0_Switch_c_SpawnInfo	spawninfo
ov012	0x02112320	daObjC0_Switch_c_SpawnInfo	g_profile_C0_SWITCH	reconstructed profile global; literal ROM ID C0_SWITCH+registry role+later EAD lineage; exact SM64DS spelling not preserved
ov012	0x021123e4	data_ov012_021123e4	BasementWater_SpawnInfo	spawninfo
ov012	0x021123e4	BasementWater_SpawnInfo	g_profile_C0_WATER	reconstructed profile global; literal ROM ID C0_WATER+registry role+later EAD lineage; exact SM64DS spelling not preserved
ov012	0x02112408	data_ov012_02112408	_ZTV13BasementWater	vtable alloc=? (was _ZTV16daObjC0_Switch_c)
ov013	0x02111384	func_ov013_02111384	daObjClockHuriko_c_Spawn	spawnfunc
ov013	0x02111384	daObjClockHuriko_c_Spawn	daObjClockHuriko_c_classInit	reconstructed classInit; ROM RTTI+factory shape+unique class factory+later EAD lineage; exact SM64DS spelling not preserved
ov013	0x021113bc	func_ov013_021113bc	_ZN22ClockPaintingHandShortD1Ev	vtable slot 16
ov013	0x021113ec	func_ov013_021113ec	_ZN22ClockPaintingHandShortD0Ev	vtable slot 17
ov013	0x02111478	func_ov013_02111478	_ZN22ClockPaintingHandShort16CleanupResourcesEv	vtable slot 3
ov013	0x021114a4	func_ov013_021114a4	_ZN22ClockPaintingHandShort6RenderEv	vtable slot 9
ov013	0x021114cc	func_ov013_021114cc	_ZN22ClockPaintingHandShort8BehaviorEv	vtable slot 6
ov013	0x021115cc	func_ov013_021115cc	_ZN22ClockPaintingHandShort13InitResourcesEv	vtable slot 0
ov013	0x0211163c	func_ov013_0211163c	ClockPaintingHandShort_Spawn	spawnfunc
ov013	0x0211163c	ClockPaintingHandShort_Spawn	daObjClock_c_classInit_CLOCK_SHORT	reconstructed classInit; ROM RTTI+factory shape+unique class factory+later EAD lineage; exact SM64DS spelling not preserved
ov013	0x02111674	func_ov013_02111674	ClockPaintingHandLong_Spawn	spawnfunc
ov013	0x02111674	ClockPaintingHandLong_Spawn	daObjClock_c_classInit_CLOCK_LONG	reconstructed classInit; ROM RTTI+factory shape+unique class factory+later EAD lineage; exact SM64DS spelling not preserved
ov013	0x02112104	data_ov013_02112104	daObjClockHuriko_c_SpawnInfo	spawninfo
ov013	0x02112104	daObjClockHuriko_c_SpawnInfo	g_profile_CLOCK_HURIKO	reconstructed profile global; literal ROM ID CLOCK_HURIKO+registry role+later EAD lineage; exact SM64DS spelling not preserved
ov013	0x021121c0	data_ov013_021121c0	ClockPaintingHandLong_SpawnInfo	spawninfo
ov013	0x021121c0	ClockPaintingHandLong_SpawnInfo	g_profile_CLOCK_LONG	reconstructed profile global; literal ROM ID CLOCK_LONG+registry role+later EAD lineage; exact SM64DS spelling not preserved
ov013	0x021121dc	data_ov013_021121dc	ClockPaintingHandShort_SpawnInfo	spawninfo
ov013	0x021121dc	ClockPaintingHandShort_SpawnInfo	g_profile_CLOCK_SHORT	reconstructed profile global; literal ROM ID CLOCK_SHORT+registry role+later EAD lineage; exact SM64DS spelling not preserved
ov013	0x02112200	data_ov013_02112200	_ZTV22ClockPaintingHandShort	vtable alloc=0x128
ov014	0x021111a0	func_ov014_021111a0	_ZN14daObjBSwdoor_cD1Ev	vtable slot 16
ov014	0x021111f0	func_ov014_021111f0	_ZN14daObjBSwdoor_cD0Ev	vtable slot 17
ov014	0x02111254	func_ov014_02111254	_ZN14daObjBSwdoor_c16CleanupResourcesEv	vtable slot 3
ov014	0x02111268	func_ov014_02111268	_ZN14daObjBSwdoor_c8BehaviorEv	vtable slot 6
ov014	0x02111294	func_ov014_02111294	_ZN14daObjBSwdoor_c13InitResourcesEv	vtable slot 0
ov014	0x021112cc	func_ov014_021112cc	daObjBSwdoor_c_Spawn	spawnfunc
ov014	0x021112cc	daObjBSwdoor_c_Spawn	daObjBSwdoor_c_classInit	reconstructed classInit; ROM RTTI+factory shape+unique class factory+later EAD lineage; exact SM64DS spelling not preserved
ov014	0x02111308	func_ov014_02111308	_ZN10daWanwan_cD1Ev	vtable slot 16
ov014	0x021113bc	func_ov014_021113bc	_ZN10daWanwan_cD0Ev	vtable slot 17
ov014	0x0211294c	func_ov014_0211294c	_ZN10daWanwan_c16CleanupResourcesEv	vtable slot 3
ov014	0x02112994	func_ov014_02112994	_ZN10daWanwan_c6RenderEv	vtable slot 9
ov014	0x021129ec	func_ov014_021129ec	_ZN10daWanwan_c8BehaviorEv	vtable slot 6
ov014	0x02112b14	func_ov014_02112b14	_ZN10daWanwan_c13InitResourcesEv	vtable slot 0
ov014	0x02112d1c	func_ov014_02112d1c	ChainChomp_Spawn	spawnfunc
ov014	0x02112d1c	ChainChomp_Spawn	daWanwan_c_classInit	reconstructed classInit; ROM RTTI+factory shape+unique class factory+later EAD lineage; exact SM64DS spelling not preserved
ov014	0x02112e0c	func_ov014_02112e0c	_ZN20daObjWanwanShutter_cD1Ev	vtable slot 16
ov014	0x02112e50	func_ov014_02112e50	_ZN20daObjWanwanShutter_cD0Ev	vtable slot 17
ov014	0x02112f3c	func_ov014_02112f3c	_ZN20daObjWanwanShutter_c16CleanupResourcesEv	vtable slot 3
ov014	0x02112f80	func_ov014_02112f80	_ZN20daObjWanwanShutter_c6RenderEv	vtable slot 9
ov014	0x02112fc0	func_ov014_02112fc0	_ZN20daObjWanwanShutter_c8BehaviorEv	vtable slot 6
ov014	0x02112ffc	func_ov014_02112ffc	_ZN20daObjWanwanShutter_c13InitResourcesEv	vtable slot 0
ov014	0x0211307c	func_ov014_0211307c	ChainChompFence_Spawn	spawnfunc
ov014	0x0211307c	ChainChompFence_Spawn	daObjWanwanShutter_c_classInit	reconstructed classInit; ROM RTTI+factory shape+unique class factory+later EAD lineage; exact SM64DS spelling not preserved
ov014	0x021145e4	data_ov014_021145e4	daObjBSwdoor_c_SpawnInfo	spawninfo
ov014	0x021145e4	daObjBSwdoor_c_SpawnInfo	g_profile_SWITCHDOOR	reconstructed profile global; literal ROM ID SWITCHDOOR+registry role+later EAD lineage; exact SM64DS spelling not preserved
ov014	0x02114608	data_ov014_02114608	_ZTV14daObjBSwdoor_c	vtable alloc=0x324
ov014	0x02114750	data_ov014_02114750	ChainChomp_SpawnInfo	spawninfo
ov014	0x02114750	ChainChomp_SpawnInfo	g_profile_WANWAN	reconstructed profile global; literal ROM ID WANWAN+registry role+later EAD lineage; exact SM64DS spelling not preserved
ov014	0x021147ec	data_ov014_021147ec	_ZTV10daWanwan_c	vtable alloc=0x620
ov014	0x0211488c	data_ov014_0211488c	ChainChompFence_SpawnInfo	spawninfo
ov014	0x0211488c	ChainChompFence_SpawnInfo	g_profile_WANWAN_SHUTTER	reconstructed profile global; literal ROM ID WANWAN_SHUTTER+registry role+later EAD lineage; exact SM64DS spelling not preserved
ov014	0x021148b0	data_ov014_021148b0	_ZTV20daObjWanwanShutter_c	vtable alloc=0x320
ov015	0x021112dc	func_ov015_021112dc	PoleBillboard_Spawn	spawnfunc
ov015	0x021112dc	PoleBillboard_Spawn	daObjBkBillboard_c_classInit	reconstructed classInit; ROM RTTI+factory shape+unique class factory+later EAD lineage; exact SM64DS spelling not preserved
ov015	0x02111314	func_ov015_02111314	_ZN14KnockDownPlankD1Ev	vtable slot 16 (was _ZN18daObjBkBillboard_cD1Ev)
ov015	0x02111360	func_ov015_02111360	_ZN14KnockDownPlankD0Ev	vtable slot 17 (was _ZN18daObjBkBillboard_cD0Ev)
ov015	0x021116b4	func_ov015_021116b4	_ZN14KnockDownPlank16CleanupResourcesEv	vtable slot 3 (was _ZN18daObjBkBillboard_c16CleanupResourcesEv)
ov015	0x021116f8	func_ov015_021116f8	_ZN14KnockDownPlank6RenderEv	vtable slot 9 (was _ZN18daObjBkBillboard_c6RenderEv)
ov015	0x02111720	func_ov015_02111720	_ZN14KnockDownPlank8BehaviorEv	vtable slot 6 (was _ZN18daObjBkBillboard_c8BehaviorEv)
ov015	0x02111960	func_ov015_02111960	_ZN14KnockDownPlank13InitResourcesEv	vtable slot 0 (was _ZN18daObjBkBillboard_c13InitResourcesEv)
ov015	0x02111b68	func_ov015_02111b68	KnockDownPlank_Spawn	spawnfunc
ov015	0x02111b68	KnockDownPlank_Spawn	daObjBk_Botaosi_c_classInit	reconstructed classInit; ROM RTTI+factory shape+unique class factory+later EAD lineage; exact SM64DS spelling not preserved
ov015	0x02111ba0	func_ov015_02111ba0	_ZN9MovingBarD1Ev	vtable slot 16 (was _ZN14KnockDownPlankD1Ev)
ov015	0x02111be4	func_ov015_02111be4	_ZN9MovingBarD0Ev	vtable slot 17 (was _ZN14KnockDownPlankD0Ev)
ov015	0x02112004	func_ov015_02112004	_ZN9MovingBar16CleanupResourcesEv	vtable slot 3 (was _ZN14KnockDownPlank16CleanupResourcesEv)
ov015	0x02112068	func_ov015_02112068	_ZN9MovingBar6RenderEv	vtable slot 9 (was _ZN14KnockDownPlank6RenderEv)
ov015	0x02112090	func_ov015_02112090	_ZN9MovingBar8BehaviorEv	vtable slot 6 (was _ZN14KnockDownPlank8BehaviorEv)
ov015	0x021120fc	func_ov015_021120fc	_ZN9MovingBar13InitResourcesEv	vtable slot 0 (was _ZN14KnockDownPlank13InitResourcesEv)
ov015	0x02112230	func_ov015_02112230	MovingBarBig_Spawn	spawnfunc
ov015	0x02112230	MovingBarBig_Spawn	daObjBk_Dossunbar_c_classInit_BK_DOSSUNBAR_L	reconstructed classInit; ROM RTTI+factory shape+unique class factory+later EAD lineage; exact SM64DS spelling not preserved
ov015	0x02112260	func_ov015_02112260	MovingBarSmall_Spawn	spawnfunc
ov015	0x02112260	MovingBarSmall_Spawn	daObjBk_Dossunbar_c_classInit_BK_DOSSUNBAR_S	reconstructed classInit; ROM RTTI+factory shape+unique class factory+later EAD lineage; exact SM64DS spelling not preserved
ov015	0x02112290	func_ov015_02112290	_ZN9TowerStepD1Ev	vtable slot 16 (was _ZN14MovingBarSmallD1Ev)
ov015	0x021122dc	func_ov015_021122dc	_ZN9TowerStepD0Ev	vtable slot 17 (was _ZN14MovingBarSmallD0Ev)
ov015	0x02112464	func_ov015_02112464	_ZN9TowerStep16CleanupResourcesEv	vtable slot 3 (was _ZN14MovingBarSmall16CleanupResourcesEv)
ov015	0x021124a8	func_ov015_021124a8	_ZN9TowerStep6RenderEv	vtable slot 9 (was _ZN14MovingBarSmall6RenderEv)
ov015	0x021124d0	func_ov015_021124d0	_ZN9TowerStep8BehaviorEv	vtable slot 6 (was _ZN14MovingBarSmall8BehaviorEv)
ov015	0x0211269c	func_ov015_0211269c	_ZN9TowerStep13InitResourcesEv	vtable slot 0 (was _ZN14MovingBarSmall13InitResourcesEv)
ov015	0x0211290c	func_ov015_0211290c	TowerStep_Spawn	spawnfunc
ov015	0x0211290c	TowerStep_Spawn	daObjBk_Lift_c_classInit	reconstructed classInit; ROM RTTI+factory shape+unique class factory+later EAD lineage; exact SM64DS spelling not preserved
ov015	0x02112944	func_ov015_02112944	_ZN17daObjBk_Rotebar_cD1Ev	vtable slot 16 (was _ZN9TowerStepD1Ev)
ov015	0x02112988	func_ov015_02112988	_ZN17daObjBk_Rotebar_cD0Ev	vtable slot 17 (was _ZN9TowerStepD0Ev)
ov015	0x021129e0	func_ov015_021129e0	_ZN17daObjBk_Rotebar_c16CleanupResourcesEv	vtable slot 3 (was _ZN9TowerStep16CleanupResourcesEv)
ov015	0x02112a24	func_ov015_02112a24	_ZN17daObjBk_Rotebar_c6RenderEv	vtable slot 9 (was _ZN9TowerStep6RenderEv)
ov015	0x02112a4c	func_ov015_02112a4c	_ZN17daObjBk_Rotebar_c8BehaviorEv	vtable slot 6 (was _ZN9TowerStep8BehaviorEv)
ov015	0x02112b04	func_ov015_02112b04	_ZN17daObjBk_Rotebar_c13InitResourcesEv	vtable slot 0 (was _ZN9TowerStep13InitResourcesEv)
ov015	0x02112ba0	func_ov015_02112ba0	RotatingBridge_Spawn	spawnfunc
ov015	0x02112ba0	RotatingBridge_Spawn	daObjBk_Rotebar_c_classInit	reconstructed classInit; ROM RTTI+factory shape+unique class factory+later EAD lineage; exact SM64DS spelling not preserved
ov015	0x02112cb8	func_ov015_02112cb8	RotatingPlatformWf_Spawn	spawnfunc
ov015	0x02112cb8	RotatingPlatformWf_Spawn	daObjBk_Ukisima_c_classInit	reconstructed classInit; ROM RTTI+factory shape+unique class factory+later EAD lineage; exact SM64DS spelling not preserved
ov015	0x02112cf4	func_ov015_02112cf4	_ZN20daObjBk_Fall_Block_cD1Ev	vtable slot 16
ov015	0x02112d44	func_ov015_02112d44	_ZN20daObjBk_Fall_Block_cD0Ev	vtable slot 17
ov015	0x02112da8	func_ov015_02112da8	_ZN20daObjBk_Fall_Block_c16CleanupResourcesEv	vtable slot 3
ov015	0x02112dbc	func_ov015_02112dbc	_ZN20daObjBk_Fall_Block_c13InitResourcesEv	vtable slot 0
ov015	0x02112dd0	func_ov015_02112dd0	daObjBk_Fall_Block_c_Spawn	spawnfunc
ov015	0x02112dd0	daObjBk_Fall_Block_c_Spawn	daObjBk_Fall_Block_c_classInit	reconstructed classInit; ROM RTTI+factory shape+unique class factory+later EAD lineage; exact SM64DS spelling not preserved
ov015	0x0211433c	data_ov015_0211433c	PoleBillboard_SpawnInfo	spawninfo
ov015	0x0211433c	PoleBillboard_SpawnInfo	g_profile_BK_BILLBOARD	reconstructed profile global; literal ROM ID BK_BILLBOARD+registry role+later EAD lineage; exact SM64DS spelling not preserved
ov015	0x021143fc	data_ov015_021143fc	KnockDownPlank_SpawnInfo	spawninfo
ov015	0x021143fc	KnockDownPlank_SpawnInfo	g_profile_BK_BOTAOSI	reconstructed profile global; literal ROM ID BK_BOTAOSI+registry role+later EAD lineage; exact SM64DS spelling not preserved
ov015	0x02114420	data_ov015_02114420	_ZTV14KnockDownPlank	vtable alloc=? (was _ZTV18daObjBkBillboard_c)
ov015	0x0211454c	data_ov015_0211454c	MovingBarSmall_SpawnInfo	spawninfo
ov015	0x0211454c	MovingBarSmall_SpawnInfo	g_profile_BK_DOSSUNBAR_S	reconstructed profile global; literal ROM ID BK_DOSSUNBAR_S+registry role+later EAD lineage; exact SM64DS spelling not preserved
ov015	0x02114568	data_ov015_02114568	MovingBarBig_SpawnInfo	spawninfo
ov015	0x02114568	MovingBarBig_SpawnInfo	g_profile_BK_DOSSUNBAR_L	reconstructed profile global; literal ROM ID BK_DOSSUNBAR_L+registry role+later EAD lineage; exact SM64DS spelling not preserved
ov015	0x0211458c	data_ov015_0211458c	_ZTV9MovingBar	vtable alloc=? (was _ZTV14KnockDownPlank)
ov015	0x0211462c	data_ov015_0211462c	TowerStep_SpawnInfo	spawninfo
ov015	0x0211462c	TowerStep_SpawnInfo	g_profile_BK_LIFT01	reconstructed profile global; literal ROM ID BK_LIFT01+registry role+later EAD lineage; exact SM64DS spelling not preserved
ov015	0x02114650	data_ov015_02114650	_ZTV9TowerStep	vtable alloc=? (was _ZTV14MovingBarSmall)
ov015	0x021146f0	data_ov015_021146f0	RotatingBridge_SpawnInfo	spawninfo
ov015	0x021146f0	RotatingBridge_SpawnInfo	g_profile_BK_ROTEBAR	reconstructed profile global; literal ROM ID BK_ROTEBAR+registry role+later EAD lineage; exact SM64DS spelling not preserved
ov015	0x02114714	data_ov015_02114714	_ZTV17daObjBk_Rotebar_c	vtable alloc=? (was _ZTV9TowerStep)
ov015	0x021147c4	data_ov015_021147c4	RotatingPlatformWf_SpawnInfo	spawninfo
ov015	0x021147c4	RotatingPlatformWf_SpawnInfo	g_profile_BK_UKISIMA	reconstructed profile global; literal ROM ID BK_UKISIMA+registry role+later EAD lineage; exact SM64DS spelling not preserved
ov015	0x021148b8	data_ov015_021148b8	daObjBk_Fall_Block_c_SpawnInfo	spawninfo
ov015	0x021148b8	daObjBk_Fall_Block_c_SpawnInfo	g_profile_BK_DOWN_B	reconstructed profile global; literal ROM ID BK_DOWN_B+registry role+later EAD lineage; exact SM64DS spelling not preserved
ov015	0x021148dc	data_ov015_021148dc	_ZTV20daObjBk_Fall_Block_c	vtable alloc=0x34c
ov016	0x021111a0	func_ov016_021111a0	_ZN5UnagiD1Ev	vtable slot 16
ov016	0x02111208	func_ov016_02111208	_ZN5UnagiD0Ev	vtable slot 17
ov016	0x021115a4	func_ov016_021115a4	BookSwitch_Spawn	spawnfunc
ov016	0x02111f38	func_ov016_02111f38	_ZN5Unagi16CleanupResourcesEv	vtable slot 3
ov016	0x02111f80	func_ov016_02111f80	_ZN5Unagi16OnPendingDestroyEv	vtable slot 12
ov016	0x02111f84	func_ov016_02111f84	_ZN5Unagi6RenderEv	vtable slot 9
ov016	0x02112010	func_ov016_02112010	_ZN5Unagi8BehaviorEv	vtable slot 6
ov016	0x021121c0	func_ov016_021121c0	_ZN5Unagi13InitResourcesEv	vtable slot 0
ov016	0x02112588	func_ov016_02112588	Unagi_Spawn	spawnfunc
ov016	0x02112588	Unagi_Spawn	daMoray_c_classInit	reconstructed classInit; ROM RTTI+factory shape+unique class factory+later EAD lineage; exact SM64DS spelling not preserved
ov016	0x0211260c	func_ov016_0211260c	_ZN6ShipUpD1Ev	vtable slot 16
ov016	0x02112650	func_ov016_02112650	_ZN6ShipUpD0Ev	vtable slot 17
ov016	0x021126f0	func_ov016_021126f0	_ZN6ShipUp16CleanupResourcesEv	vtable slot 3
ov016	0x02112744	func_ov016_02112744	_ZN6ShipUp6RenderEv	vtable slot 9
ov016	0x0211276c	func_ov016_0211276c	_ZN6ShipUp8BehaviorEv	vtable slot 6
ov016	0x0211283c	func_ov016_0211283c	_ZN6ShipUp13InitResourcesEv	vtable slot 0
ov016	0x021129a0	func_ov016_021129a0	ShipUp_Spawn	spawnfunc
ov016	0x021129a0	ShipUp_Spawn	daObjKi_Fune_c_classInit_KI_FUNE_UP	reconstructed classInit; ROM RTTI+factory shape+unique class factory+later EAD lineage; exact SM64DS spelling not preserved
ov016	0x021129d0	func_ov016_021129d0	ShipDown_Spawn	spawnfunc
ov016	0x021129d0	ShipDown_Spawn	daObjKi_Fune_c_classInit_KI_FUNE	reconstructed classInit; ROM RTTI+factory shape+unique class factory+later EAD lineage; exact SM64DS spelling not preserved
ov016	0x02112ec4	func_ov016_02112ec4	RockPillar_Spawn	spawnfunc
ov016	0x02112ec4	RockPillar_Spawn	daObjKi_Hasira_c_classInit	reconstructed classInit; ROM RTTI+factory shape+unique class factory+later EAD lineage; exact SM64DS spelling not preserved
ov016	0x02112fbc	func_ov016_02112fbc	FloatOnWaterPlatformJrb_Spawn	spawnfunc
ov016	0x02112fbc	FloatOnWaterPlatformJrb_Spawn	daObjKi_Ita_c_classInit	reconstructed classInit; ROM RTTI+factory shape+unique class factory+later EAD lineage; exact SM64DS spelling not preserved
ov016	0x02112ff8	func_ov016_02112ff8	_ZN10SlidingBoxD1Ev	vtable slot 16 (was _ZN23FloatOnWaterPlatformJrbD1Ev)
ov016	0x02113044	func_ov016_02113044	_ZN10SlidingBoxD0Ev	vtable slot 17 (was _ZN23FloatOnWaterPlatformJrbD0Ev)
ov016	0x021130ec	func_ov016_021130ec	_ZN10SlidingBox16CleanupResourcesEv	vtable slot 3 (was _ZN23FloatOnWaterPlatformJrb16CleanupResourcesEv)
ov016	0x02113130	func_ov016_02113130	_ZN10SlidingBox6RenderEv	vtable slot 9 (was _ZN23FloatOnWaterPlatformJrb6RenderEv)
ov016	0x02113158	func_ov016_02113158	_ZN10SlidingBox8BehaviorEv	vtable slot 6 (was _ZN23FloatOnWaterPlatformJrb8BehaviorEv)
ov016	0x02113434	func_ov016_02113434	_ZN10SlidingBox13InitResourcesEv	vtable slot 0 (was _ZN23FloatOnWaterPlatformJrb13InitResourcesEv)
ov016	0x02113510	func_ov016_02113510	SlidingBox_Spawn	spawnfunc
ov016	0x02113510	SlidingBox_Spawn	daSlide_Box_c_classInit	reconstructed classInit; ROM RTTI+factory shape+unique class factory+later EAD lineage; exact SM64DS spelling not preserved
ov016	0x02114898	data_ov016_02114898	BookSwitch_SpawnInfo	spawninfo
ov016	0x021148e0	data_ov016_021148e0	Unagi_SpawnInfo	spawninfo
ov016	0x021148e0	Unagi_SpawnInfo	g_profile_MORAY	reconstructed profile global; literal ROM ID MORAY+registry role+later EAD lineage; exact SM64DS spelling not preserved
ov016	0x02114958	data_ov016_02114958	_ZTV5Unagi	vtable alloc=0x4b0
ov016	0x021149fc	data_ov016_021149fc	ShipDown_SpawnInfo	spawninfo
ov016	0x021149fc	ShipDown_SpawnInfo	g_profile_KI_FUNE	reconstructed profile global; literal ROM ID KI_FUNE+registry role+later EAD lineage; exact SM64DS spelling not preserved
ov016	0x02114a18	data_ov016_02114a18	ShipUp_SpawnInfo	spawninfo
ov016	0x02114a18	ShipUp_SpawnInfo	g_profile_KI_FUNE_UP	reconstructed profile global; literal ROM ID KI_FUNE_UP+registry role+later EAD lineage; exact SM64DS spelling not preserved
ov016	0x02114a3c	data_ov016_02114a3c	_ZTV6ShipUp	vtable alloc=0x32c
ov016	0x02114adc	data_ov016_02114adc	RockPillar_SpawnInfo	spawninfo
ov016	0x02114adc	RockPillar_SpawnInfo	g_profile_KI_HASIRA	reconstructed profile global; literal ROM ID KI_HASIRA+registry role+later EAD lineage; exact SM64DS spelling not preserved
ov016	0x02114ba8	data_ov016_02114ba8	FloatOnWaterPlatformJrb_SpawnInfo	spawninfo
ov016	0x02114ba8	FloatOnWaterPlatformJrb_SpawnInfo	g_profile_KI_ITA	reconstructed profile global; literal ROM ID KI_ITA+registry role+later EAD lineage; exact SM64DS spelling not preserved
ov016	0x02114c68	data_ov016_02114c68	SlidingBox_SpawnInfo	spawninfo
ov016	0x02114c68	SlidingBox_SpawnInfo	g_profile_SLIDE_BOX	reconstructed profile global; literal ROM ID SLIDE_BOX+registry role+later EAD lineage; exact SM64DS spelling not preserved
ov016	0x02114c8c	data_ov016_02114c8c	_ZTV10SlidingBox	vtable alloc=? (was _ZTV23FloatOnWaterPlatformJrb)
ov017	0x021111a0	func_ov017_021111a0	_ZN14daObjKsWater_cD1Ev	vtable slot 16
ov017	0x021111ec	func_ov017_021111ec	_ZN14daObjKsWater_cD0Ev	vtable slot 17
ov017	0x0211124c	func_ov017_0211124c	_ZN14daObjKsWater_c16CleanupResourcesEv	vtable slot 3
ov017	0x02111290	func_ov017_02111290	_ZN14daObjKsWater_c6RenderEv	vtable slot 9
ov017	0x021112c4	func_ov017_021112c4	_ZN14daObjKsWater_c8BehaviorEv	vtable slot 6
ov017	0x021113c0	func_ov017_021113c0	_ZN14daObjKsWater_c13InitResourcesEv	vtable slot 0
ov017	0x02111480	func_ov017_02111480	daObjKsWater_c_Spawn	spawnfunc
ov017	0x02111480	daObjKsWater_c_Spawn	daObjKsWater_c_classInit	reconstructed classInit; ROM RTTI+factory shape+unique class factory+later EAD lineage; exact SM64DS spelling not preserved
ov017	0x02111bd4	data_ov017_02111bd4	daObjKsWater_c_SpawnInfo	spawninfo
ov017	0x02111bd4	daObjKsWater_c_SpawnInfo	g_profile_KS_MIZU	reconstructed profile global; literal ROM ID KS_MIZU+registry role+later EAD lineage; exact SM64DS spelling not preserved
ov017	0x02111bf8	data_ov017_02111bf8	_ZTV14daObjKsWater_c	vtable alloc=0x340
ov018	0x02111818	func_ov018_02111818	SkiLift_Spawn	spawnfunc
ov018	0x02111818	SkiLift_Spawn	daObjSm_Lift_c_classInit	reconstructed classInit; ROM RTTI+factory shape+unique class factory+later EAD lineage; exact SM64DS spelling not preserved
ov018	0x02111848	func_ov018_02111848	_ZN10daPgMthr_cD1Ev	vtable slot 16 (was _ZN7SkiLiftD1Ev)
ov018	0x02111898	func_ov018_02111898	_ZN10daPgMthr_cD0Ev	vtable slot 17 (was _ZN7SkiLiftD0Ev)
ov018	0x021123ec	func_ov018_021123ec	_ZN10daPgMthr_c16CleanupResourcesEv	vtable slot 3 (was _ZN7SkiLift16CleanupResourcesEv)
ov018	0x02112450	func_ov018_02112450	_ZN10daPgMthr_c16OnPendingDestroyEv	vtable slot 12 (was _ZN7SkiLift16OnPendingDestroyEv)
ov018	0x02112454	func_ov018_02112454	_ZN10daPgMthr_c6RenderEv	vtable slot 9 (was _ZN7SkiLift6RenderEv)
ov018	0x02112480	func_ov018_02112480	_ZN10daPgMthr_c8BehaviorEv	vtable slot 6 (was _ZN7SkiLift8BehaviorEv)
ov018	0x021124d0	func_ov018_021124d0	_ZN10daPgMthr_c13InitResourcesEv	vtable slot 0 (was _ZN7SkiLift13InitResourcesEv)
ov018	0x0211267c	func_ov018_0211267c	MotherPenguin_Spawn	spawnfunc
ov018	0x0211267c	MotherPenguin_Spawn	daPgMthr_c_classInit	reconstructed classInit; ROM RTTI class daPgMthr_c + PENGUIN_MOTHER registry profile + later EAD lineage; exact SM64DS spelling not preserved
ov018	0x0211278c	func_ov018_0211278c	daSCre_c_Spawn	spawnfunc
ov018	0x0211278c	daSCre_c_Spawn	daSCre_c_classInit	reconstructed classInit; ROM RTTI+factory shape+unique class factory+later EAD lineage; exact SM64DS spelling not preserved
ov018	0x021127bc	func_ov018_021127bc	_ZN15daObjIceBoard_cD1Ev	vtable slot 16
ov018	0x02112800	func_ov018_02112800	_ZN15daObjIceBoard_cD0Ev	vtable slot 17
ov018	0x02112924	func_ov018_02112924	_ZN15daObjIceBoard_c16CleanupResourcesEv	vtable slot 3
ov018	0x02112968	func_ov018_02112968	_ZN15daObjIceBoard_c6RenderEv	vtable slot 9
ov018	0x02112990	func_ov018_02112990	_ZN15daObjIceBoard_c8BehaviorEv	vtable slot 6
ov018	0x021129c0	func_ov018_021129c0	_ZN15daObjIceBoard_c13InitResourcesEv	vtable slot 0
ov018	0x02112a44	func_ov018_02112a44	daObjIceBoard_c_classInit	spawnfunc
ov018	0x021138a8	data_ov018_021138a8	SkiLift_SpawnInfo	spawninfo
ov018	0x021138a8	SkiLift_SpawnInfo	g_profile_SM_LIFT	reconstructed profile global; literal ROM ID SM_LIFT+registry role+later EAD lineage; exact SM64DS spelling not preserved
ov018	0x02113998	data_ov018_02113998	MotherPenguin_SpawnInfo	spawninfo
ov018	0x02113998	MotherPenguin_SpawnInfo	g_profile_PENGUIN_MOTHER	reconstructed profile global; literal ROM ID PENGUIN_MOTHER+registry role+later EAD lineage; exact SM64DS spelling not preserved
ov018	0x021139bc	data_ov018_021139bc	_ZTV10daPgMthr_c	vtable alloc=? (was _ZTV7SkiLift)
ov018	0x02113a00	data_ov018_02113a00	BridgePenguin_SpawnInfo	spawninfo
ov018	0x02113a50	data_ov018_02113a50	daSCre_c_SpawnInfo	spawninfo
ov018	0x02113a50	daSCre_c_SpawnInfo	g_profile_STAR_CREATE	reconstructed profile global; literal ROM ID STAR_CREATE+registry role+later EAD lineage; exact SM64DS spelling not preserved
ov018	0x02113b10	data_ov018_02113b10	daObjIceBoard_c_classInitInfo	spawninfo
ov018	0x02113b10	daObjIceBoard_c_classInitInfo	g_profile_ICE_BOARD	reconstructed profile global; literal ROM ID ICE_BOARD+registry role+later EAD lineage; exact SM64DS spelling not preserved
ov018	0x02113b34	data_ov018_02113b34	_ZTV15daObjIceBoard_c	vtable alloc=0x320
ov019	0x021111a0	func_ov019_021111a0	_ZN13RacingPenguinD1Ev	vtable slot 16
ov019	0x021111f0	func_ov019_021111f0	_ZN13RacingPenguinD0Ev	vtable slot 17
ov019	0x021122f8	func_ov019_021122f8	_ZN13RacingPenguin16CleanupResourcesEv	vtable slot 3
ov019	0x0211235c	func_ov019_0211235c	_ZN13RacingPenguin16OnPendingDestroyEv	vtable slot 12
ov019	0x02112360	func_ov019_02112360	_ZN13RacingPenguin6RenderEv	vtable slot 9
ov019	0x02112394	func_ov019_02112394	_ZN13RacingPenguin8BehaviorEv	vtable slot 6
ov019	0x021123d4	func_ov019_021123d4	_ZN13RacingPenguin13InitResourcesEv	vtable slot 0
ov019	0x021125bc	func_ov019_021125bc	RacingPenguin_Spawn	spawnfunc
ov019	0x021125bc	RacingPenguin_Spawn	daPgRcer_c_classInit	reconstructed classInit; ROM RTTI+factory shape+unique class factory+later EAD lineage; exact SM64DS spelling not preserved
ov019	0x0211261c	func_ov019_0211261c	_ZN10daSldMng_cD1Ev	vtable slot 16
ov019	0x02112640	func_ov019_02112640	_ZN10daSldMng_cD0Ev	vtable slot 17
ov019	0x02112678	func_ov019_02112678	_ZN10daSldMng_c8BehaviorEv	vtable slot 6
ov019	0x0211271c	func_ov019_0211271c	_ZN10daSldMng_c13InitResourcesEv	vtable slot 0
ov019	0x0211274c	func_ov019_0211274c	daSldMng_c_Spawn	spawnfunc
ov019	0x0211274c	daSldMng_c_Spawn	daSldMng_c_classInit	reconstructed classInit; ROM RTTI+factory shape+unique class factory+later EAD lineage; exact SM64DS spelling not preserved
ov019	0x021132ec	data_ov019_021132ec	RacingPenguin_SpawnInfo	spawninfo
ov019	0x021132ec	RacingPenguin_SpawnInfo	g_profile_PENGUIN_RACER	reconstructed profile global; literal ROM ID PENGUIN_RACER+registry role+later EAD lineage; exact SM64DS spelling not preserved
ov019	0x02113310	data_ov019_02113310	_ZTV13RacingPenguin	vtable alloc=0x398
ov019	0x021133a8	data_ov019_021133a8	daSldMng_c_SpawnInfo	spawninfo
ov019	0x021133a8	daSldMng_c_SpawnInfo	g_profile_SLIDER_MANAGER	reconstructed profile global; literal ROM ID SLIDER_MANAGER+registry role+later EAD lineage; exact SM64DS spelling not preserved
ov019	0x021133cc	data_ov019_021133cc	_ZTV10daSldMng_c	vtable alloc=0xd8
ov020	0x021111a0	func_ov020_021111a0	_ZN8BookShotD1Ev	vtable slot 16
ov020	0x021111f0	func_ov020_021111f0	_ZN8BookShotD0Ev	vtable slot 17
ov020	0x02111254	func_ov020_02111254	_ZN15BookShotSpawnerD1Ev	vtable slot 16
ov020	0x02111278	func_ov020_02111278	_ZN15BookShotSpawnerD0Ev	vtable slot 17
ov020	0x02112244	func_ov020_02112244	_ZN8BookShot16CleanupResourcesEv	vtable slot 3
ov020	0x02112290	func_ov020_02112290	_ZN15BookShotSpawner16CleanupResourcesEv	vtable slot 3
ov020	0x021122c4	func_ov020_021122c4	_ZN8BookShot6RenderEv	vtable slot 9
ov020	0x0211233c	func_ov020_0211233c	_ZN8BookShot8BehaviorEv	vtable slot 6
ov020	0x02112418	func_ov020_02112418	_ZN15BookShotSpawner8BehaviorEv	vtable slot 6
ov020	0x021124e4	func_ov020_021124e4	_ZN8BookShot13InitResourcesEv	vtable slot 0
ov020	0x02112768	func_ov020_02112768	_ZN15BookShotSpawner13InitResourcesEv	vtable slot 0
ov020	0x021127f4	func_ov020_021127f4	daBook_c_classInit_BOOK_SWITCH	reconstructed classInit; ROM RTTI+factory shape+unique class factory+later EAD lineage; exact SM64DS spelling not preserved
ov020	0x02112850	func_ov020_02112850	BookShotSpawner_Spawn	spawnfunc
ov020	0x02112850	BookShotSpawner_Spawn	daBookGen_c_classInit	reconstructed classInit; ROM RTTI+factory shape+unique class factory+later EAD lineage; exact SM64DS spelling not preserved
ov020	0x02112880	func_ov020_02112880	Bookend_Spawn	spawnfunc
ov020	0x02112880	Bookend_Spawn	daBook_c_classInit_KILLER_BOOK	reconstructed classInit; ROM RTTI+factory shape+unique class factory+later EAD lineage; exact SM64DS spelling not preserved
ov020	0x021128dc	func_ov020_021128dc	BookShot_Spawn	spawnfunc
ov020	0x021128dc	BookShot_Spawn	daBook_c_classInit_SHOOT_BOOK	reconstructed classInit; ROM RTTI+factory shape+unique class factory+later EAD lineage; exact SM64DS spelling not preserved
ov020	0x02112938	func_ov020_02112938	_ZN12HauntedChairD1Ev	vtable slot 16
ov020	0x02112980	func_ov020_02112980	_ZN12HauntedChairD0Ev	vtable slot 17
ov020	0x021132d8	func_ov020_021132d8	_ZN12HauntedChair16CleanupResourcesEv	vtable slot 3
ov020	0x021132fc	func_ov020_021132fc	_ZN12HauntedChair6RenderEv	vtable slot 9
ov020	0x02113324	func_ov020_02113324	_ZN12HauntedChair8BehaviorEv	vtable slot 6
ov020	0x021133b0	func_ov020_021133b0	_ZN12HauntedChair13InitResourcesEv	vtable slot 0
ov020	0x02113494	func_ov020_02113494	HauntedChair_Spawn	spawnfunc
ov020	0x02113494	HauntedChair_Spawn	daChair_c_classInit	reconstructed classInit; ROM RTTI+factory shape+unique class factory+later EAD lineage; exact SM64DS spelling not preserved
ov020	0x02114860	data_ov020_02114860	Bookend_SpawnInfo	spawninfo
ov020	0x02114860	Bookend_SpawnInfo	g_profile_KILLER_BOOK	reconstructed profile global; literal ROM ID KILLER_BOOK+registry role+later EAD lineage; exact SM64DS spelling not preserved
ov020	0x0211487c	data_ov020_0211487c	BookShotSpawner_SpawnInfo	spawninfo
ov020	0x0211487c	BookShotSpawner_SpawnInfo	g_profile_BOOK_GENERATOR	reconstructed profile global; literal ROM ID BOOK_GENERATOR+registry role+later EAD lineage; exact SM64DS spelling not preserved
ov020	0x02114898	data_ov020_02114898	g_profile_BOOK_SWITCH	reconstructed profile global; literal ROM ID BOOK_SWITCH+registry role+later EAD lineage; exact SM64DS spelling not preserved
ov020	0x021148b4	data_ov020_021148b4	BookShot_SpawnInfo	spawninfo
ov020	0x021148b4	BookShot_SpawnInfo	g_profile_SHOOT_BOOK	reconstructed profile global; literal ROM ID SHOOT_BOOK+registry role+later EAD lineage; exact SM64DS spelling not preserved
ov020	0x021148d8	data_ov020_021148d8	_ZTV15BookShotSpawner	vtable alloc=0xd8
ov020	0x0211495c	data_ov020_0211495c	_ZTV8BookShot	vtable alloc=?
ov020	0x021149f0	data_ov020_021149f0	HauntedChair_SpawnInfo	spawninfo
ov020	0x021149f0	HauntedChair_SpawnInfo	g_profile_CHAIR	reconstructed profile global; literal ROM ID CHAIR+registry role+later EAD lineage; exact SM64DS spelling not preserved
ov020	0x02114a14	data_ov020_02114a14	_ZTV12HauntedChair	vtable alloc=0x3a8
ov021	0x021111a0	func_ov021_021111a0	_ZN12WorkElevatorD1Ev	vtable slot 16
ov021	0x02111214	func_ov021_02111214	_ZN12WorkElevatorD0Ev	vtable slot 17
ov021	0x021115dc	func_ov021_021115dc	_ZN12WorkElevator16CleanupResourcesEv	vtable slot 3
ov021	0x02111650	func_ov021_02111650	_ZN12WorkElevator6RenderEv	vtable slot 9
ov021	0x021116c8	func_ov021_021116c8	_ZN12WorkElevator8BehaviorEv	vtable slot 6
ov021	0x02111c6c	func_ov021_02111c6c	_ZN12WorkElevator13InitResourcesEv	vtable slot 0
ov021	0x02112168	func_ov021_02112168	WorkElevator_Spawn	spawnfunc
ov021	0x02112168	WorkElevator_Spawn	daObjCvNewsLift_c_classInit	reconstructed classInit; ROM RTTI+factory shape+unique class factory+later EAD lineage; exact SM64DS spelling not preserved
ov021	0x021121e8	func_ov021_021121e8	_ZN11RollingRockD1Ev	vtable slot 16
ov021	0x02112230	func_ov021_02112230	_ZN11RollingRockD0Ev	vtable slot 17
ov021	0x021127f8	func_ov021_021127f8	_ZN11RollingRock16CleanupResourcesEv	vtable slot 3
ov021	0x0211281c	func_ov021_0211281c	_ZN11RollingRock6RenderEv	vtable slot 9
ov021	0x02112854	func_ov021_02112854	_ZN11RollingRock8BehaviorEv	vtable slot 6
ov021	0x02112b2c	func_ov021_02112b2c	_ZN11RollingRock13InitResourcesEv	vtable slot 0
ov021	0x02112d64	func_ov021_02112d64	RollingRock_Spawn	spawnfunc
ov021	0x02112d64	RollingRock_Spawn	daGrock_c_classInit	reconstructed classInit; ROM RTTI+factory shape+unique class factory+later EAD lineage; exact SM64DS spelling not preserved
ov021	0x02112db4	func_ov021_02112db4	_ZN16daObjCvShutter_cD1Ev	vtable slot 16
ov021	0x02112e04	func_ov021_02112e04	_ZN16daObjCvShutter_cD0Ev	vtable slot 17
ov021	0x02112e68	func_ov021_02112e68	_ZN16daObjCvShutter_c16CleanupResourcesEv	vtable slot 3
ov021	0x02112e7c	func_ov021_02112e7c	_ZN16daObjCvShutter_c8BehaviorEv	vtable slot 6
ov021	0x02112ec0	func_ov021_02112ec0	_ZN16daObjCvShutter_c13InitResourcesEv	vtable slot 0
ov021	0x02112ed4	func_ov021_02112ed4	ShutterHmc_Spawn	spawnfunc
ov021	0x02112ed4	ShutterHmc_Spawn	daObjCvShutter_c_classInit	reconstructed classInit; ROM RTTI+factory shape+unique class factory+later EAD lineage; exact SM64DS spelling not preserved
ov021	0x02114768	data_ov021_02114768	WorkElevator_SpawnInfo	spawninfo
ov021	0x02114768	WorkElevator_SpawnInfo	g_profile_CV_NEWS_LIFT	reconstructed profile global; literal ROM ID CV_NEWS_LIFT+registry role+later EAD lineage; exact SM64DS spelling not preserved
ov021	0x0211478c	data_ov021_0211478c	_ZTV12WorkElevator	vtable alloc=0xc80
ov021	0x02114824	data_ov021_02114824	RollingRock_SpawnInfo	spawninfo
ov021	0x02114824	RollingRock_SpawnInfo	g_profile_GORO_ROCK	reconstructed profile global; literal ROM ID GORO_ROCK+registry role+later EAD lineage; exact SM64DS spelling not preserved
ov021	0x02114848	data_ov021_02114848	_ZTV11RollingRock	vtable alloc=0x3c8
ov021	0x021148f0	data_ov021_021148f0	ShutterHmc_SpawnInfo	spawninfo
ov021	0x021148f0	ShutterHmc_SpawnInfo	g_profile_CV_SHUTTER	reconstructed profile global; literal ROM ID CV_SHUTTER+registry role+later EAD lineage; exact SM64DS spelling not preserved
ov021	0x02114914	data_ov021_02114914	_ZTV16daObjCvShutter_c	vtable alloc=0x324
ov022	0x02111578	func_ov022_02111578	VolcanoRing_Spawn	spawnfunc
ov022	0x02111578	VolcanoRing_Spawn	daObjFl_Ring_c_classInit	reconstructed classInit; ROM RTTI+factory shape+unique class factory+later EAD lineage; exact SM64DS spelling not preserved
ov022	0x02111688	func_ov022_02111688	RotatingPlatformLll_Spawn	spawnfunc
ov022	0x02111688	RotatingPlatformLll_Spawn	daObjFl_Koma_D_c_classInit	reconstructed classInit; ROM RTTI+factory shape+unique class factory+later EAD lineage; exact SM64DS spelling not preserved
ov022	0x021116c4	func_ov022_021116c4	_ZN19FloatOnLavaPlatformD1Ev	vtable slot 16 (was _ZN19RotatingPlatformLllD1Ev)
ov022	0x02111708	func_ov022_02111708	_ZN19FloatOnLavaPlatformD0Ev	vtable slot 17 (was _ZN19RotatingPlatformLllD0Ev)
ov022	0x02111760	func_ov022_02111760	_ZN19FloatOnLavaPlatform16CleanupResourcesEv	vtable slot 3 (was _ZN19RotatingPlatformLll16CleanupResourcesEv)
ov022	0x021117a4	func_ov022_021117a4	_ZN19FloatOnLavaPlatform6RenderEv	vtable slot 9 (was _ZN19RotatingPlatformLll6RenderEv)
ov022	0x021117cc	func_ov022_021117cc	_ZN19FloatOnLavaPlatform8BehaviorEv	vtable slot 6 (was _ZN19RotatingPlatformLll8BehaviorEv)
ov022	0x02111870	func_ov022_02111870	_ZN19FloatOnLavaPlatform13InitResourcesEv	vtable slot 0 (was _ZN19RotatingPlatformLll13InitResourcesEv)
ov022	0x02111950	func_ov022_02111950	FloatOnLavaPlatform_Spawn	spawnfunc
ov022	0x02111950	FloatOnLavaPlatform_Spawn	daObjFl_Block_c_classInit	reconstructed classInit; ROM RTTI+factory shape+unique class factory+later EAD lineage; exact SM64DS spelling not preserved
ov022	0x02111c7c	func_ov022_02111c7c	LavaBridge_Spawn	spawnfunc
ov022	0x02111c7c	LavaBridge_Spawn	daObjFl_London_c_classInit	reconstructed classInit; ROM RTTI+factory shape+unique class factory+later EAD lineage; exact SM64DS spelling not preserved
ov022	0x02111f3c	func_ov022_02111f3c	LavaSeesaw_Spawn	spawnfunc
ov022	0x02111f3c	LavaSeesaw_Spawn	daObjFl_Seesaw_c_classInit	reconstructed classInit; ROM RTTI+factory shape+unique class factory+later EAD lineage; exact SM64DS spelling not preserved
ov022	0x02111f6c	func_ov022_02111f6c	_ZN21FloatingFloorLllSmallD1Ev	vtable slot 16
ov022	0x02111fbc	func_ov022_02111fbc	_ZN21FloatingFloorLllSmallD0Ev	vtable slot 17
ov022	0x02112020	func_ov022_02112020	_ZN21FloatingFloorLllSmall16CleanupResourcesEv	vtable slot 3
ov022	0x02112040	func_ov022_02112040	_ZN21FloatingFloorLllSmall13InitResourcesEv	vtable slot 0
ov022	0x021120b8	func_ov022_021120b8	FloatingFloorLllSmall_Spawn	spawnfunc
ov022	0x021120b8	FloatingFloorLllSmall_Spawn	daObjFl_Ukiyuka_c_classInit_FL_UKIYUKA_L	reconstructed classInit; ROM RTTI+factory shape+unique class factory+later EAD lineage; exact SM64DS spelling not preserved
ov022	0x021120f4	func_ov022_021120f4	FloatingFloorLllBig_Spawn	spawnfunc
ov022	0x021120f4	FloatingFloorLllBig_Spawn	daObjFl_Ukiyuka_c_classInit_FL_UKIYUKA	reconstructed classInit; ROM RTTI+factory shape+unique class factory+later EAD lineage; exact SM64DS spelling not preserved
ov022	0x02112130	func_ov022_02112130	_ZN9LavaPlankD1Ev	vtable slot 16 (was _ZN19FloatingFloorLllBigD1Ev)
ov022	0x02112174	func_ov022_02112174	_ZN9LavaPlankD0Ev	vtable slot 17 (was _ZN19FloatingFloorLllBigD0Ev)
ov022	0x021121cc	func_ov022_021121cc	_ZN9LavaPlank16CleanupResourcesEv	vtable slot 3 (was _ZN19FloatingFloorLllBig16CleanupResourcesEv)
ov022	0x02112210	func_ov022_02112210	_ZN9LavaPlank6RenderEv	vtable slot 9 (was _ZN19FloatingFloorLllBig6RenderEv)
ov022	0x02112238	func_ov022_02112238	_ZN9LavaPlank8BehaviorEv	vtable slot 6 (was _ZN19FloatingFloorLllBig8BehaviorEv)
ov022	0x021122ac	func_ov022_021122ac	_ZN9LavaPlank13InitResourcesEv	vtable slot 0 (was _ZN19FloatingFloorLllBig13InitResourcesEv)
ov022	0x02112350	func_ov022_02112350	LavaPlank_Spawn	spawnfunc
ov022	0x02112350	LavaPlank_Spawn	daObjFl_UkiKi_c_classInit	reconstructed classInit; ROM RTTI+factory shape+unique class factory+later EAD lineage; exact SM64DS spelling not preserved
ov022	0x0211245c	func_ov022_0211245c	FallBlockLll_Spawn	spawnfunc
ov022	0x0211245c	FallBlockLll_Spawn	daObjFl_Fall_Block_c_classInit	reconstructed classInit; ROM RTTI+factory shape+unique class factory+later EAD lineage; exact SM64DS spelling not preserved
ov022	0x02112498	func_ov022_02112498	_ZN13RollingLogLllD1Ev	vtable slot 16 (was _ZN12FallBlockLllD1Ev)
ov022	0x021124e8	func_ov022_021124e8	_ZN13RollingLogLllD0Ev	vtable slot 17 (was _ZN12FallBlockLllD0Ev)
ov022	0x0211254c	func_ov022_0211254c	_ZN13RollingLogLll16CleanupResourcesEv	vtable slot 3 (was _ZN12FallBlockLll16CleanupResourcesEv)
ov022	0x02112560	func_ov022_02112560	_ZN13RollingLogLll8BehaviorEv	vtable slot 6 (was _ZN12FallBlockLll8BehaviorEv)
ov022	0x02112590	func_ov022_02112590	_ZN13RollingLogLll13InitResourcesEv	vtable slot 0 (was _ZN12FallBlockLll13InitResourcesEv)
ov022	0x021125a4	func_ov022_021125a4	RollingLogLll_Spawn	spawnfunc
ov022	0x021125a4	RollingLogLll_Spawn	daObjFlMaruta_c_classInit	reconstructed classInit; ROM RTTI+factory shape+unique class factory+later EAD lineage; exact SM64DS spelling not preserved
ov022	0x021125e0	func_ov022_021125e0	_ZN11VolcanoFireD1Ev	vtable slot 16 (was _ZN13RollingLogLllD1Ev)
ov022	0x02112610	func_ov022_02112610	_ZN11VolcanoFireD0Ev	vtable slot 17 (was _ZN13RollingLogLllD0Ev)
ov022	0x021127e0	func_ov022_021127e0	_ZN11VolcanoFire16CleanupResourcesEv	vtable slot 3 (was _ZN13RollingLogLll16CleanupResourcesEv)
ov022	0x02112800	func_ov022_02112800	_ZN11VolcanoFire8BehaviorEv	vtable slot 6 (was _ZN13RollingLogLll8BehaviorEv)
ov022	0x021128b8	func_ov022_021128b8	_ZN11VolcanoFire13InitResourcesEv	vtable slot 0 (was _ZN13RollingLogLll13InitResourcesEv)
ov022	0x02112918	func_ov022_02112918	VolcanoFire_Spawn	spawnfunc
ov022	0x02112918	VolcanoFire_Spawn	daObj_volcanoCannon_c_classInit	reconstructed classInit; ROM RTTI+factory shape+unique class factory+later EAD lineage; exact SM64DS spelling not preserved
ov022	0x02113cf4	data_ov022_02113cf4	VolcanoRing_SpawnInfo	spawninfo
ov022	0x02113cf4	VolcanoRing_SpawnInfo	g_profile_FL_RING	reconstructed profile global; literal ROM ID FL_RING+registry role+later EAD lineage; exact SM64DS spelling not preserved
ov022	0x02113dc4	data_ov022_02113dc4	RotatingPlatformLll_SpawnInfo	spawninfo
ov022	0x02113dc4	RotatingPlatformLll_SpawnInfo	g_profile_FL_KOMA_D	reconstructed profile global; literal ROM ID FL_KOMA_D+registry role+later EAD lineage; exact SM64DS spelling not preserved
ov022	0x02113e88	data_ov022_02113e88	FloatOnLavaPlatform_SpawnInfo	spawninfo
ov022	0x02113e88	FloatOnLavaPlatform_SpawnInfo	g_profile_FL_BLOCK	reconstructed profile global; literal ROM ID FL_BLOCK+registry role+later EAD lineage; exact SM64DS spelling not preserved
ov022	0x02113eac	data_ov022_02113eac	_ZTV19FloatOnLavaPlatform	vtable alloc=? (was _ZTV19RotatingPlatformLll)
ov022	0x02113f4c	data_ov022_02113f4c	LavaBridge_SpawnInfo	spawninfo
ov022	0x02113f4c	LavaBridge_SpawnInfo	g_profile_FL_LONDON	reconstructed profile global; literal ROM ID FL_LONDON+registry role+later EAD lineage; exact SM64DS spelling not preserved
ov022	0x02114010	data_ov022_02114010	LavaSeesaw_SpawnInfo	spawninfo
ov022	0x02114010	LavaSeesaw_SpawnInfo	g_profile_FL_SEESAW	reconstructed profile global; literal ROM ID FL_SEESAW+registry role+later EAD lineage; exact SM64DS spelling not preserved
ov022	0x021140ec	data_ov022_021140ec	FloatingFloorLllBig_SpawnInfo	spawninfo
ov022	0x021140ec	FloatingFloorLllBig_SpawnInfo	g_profile_FL_UKIYUKA	reconstructed profile global; literal ROM ID FL_UKIYUKA+registry role+later EAD lineage; exact SM64DS spelling not preserved
ov022	0x02114108	data_ov022_02114108	FloatingFloorLllSmall_SpawnInfo	spawninfo
ov022	0x02114108	FloatingFloorLllSmall_SpawnInfo	g_profile_FL_UKIYUKA_L	reconstructed profile global; literal ROM ID FL_UKIYUKA_L+registry role+later EAD lineage; exact SM64DS spelling not preserved
ov022	0x0211412c	data_ov022_0211412c	_ZTV21FloatingFloorLllSmall	vtable alloc=0x330
ov022	0x021141cc	data_ov022_021141cc	LavaPlank_SpawnInfo	spawninfo
ov022	0x021141cc	LavaPlank_SpawnInfo	g_profile_FL_UKI_KI	reconstructed profile global; literal ROM ID FL_UKI_KI+registry role+later EAD lineage; exact SM64DS spelling not preserved
ov022	0x021141f0	data_ov022_021141f0	_ZTV9LavaPlank	vtable alloc=? (was _ZTV19FloatingFloorLllBig)
ov022	0x021142a0	data_ov022_021142a0	FallBlockLll_SpawnInfo	spawninfo
ov022	0x021142a0	FallBlockLll_SpawnInfo	g_profile_FL_KUZURE	reconstructed profile global; literal ROM ID FL_KUZURE+registry role+later EAD lineage; exact SM64DS spelling not preserved
ov022	0x02114380	data_ov022_02114380	RollingLogLll_SpawnInfo	spawninfo
ov022	0x02114380	RollingLogLll_SpawnInfo	g_profile_FL_MARUTA	reconstructed profile global; literal ROM ID FL_MARUTA+registry role+later EAD lineage; exact SM64DS spelling not preserved
ov022	0x021143a4	data_ov022_021143a4	_ZTV13RollingLogLll	vtable alloc=? (was _ZTV12FallBlockLll)
ov022	0x02114458	data_ov022_02114458	VolcanoFire_SpawnInfo	spawninfo
ov022	0x02114458	VolcanoFire_SpawnInfo	g_profile_OBJ_VOLCANO_CANNON	reconstructed profile global; literal ROM ID OBJ_VOLCANO_CANNON+registry role+later EAD lineage; exact SM64DS spelling not preserved
ov022	0x0211447c	data_ov022_0211447c	_ZTV11VolcanoFire	vtable alloc=? (was _ZTV13RollingLogLll)
ov023	0x021111a0	func_ov023_021111a0	_ZN16daObjFm_Battan_cD1Ev	vtable slot 16; class identity proven by ov023 RTTI/ZTS
ov023	0x021111ec	func_ov023_021111ec	_ZN16daObjFm_Battan_cD0Ev	vtable slot 17; class identity proven by ov023 RTTI/ZTS
ov023	0x0211124c	func_ov023_0211124c	_ZN16daObjFm_Battan_c12UpdateShadowEv	inferred private spelling; class ownership/calls/codegen proven
ov023	0x02111308	func_ov023_02111308	_ZN16daObjFm_Battan_c20UpdateModelTransformEv	inferred private spelling; class ownership/calls/codegen proven
ov023	0x02111350	func_ov023_02111350	_ZN16daObjFm_Battan_c16CleanupResourcesEv	vtable slot 3; class identity proven by ov023 RTTI/ZTS
ov023	0x02111388	func_ov023_02111388	_ZN16daObjFm_Battan_c6RenderEv	vtable slot 9; class identity proven by ov023 RTTI/ZTS
ov023	0x021113b0	func_ov023_021113b0	_ZN16daObjFm_Battan_c8BehaviorEv	vtable slot 6; class identity proven by ov023 RTTI/ZTS
ov023	0x02111670	func_ov023_02111670	_ZN16daObjFm_Battan_c13InitResourcesEv	vtable slot 0; class identity proven by ov023 RTTI/ZTS
ov023	0x02111728	func_ov023_02111728	Squasher_Spawn	spawnfunc; evidence-bounded C ABI alias
ov023	0x02111728	Squasher_Spawn	daObjFm_Battan_c_classInit	reconstructed classInit; ROM RTTI+factory shape+unique class factory+later EAD lineage; exact SM64DS spelling not preserved
ov023	0x02111fc0	data_ov023_02111fc0	Squasher_SpawnInfo	spawninfo; evidence-bounded C ABI alias
ov023	0x02111fc0	Squasher_SpawnInfo	g_profile_FM_BATTAN	reconstructed profile global; literal ROM ID FM_BATTAN+registry role+later EAD lineage; exact SM64DS spelling not preserved
ov023	0x02111fe4	data_ov023_02111fe4	_ZTV16daObjFm_Battan_c	vtable alloc=0x37c; class identity proven by RTTI/ZTS
ov024	0x021111a0	func_ov024_021111a0	_ZN10PyramidTopD1Ev	vtable slot 16
ov024	0x021111ec	func_ov024_021111ec	_ZN10PyramidTopD0Ev	vtable slot 17
ov024	0x0211124c	func_ov024_0211124c	_ZN10PyramidTagD1Ev	vtable slot 16
ov024	0x0211127c	func_ov024_0211127c	_ZN10PyramidTagD0Ev	vtable slot 17
ov024	0x02111504	func_ov024_02111504	_ZN10PyramidTop16CleanupResourcesEv	vtable slot 3
ov024	0x0211153c	func_ov024_0211153c	_ZN10PyramidTop6RenderEv	vtable slot 9
ov024	0x02111568	func_ov024_02111568	_ZN10PyramidTop8BehaviorEv	vtable slot 6
ov024	0x02111668	func_ov024_02111668	_ZN10PyramidTag8BehaviorEv	vtable slot 6
ov024	0x021116ec	func_ov024_021116ec	_ZN10PyramidTop13InitResourcesEv	vtable slot 0
ov024	0x021117c8	func_ov024_021117c8	_ZN10PyramidTag13InitResourcesEv	vtable slot 0
ov024	0x0211183c	func_ov024_0211183c	PyramidTag_Spawn	spawnfunc
ov024	0x0211183c	PyramidTag_Spawn	daObjDlPyramidDummy_c_classInit	reconstructed classInit; ROM RTTI+factory shape+unique class factory+later EAD lineage; exact SM64DS spelling not preserved
ov024	0x02111874	func_ov024_02111874	PyramidTop_Spawn	spawnfunc
ov024	0x02111874	PyramidTop_Spawn	daObjDlPyramid_c_classInit	reconstructed classInit; ROM RTTI+factory shape+unique class factory+later EAD lineage; exact SM64DS spelling not preserved
ov024	0x02113804	data_ov024_02113804	PyramidTop_SpawnInfo	spawninfo
ov024	0x02113804	PyramidTop_SpawnInfo	g_profile_DL_PYRAMID	reconstructed profile global; literal ROM ID DL_PYRAMID+registry role+later EAD lineage; exact SM64DS spelling not preserved
ov024	0x02113820	data_ov024_02113820	PyramidTag_SpawnInfo	spawninfo
ov024	0x02113820	PyramidTag_SpawnInfo	g_profile_DL_PYRAMID_DUMMY	reconstructed profile global; literal ROM ID DL_PYRAMID_DUMMY+registry role+later EAD lineage; exact SM64DS spelling not preserved
ov024	0x02113844	data_ov024_02113844	_ZTV10PyramidTag	vtable alloc=0x3b8
ov024	0x021138c8	data_ov024_021138c8	_ZTV10PyramidTop	vtable alloc=0x3b8
ov025	0x02111898	func_ov025_02111898	daDgr_c_classInit	reconstructed classInit; ROM RTTI+factory shape+unique class factory+later EAD lineage; exact SM64DS spelling not preserved
ov025	0x02111cf4	func_ov025_02111cf4	Grindel_Spawn	spawnfunc
ov025	0x02111cf4	Grindel_Spawn	daDkk_c_classInit	reconstructed classInit; ROM RTTI+factory shape+unique class factory+later EAD lineage; exact SM64DS spelling not preserved
ov025	0x02111d40	func_ov025_02111d40	_ZN11PyramidStepD1Ev	vtable slot 16
ov025	0x02111d8c	func_ov025_02111d8c	_ZN11PyramidStepD0Ev	vtable slot 17
ov025	0x02111e70	func_ov025_02111e70	_ZN11PyramidStep16CleanupResourcesEv	vtable slot 3
ov025	0x02111ea8	func_ov025_02111ea8	_ZN11PyramidStep6RenderEv	vtable slot 9
ov025	0x02111ed4	func_ov025_02111ed4	_ZN11PyramidStep8BehaviorEv	vtable slot 6
ov025	0x02111fa0	func_ov025_02111fa0	_ZN11PyramidStep13InitResourcesEv	vtable slot 0
ov025	0x021120ac	func_ov025_021120ac	PyramidStep_Spawn	spawnfunc
ov025	0x021120ac	PyramidStep_Spawn	daObjDpBrock_c_classInit	reconstructed classInit; ROM RTTI+factory shape+unique class factory+later EAD lineage; exact SM64DS spelling not preserved
ov025	0x021120e4	func_ov025_021120e4	_ZN11PyramidLiftD1Ev	vtable slot 16
ov025	0x02112148	func_ov025_02112148	_ZN11PyramidLiftD0Ev	vtable slot 17
ov025	0x021121c0	func_ov025_021121c0	_ZN11PyramidLift16CleanupResourcesEv	vtable slot 3
ov025	0x021121fc	func_ov025_021121fc	_ZN11PyramidLift6RenderEv	vtable slot 9
ov025	0x02112288	func_ov025_02112288	_ZN11PyramidLift8BehaviorEv	vtable slot 6
ov025	0x02112498	func_ov025_02112498	_ZN11PyramidLift13InitResourcesEv	vtable slot 0
ov025	0x021125f0	func_ov025_021125f0	PyramidLift_Spawn	spawnfunc
ov025	0x021125f0	PyramidLift_Spawn	daDpLift_c_classInit	reconstructed classInit; ROM RTTI+factory shape+unique class factory+later EAD lineage; exact SM64DS spelling not preserved
ov025	0x0211373c	data_ov025_0211373c	g_profile_DONGURU	reconstructed profile global; literal ROM ID DONGURU+registry role+later EAD lineage; exact SM64DS spelling not preserved
ov025	0x0211382c	data_ov025_0211382c	Grindel_SpawnInfo	spawninfo
ov025	0x0211382c	Grindel_SpawnInfo	g_profile_DONKAKU	reconstructed profile global; literal ROM ID DONKAKU+registry role+later EAD lineage; exact SM64DS spelling not preserved
ov025	0x021138f0	data_ov025_021138f0	PyramidStep_SpawnInfo	spawninfo
ov025	0x021138f0	PyramidStep_SpawnInfo	g_profile_DP_BROCK	reconstructed profile global; literal ROM ID DP_BROCK+registry role+later EAD lineage; exact SM64DS spelling not preserved
ov025	0x02113914	data_ov025_02113914	_ZTV11PyramidStep	vtable alloc=0x3a4
ov025	0x021139b0	data_ov025_021139b0	PyramidLift_SpawnInfo	spawninfo
ov025	0x021139b0	PyramidLift_SpawnInfo	g_profile_DP_LIFT	reconstructed profile global; literal ROM ID DP_LIFT+registry role+later EAD lineage; exact SM64DS spelling not preserved
ov025	0x021139d4	data_ov025_021139d4	_ZTV11PyramidLift	vtable alloc=0x3fc
ov026	0x02111678	func_ov026_02111678	daObjWlPolelift_c_classInit	reconstructed classInit; ROM RTTI+factory shape+unique class factory+later EAD lineage; exact SM64DS spelling not preserved
ov026	0x02111888	func_ov026_02111888	BowserShutter_Spawn	spawnfunc
ov026	0x02111888	BowserShutter_Spawn	daObjWlKoopaShutter_c_classInit	reconstructed classInit; ROM RTTI+factory shape+unique class factory+later EAD lineage; exact SM64DS spelling not preserved
ov026	0x02111a70	func_ov026_02111a70	Submarine_Spawn	spawnfunc
ov026	0x02111a70	Submarine_Spawn	daObjWlSubmarine_c_classInit	reconstructed classInit; ROM RTTI+factory shape+unique class factory+later EAD lineage; exact SM64DS spelling not preserved
ov026	0x02111aa0	func_ov026_02111aa0	_ZN9WhirlpoolD1Ev	vtable slot 16 (was _ZN9SubmarineD1Ev)
ov026	0x02111ad8	func_ov026_02111ad8	_ZN9WhirlpoolD0Ev	vtable slot 17 (was _ZN9SubmarineD0Ev)
ov026	0x02111fa4	func_ov026_02111fa4	_ZN9Whirlpool16CleanupResourcesEv	vtable slot 3 (was _ZN9Submarine16CleanupResourcesEv)
ov026	0x02111fd4	func_ov026_02111fd4	_ZN9Whirlpool16OnPendingDestroyEv	vtable slot 12 (was _ZN9Submarine16OnPendingDestroyEv)
ov026	0x02111fd8	func_ov026_02111fd8	_ZN9Whirlpool6RenderEv	vtable slot 9 (was _ZN9Submarine6RenderEv)
ov026	0x0211200c	func_ov026_0211200c	_ZN9Whirlpool8BehaviorEv	vtable slot 6 (was _ZN9Submarine8BehaviorEv)
ov026	0x021120ec	func_ov026_021120ec	_ZN9Whirlpool13InitResourcesEv	vtable slot 0 (was _ZN9Submarine13InitResourcesEv)
ov026	0x021121bc	func_ov026_021121bc	Whirlpool_Spawn	spawnfunc
ov026	0x021121bc	Whirlpool_Spawn	daWater_Tatumaki_c_classInit	reconstructed classInit; ROM RTTI+factory shape+unique class factory+later EAD lineage; exact SM64DS spelling not preserved
ov026	0x021121fc	func_ov026_021121fc	_ZN12WaterSuctionD1Ev	vtable slot 16
ov026	0x02112234	func_ov026_02112234	_ZN12WaterSuctionD0Ev	vtable slot 17
ov026	0x02112328	func_ov026_02112328	_ZN12WaterSuction16CleanupResourcesEv	vtable slot 3
ov026	0x02112330	func_ov026_02112330	_ZN12WaterSuction16OnPendingDestroyEv	vtable slot 12
ov026	0x02112334	func_ov026_02112334	_ZN12WaterSuction6RenderEv	vtable slot 9
ov026	0x0211233c	func_ov026_0211233c	_ZN12WaterSuction8BehaviorEv	vtable slot 6
ov026	0x021123c8	func_ov026_021123c8	_ZN12WaterSuction13InitResourcesEv	vtable slot 0
ov026	0x02112450	func_ov026_02112450	WaterSuction_Spawn	spawnfunc
ov026	0x02112450	WaterSuction_Spawn	daWater_Suikomi_c_classInit	reconstructed classInit; ROM RTTI+factory shape+unique class factory+later EAD lineage; exact SM64DS spelling not preserved
ov026	0x02113abc	data_ov026_02113abc	g_profile_WL_POLELIFT	reconstructed profile global; literal ROM ID WL_POLELIFT+registry role+later EAD lineage; exact SM64DS spelling not preserved
ov026	0x02113b80	data_ov026_02113b80	BowserShutter_SpawnInfo	spawninfo
ov026	0x02113b80	BowserShutter_SpawnInfo	g_profile_WL_KOOPA_SHUTTER	reconstructed profile global; literal ROM ID WL_KOOPA_SHUTTER+registry role+later EAD lineage; exact SM64DS spelling not preserved
ov026	0x02113c48	data_ov026_02113c48	Submarine_SpawnInfo	spawninfo
ov026	0x02113c48	Submarine_SpawnInfo	g_profile_WL_SUBMARINE	reconstructed profile global; literal ROM ID WL_SUBMARINE+registry role+later EAD lineage; exact SM64DS spelling not preserved
ov026	0x02113d30	data_ov026_02113d30	Whirlpool_SpawnInfo	spawninfo
ov026	0x02113d30	Whirlpool_SpawnInfo	g_profile_WATER_TATUMAKI	reconstructed profile global; literal ROM ID WATER_TATUMAKI+registry role+later EAD lineage; exact SM64DS spelling not preserved
ov026	0x02113d54	data_ov026_02113d54	_ZTV9Whirlpool	vtable alloc=? (was _ZTV9Submarine)
ov026	0x02113e00	data_ov026_02113e00	WaterSuction_SpawnInfo	spawninfo
ov026	0x02113e00	WaterSuction_SpawnInfo	g_profile_WATER_SUIKOMI	reconstructed profile global; literal ROM ID WATER_SUIKOMI+registry role+later EAD lineage; exact SM64DS spelling not preserved
ov026	0x02113e24	data_ov026_02113e24	_ZTV12WaterSuction	vtable alloc=0x318
ov027	0x021111a0	func_ov027_021111a0	_ZN10SlidingIceD1Ev	vtable slot 16
ov027	0x021111e4	func_ov027_021111e4	_ZN10SlidingIceD0Ev	vtable slot 17
ov027	0x02111264	func_ov027_02111264	_ZN10SlidingIce16CleanupResourcesEv	vtable slot 3
ov027	0x021112b4	func_ov027_021112b4	_ZN10SlidingIce6RenderEv	vtable slot 9
ov027	0x02111304	func_ov027_02111304	_ZN10SlidingIce8BehaviorEv	vtable slot 6
ov027	0x02111440	func_ov027_02111440	_ZN10SlidingIce13InitResourcesEv	vtable slot 0
ov027	0x02111564	func_ov027_02111564	SlidingIce_Spawn	spawnfunc
ov027	0x02111564	SlidingIce_Spawn	daObjSlIceBlock_c_classInit_SL_ICEBLOCK_SHOT	reconstructed classInit; ROM RTTI+factory shape+unique class factory+later EAD lineage; exact SM64DS spelling not preserved
ov027	0x02111594	func_ov027_02111594	SlidingIceSpawner_Spawn	spawnfunc
ov027	0x02111594	SlidingIceSpawner_Spawn	daObjSlIceBlock_c_classInit_SL_ICEBLOCK	reconstructed classInit; ROM RTTI+factory shape+unique class factory+later EAD lineage; exact SM64DS spelling not preserved
ov027	0x0211186c	func_ov027_0211186c	daIDonketu_c_Spawn	spawnfunc
ov027	0x0211186c	daIDonketu_c_Spawn	daIDonketu_c_classInit	reconstructed classInit; ROM RTTI+factory shape+unique class factory+later EAD lineage; exact SM64DS spelling not preserved
ov027	0x0211207c	func_ov027_0211207c	daPgDfdr_c_classInit	reconstructed classInit; ROM RTTI+factory shape+unique class factory+later EAD lineage; exact SM64DS spelling not preserved
ov027	0x021120c4	func_ov027_021120c4	_ZN13SnowmanBreathD1Ev	vtable slot 16
ov027	0x02112104	func_ov027_02112104	_ZN13SnowmanBreathD0Ev	vtable slot 17
ov027	0x02112700	func_ov027_02112700	_ZN13SnowmanBreath16CleanupResourcesEv	vtable slot 3
ov027	0x0211273c	func_ov027_0211273c	_ZN13SnowmanBreath16OnPendingDestroyEv	vtable slot 12
ov027	0x02112740	func_ov027_02112740	_ZN13SnowmanBreath6RenderEv	vtable slot 9
ov027	0x021127a4	func_ov027_021127a4	_ZN13SnowmanBreath8BehaviorEv	vtable slot 6
ov027	0x021129dc	func_ov027_021129dc	_ZN13SnowmanBreath13InitResourcesEv	vtable slot 0
ov027	0x02112ab4	func_ov027_02112ab4	SnowmanBreath_Spawn	spawnfunc
ov027	0x02112ab4	SnowmanBreath_Spawn	daSnmBth_c_classInit	reconstructed classInit; ROM RTTI+factory shape+unique class factory+later EAD lineage; exact SM64DS spelling not preserved
ov027	0x021137e4	data_ov027_021137e4	SlidingIceSpawner_SpawnInfo	spawninfo
ov027	0x021137e4	SlidingIceSpawner_SpawnInfo	g_profile_SL_ICEBLOCK	reconstructed profile global; literal ROM ID SL_ICEBLOCK+registry role+later EAD lineage; exact SM64DS spelling not preserved
ov027	0x02113800	data_ov027_02113800	SlidingIce_SpawnInfo	spawninfo
ov027	0x02113800	SlidingIce_SpawnInfo	g_profile_SL_ICEBLOCK_SHOT	reconstructed profile global; literal ROM ID SL_ICEBLOCK_SHOT+registry role+later EAD lineage; exact SM64DS spelling not preserved
ov027	0x02113824	data_ov027_02113824	_ZTV10SlidingIce	vtable alloc=0x32c
ov027	0x021138d8	data_ov027_021138d8	daIDonketu_c_SpawnInfo	spawninfo
ov027	0x021138d8	daIDonketu_c_SpawnInfo	g_profile_ICE_DONKETU	reconstructed profile global; literal ROM ID ICE_DONKETU+registry role+later EAD lineage; exact SM64DS spelling not preserved
ov027	0x02113a00	data_ov027_02113a00	g_profile_PENGUIN_DEFENDER	reconstructed profile global; literal ROM ID PENGUIN_DEFENDER+registry role+later EAD lineage; exact SM64DS spelling not preserved
ov027	0x02113b2c	data_ov027_02113b2c	SnowmanBreath_SpawnInfo	spawninfo
ov027	0x02113b2c	SnowmanBreath_SpawnInfo	g_profile_SNOWMAN_BREATH	reconstructed profile global; literal ROM ID SNOWMAN_BREATH+registry role+later EAD lineage; exact SM64DS spelling not preserved
ov027	0x02113b50	data_ov027_02113b50	_ZTV13SnowmanBreath	vtable alloc=?
ov029	0x02111340	func_ov029_02111340	FloatOnWaterPlatformWdwSquare_Spawn	spawnfunc
ov029	0x02111340	FloatOnWaterPlatformWdwSquare_Spawn	daObjWcObj01_c_classInit	reconstructed classInit; ROM RTTI+factory shape+unique class factory+later EAD lineage; exact SM64DS spelling not preserved
ov029	0x02111340	daObjWcObj01_c_Spawn	daObjWcObj01_c_classInit	reconstructed classInit; ROM RTTI+factory shape+unique class factory+later EAD lineage; exact SM64DS spelling not preserved
ov029	0x0211137c	func_ov029_0211137c	_ZN15daObjWc_Obj02_cD1Ev	vtable slot 16 (was _ZN29FloatOnWaterPlatformWdwSquareD1Ev)
ov029	0x021113c0	func_ov029_021113c0	_ZN15daObjWc_Obj02_cD0Ev	vtable slot 17 (was _ZN29FloatOnWaterPlatformWdwSquareD0Ev)
ov029	0x02111418	func_ov029_02111418	_ZN15daObjWc_Obj02_c16CleanupResourcesEv	vtable slot 3 (was _ZN29FloatOnWaterPlatformWdwSquare16CleanupResourcesEv)
ov029	0x0211145c	func_ov029_0211145c	_ZN15daObjWc_Obj02_c6RenderEv	vtable slot 9 (was _ZN29FloatOnWaterPlatformWdwSquare6RenderEv)
ov029	0x02111484	func_ov029_02111484	_ZN15daObjWc_Obj02_c8BehaviorEv	vtable slot 6 (was _ZN29FloatOnWaterPlatformWdwSquare8BehaviorEv)
ov029	0x021115f8	func_ov029_021115f8	_ZN15daObjWc_Obj02_c13InitResourcesEv	vtable slot 0 (was _ZN29FloatOnWaterPlatformWdwSquare13InitResourcesEv)
ov029	0x021116f8	func_ov029_021116f8	ArrowLift_Spawn	spawnfunc
ov029	0x021116f8	ArrowLift_Spawn	daObjWc_Obj02_c_classInit	reconstructed classInit; ROM RTTI+factory shape+unique class factory+later EAD lineage; exact SM64DS spelling not preserved
ov029	0x02111728	func_ov029_02111728	_ZN15daObjWc_Obj03_cD1Ev	vtable slot 16 (was _ZN9ArrowLiftD1Ev, then _ZN12WaterDiamondD1Ev)
ov029	0x02111760	func_ov029_02111760	_ZN15daObjWc_Obj03_cD0Ev	vtable slot 17 (was _ZN9ArrowLiftD0Ev, then _ZN12WaterDiamondD0Ev)
ov029	0x021117ac	func_ov029_021117ac	_ZN15daObjWc_Obj03_c19CheckClsnWithPlayerEv	daObjWc_Obj03_c Behavior helper; established class name (was _ZN12WaterDiamond19CheckClsnWithPlayerEv)
ov029	0x02111850	func_ov029_02111850	_ZN15daObjWc_Obj03_c10SetWaterIDEv	daObjWc_Obj03_c Behavior helper; established class name (was _ZN12WaterDiamond10SetWaterIDEv)
ov029	0x021118c8	func_ov029_021118c8	_ZN15daObjWc_Obj03_c20UpdateModelTransformEv	daObjWc_Obj03_c Behavior helper; established class name (was _ZN12WaterDiamond20UpdateModelTransformEv)
ov029	0x02111908	func_ov029_02111908	_ZN15daObjWc_Obj03_c16CleanupResourcesEv	vtable slot 3 (was _ZN9ArrowLift16CleanupResourcesEv, then _ZN12WaterDiamond16CleanupResourcesEv)
ov029	0x0211192c	func_ov029_0211192c	_ZN15daObjWc_Obj03_c6RenderEv	vtable slot 9 (was _ZN9ArrowLift6RenderEv, then _ZN12WaterDiamond6RenderEv)
ov029	0x02111954	func_ov029_02111954	_ZN15daObjWc_Obj03_c8BehaviorEv	vtable slot 6 (was _ZN9ArrowLift8BehaviorEv, then _ZN12WaterDiamond8BehaviorEv)
ov029	0x02111a04	func_ov029_02111a04	_ZN15daObjWc_Obj03_c13InitResourcesEv	vtable slot 0 (was _ZN9ArrowLift13InitResourcesEv, then _ZN12WaterDiamond13InitResourcesEv)
ov029	0x02111a84	func_ov029_02111a84	daObjWc_Obj03_c_Spawn	spawnfunc (was WaterDiamond_Spawn)
ov029	0x02111a84	daObjWc_Obj03_c_Spawn	daObjWc_Obj03_c_classInit	reconstructed classInit; ROM RTTI+factory shape+unique class factory+later EAD lineage; exact SM64DS spelling not preserved (was WaterDiamond_Spawn)
ov029	0x02111e74	func_ov029_02111e74	daObjWc_Obj05_c_Spawn	spawnfunc (was CageLift_Spawn)
ov029	0x02111e74	daObjWc_Obj05_c_Spawn	daObjWc_Obj05_c_classInit	reconstructed classInit; ROM RTTI+factory shape+unique class factory+later EAD lineage; exact SM64DS spelling not preserved (was CageLift_Spawn)
ov029	0x02112044	func_ov029_02112044	FloatOnWaterPlatformWdwRectangle_Spawn	spawnfunc
ov029	0x02112044	FloatOnWaterPlatformWdwRectangle_Spawn	daObjWcObj06_c_classInit	reconstructed classInit; ROM RTTI+factory shape+unique class factory+later EAD lineage; exact SM64DS spelling not preserved
ov029	0x02112044	daObjWcObj06_c_Spawn	daObjWcObj06_c_classInit	reconstructed classInit; ROM RTTI+factory shape+unique class factory+later EAD lineage; exact SM64DS spelling not preserved
ov029	0x02112080	func_ov029_02112080	_ZN15daObjWc_Obj07_cD1Ev	vtable slot 16 (was _ZN32FloatOnWaterPlatformWdwRectangleD1Ev)
ov029	0x021120d0	func_ov029_021120d0	_ZN15daObjWc_Obj07_cD0Ev	vtable slot 17 (was _ZN32FloatOnWaterPlatformWdwRectangleD0Ev)
ov029	0x02112134	func_ov029_02112134	_ZN15daObjWc_Obj07_c16CleanupResourcesEv	vtable slot 3 (was _ZN32FloatOnWaterPlatformWdwRectangle16CleanupResourcesEv)
ov029	0x02112148	func_ov029_02112148	_ZN15daObjWc_Obj07_c13InitResourcesEv	vtable slot 0 (was _ZN32FloatOnWaterPlatformWdwRectangle13InitResourcesEv)
ov029	0x02112168	func_ov029_02112168	daObjWc_Obj07_c_Spawn	spawnfunc
ov029	0x02112168	daObjWc_Obj07_c_Spawn	daObjWc_Obj07_c_classInit	reconstructed classInit; ROM RTTI+factory shape+unique class factory+later EAD lineage; exact SM64DS spelling not preserved
ov029	0x021121a4	func_ov029_021121a4	_ZN14daObjWc_Mizu_cD1Ev	vtable slot 16 (was _ZN15daObjWc_Obj07_cD1Ev)
ov029	0x021121f0	func_ov029_021121f0	_ZN14daObjWc_Mizu_cD0Ev	vtable slot 17 (was _ZN15daObjWc_Obj07_cD0Ev)
ov029	0x021122dc	func_ov029_021122dc	_ZN14daObjWc_Mizu_c16CleanupResourcesEv	vtable slot 3 (was _ZN15daObjWc_Obj07_c16CleanupResourcesEv)
ov029	0x02112320	func_ov029_02112320	_ZN14daObjWc_Mizu_c6RenderEv	vtable slot 9 (was _ZN15daObjWc_Obj07_c6RenderEv)
ov029	0x02112354	func_ov029_02112354	_ZN14daObjWc_Mizu_c8BehaviorEv	vtable slot 6 (was _ZN15daObjWc_Obj07_c8BehaviorEv)
ov029	0x021124d0	func_ov029_021124d0	_ZN14daObjWc_Mizu_c13InitResourcesEv	vtable slot 0 (was _ZN15daObjWc_Obj07_c13InitResourcesEv)
ov029	0x021125f8	func_ov029_021125f8	WDW_Water_Spawn	spawnfunc
ov029	0x021125f8	WDW_Water_Spawn	daObjWc_Mizu_c_classInit	reconstructed classInit; ROM RTTI+factory shape+unique class factory+later EAD lineage; exact SM64DS spelling not preserved
ov029	0x02112630	func_ov029_02112630	_ZN15daObjWc_Obj04_cD1Ev	vtable slot 16
ov029	0x0211267c	func_ov029_0211267c	_ZN15daObjWc_Obj04_cD0Ev	vtable slot 17
ov029	0x02112750	func_ov029_02112750	_ZN15daObjWc_Obj04_c16CleanupResourcesEv	vtable slot 3
ov029	0x02112794	func_ov029_02112794	_ZN15daObjWc_Obj04_c6RenderEv	vtable slot 9
ov029	0x021127cc	func_ov029_021127cc	_ZN15daObjWc_Obj04_c8BehaviorEv	vtable slot 6
ov029	0x021128b0	func_ov029_021128b0	_ZN15daObjWc_Obj04_c13InitResourcesEv	vtable slot 0
ov029	0x02112964	func_ov029_02112964	SwitchActivatedPlank_Spawn	spawnfunc
ov029	0x02112964	SwitchActivatedPlank_Spawn	daObjWc_Obj04_c_classInit	reconstructed classInit; ROM RTTI+factory shape+unique class factory+later EAD lineage; exact SM64DS spelling not preserved
ov029	0x02113c08	data_ov029_02113c08	FloatOnWaterPlatformWdwSquare_SpawnInfo	spawninfo
ov029	0x02113c08	FloatOnWaterPlatformWdwSquare_SpawnInfo	g_profile_WC_OBJ01	reconstructed profile global; literal ROM ID WC_OBJ01+registry role+later EAD lineage; exact SM64DS spelling not preserved
ov029	0x02113c08	daObjWcObj01_c_SpawnInfo	g_profile_WC_OBJ01	reconstructed profile global; literal ROM ID WC_OBJ01+registry role+later EAD lineage; exact SM64DS spelling not preserved
ov029	0x02113ccc	data_ov029_02113ccc	ArrowLift_SpawnInfo	spawninfo
ov029	0x02113ccc	ArrowLift_SpawnInfo	g_profile_WC_OBJ02	reconstructed profile global; literal ROM ID WC_OBJ02+registry role+later EAD lineage; exact SM64DS spelling not preserved
ov029	0x02113cf0	data_ov029_02113cf0	_ZTV15daObjWc_Obj02_c	vtable alloc=? (was _ZTV29FloatOnWaterPlatformWdwSquare)
ov029	0x02113d90	data_ov029_02113d90	daObjWc_Obj03_c_SpawnInfo	spawninfo (was WaterDiamond_SpawnInfo)
ov029	0x02113d90	daObjWc_Obj03_c_SpawnInfo	g_profile_WC_OBJ03	reconstructed profile global; literal ROM ID WC_OBJ03+registry role+later EAD lineage; exact SM64DS spelling not preserved (was WaterDiamond_SpawnInfo)
ov029	0x02113db4	data_ov029_02113db4	_ZTV15daObjWc_Obj03_c	vtable alloc=? (was _ZTV9ArrowLift, then _ZTV12WaterDiamond)
ov029	0x02113e50	data_ov029_02113e50	daObjWc_Obj05_c_SpawnInfo	spawninfo (was CageLift_SpawnInfo)
ov029	0x02113e50	daObjWc_Obj05_c_SpawnInfo	g_profile_WC_OBJ05	reconstructed profile global; literal ROM ID WC_OBJ05+registry role+later EAD lineage; exact SM64DS spelling not preserved (was CageLift_SpawnInfo)
ov029	0x02113f20	data_ov029_02113f20	FloatOnWaterPlatformWdwRectangle_SpawnInfo	spawninfo
ov029	0x02113f20	FloatOnWaterPlatformWdwRectangle_SpawnInfo	daObjWcObj06_c_SpawnInfo	renamed to the class's ROM RTTI identity; row recorded retroactively -- the rename reached symbols.txt without a ledger entry
ov029	0x02113f20	daObjWcObj06_c_SpawnInfo	g_profile_WC_OBJ06	reconstructed profile global; literal ROM ID WC_OBJ06+registry role+later EAD lineage; exact SM64DS spelling not preserved
ov029	0x02113ff4	data_ov029_02113ff4	daObjWc_Obj07_c_SpawnInfo	spawninfo
ov029	0x02113ff4	daObjWc_Obj07_c_SpawnInfo	g_profile_WC_UKISIMA	reconstructed profile global; literal ROM ID WC_UKISIMA+registry role+later EAD lineage; exact SM64DS spelling not preserved
ov029	0x02114018	data_ov029_02114018	_ZTV15daObjWc_Obj07_c	vtable alloc=? (was _ZTV32FloatOnWaterPlatformWdwRectangle)
ov029	0x021140b8	data_ov029_021140b8	WDW_Water_SpawnInfo	spawninfo
ov029	0x021140b8	WDW_Water_SpawnInfo	g_profile_WC_MIZU	reconstructed profile global; literal ROM ID WC_MIZU+registry role+later EAD lineage; exact SM64DS spelling not preserved
ov029	0x021140dc	data_ov029_021140dc	_ZTV14daObjWc_Mizu_c	vtable alloc=? (was _ZTV15daObjWc_Obj07_c)
ov029	0x0211417c	data_ov029_0211417c	SwitchActivatedPlank_SpawnInfo	spawninfo
ov029	0x0211417c	SwitchActivatedPlank_SpawnInfo	g_profile_WC_OBJ04	reconstructed profile global; literal ROM ID WC_OBJ04+registry role+later EAD lineage; exact SM64DS spelling not preserved
ov029	0x021141a0	data_ov029_021141a0	_ZTV15daObjWc_Obj04_c	vtable alloc=0x3a8
ov030	0x02111524	func_ov030_02111524	UkikiCage_Spawn	spawnfunc
ov030	0x02111524	UkikiCage_Spawn	daObjHmBskt_c_classInit	reconstructed classInit; ROM RTTI+factory shape+unique class factory+later EAD lineage; exact SM64DS spelling not preserved
ov030	0x0211155c	func_ov030_0211155c	_ZN13RollingLogTtmD1Ev	vtable slot 16 (was _ZN13daObjHmBskt_cD1Ev)
ov030	0x021115ac	func_ov030_021115ac	_ZN13RollingLogTtmD0Ev	vtable slot 17 (was _ZN13daObjHmBskt_cD0Ev)
ov030	0x02111610	func_ov030_02111610	_ZN13RollingLogTtm16CleanupResourcesEv	vtable slot 3 (was _ZN13daObjHmBskt_c16CleanupResourcesEv)
ov030	0x02111624	func_ov030_02111624	_ZN13RollingLogTtm8BehaviorEv	vtable slot 6 (was _ZN13daObjHmBskt_c8BehaviorEv)
ov030	0x02111638	func_ov030_02111638	_ZN13RollingLogTtm13InitResourcesEv	vtable slot 0 (was _ZN13daObjHmBskt_c13InitResourcesEv)
ov030	0x0211164c	func_ov030_0211164c	RollingLogTtm_Spawn	spawnfunc
ov030	0x0211164c	RollingLogTtm_Spawn	daObjHmMaruta_c_classInit	reconstructed classInit; ROM RTTI+factory shape+unique class factory+later EAD lineage; exact SM64DS spelling not preserved
ov030	0x02111688	func_ov030_02111688	_ZN5UkikiD1Ev	vtable slot 16 (was _ZN13RollingLogTtmD1Ev)
ov030	0x021116d0	func_ov030_021116d0	_ZN5UkikiD0Ev	vtable slot 17 (was _ZN13RollingLogTtmD0Ev)
ov030	0x021141c4	func_ov030_021141c4	_ZN5Ukiki16CleanupResourcesEv	vtable slot 3 (was _ZN13RollingLogTtm16CleanupResourcesEv)
ov030	0x0211422c	func_ov030_0211422c	_ZN5Ukiki16OnPendingDestroyEv	vtable slot 12 (was _ZN13RollingLogTtm16OnPendingDestroyEv)
ov030	0x02114230	func_ov030_02114230	_ZN5Ukiki6RenderEv	vtable slot 9 (was _ZN13RollingLogTtm6RenderEv)
ov030	0x02114278	func_ov030_02114278	_ZN5Ukiki8BehaviorEv	vtable slot 6 (was _ZN13RollingLogTtm8BehaviorEv)
ov030	0x02114378	func_ov030_02114378	_ZN5Ukiki13InitResourcesEv	vtable slot 0 (was _ZN13RollingLogTtm13InitResourcesEv)
ov030	0x021145e0	func_ov030_021145e0	UkikiStar_Spawn	spawnfunc
ov030	0x021145e0	UkikiStar_Spawn	daMky_c_classInit_MONKEY_STAR	reconstructed classInit; ROM RTTI+factory shape+unique class factory+later EAD lineage; exact SM64DS spelling not preserved
ov030	0x02114638	func_ov030_02114638	UkikiThief_Spawn	spawnfunc
ov030	0x02114638	UkikiThief_Spawn	daMky_c_classInit_MONKEY_THIEF	reconstructed classInit; ROM RTTI+factory shape+unique class factory+later EAD lineage; exact SM64DS spelling not preserved
ov030	0x02115950	data_ov030_02115950	UkikiCage_SpawnInfo	spawninfo
ov030	0x02115950	UkikiCage_SpawnInfo	g_profile_HM_BASKET	reconstructed profile global; literal ROM ID HM_BASKET+registry role+later EAD lineage; exact SM64DS spelling not preserved
ov030	0x02115a24	data_ov030_02115a24	RollingLogTtm_SpawnInfo	spawninfo
ov030	0x02115a24	RollingLogTtm_SpawnInfo	g_profile_HM_MARUTA	reconstructed profile global; literal ROM ID HM_MARUTA+registry role+later EAD lineage; exact SM64DS spelling not preserved
ov030	0x02115a48	data_ov030_02115a48	_ZTV13RollingLogTtm	vtable alloc=? (was _ZTV13daObjHmBskt_c)
ov030	0x02115b90	data_ov030_02115b90	UkikiThief_SpawnInfo	spawninfo
ov030	0x02115b90	UkikiThief_SpawnInfo	g_profile_MONKEY_THIEF	reconstructed profile global; literal ROM ID MONKEY_THIEF+registry role+later EAD lineage; exact SM64DS spelling not preserved
ov030	0x02115bac	data_ov030_02115bac	UkikiStar_SpawnInfo	spawninfo
ov030	0x02115bac	UkikiStar_SpawnInfo	g_profile_MONKEY_STAR	reconstructed profile global; literal ROM ID MONKEY_STAR+registry role+later EAD lineage; exact SM64DS spelling not preserved
ov030	0x02115bfc	data_ov030_02115bfc	_ZTV5Ukiki	vtable alloc=? (was _ZTV13RollingLogTtm)
ov031	0x021111a0	func_ov031_021111a0	_ZN18daObjHsBillboard_cD1Ev	vtable slot 16
ov031	0x021111d0	func_ov031_021111d0	_ZN18daObjHsBillboard_cD0Ev	vtable slot 17
ov031	0x02111254	func_ov031_02111254	_ZN18daObjHsBillboard_c16CleanupResourcesEv	vtable slot 3
ov031	0x02111280	func_ov031_02111280	_ZN18daObjHsBillboard_c6RenderEv	vtable slot 9
ov031	0x021112a8	func_ov031_021112a8	_ZN18daObjHsBillboard_c13InitResourcesEv	vtable slot 0
ov031	0x02111344	func_ov031_02111344	SlideDecorationBlueSmiley_Spawn	spawnfunc
ov031	0x02111344	SlideDecorationBlueSmiley_Spawn	daObjHsBillboard_c_classInit_HS_B_STAR	reconstructed classInit; ROM RTTI+factory shape+unique class factory+later EAD lineage; exact SM64DS spelling not preserved
ov031	0x0211137c	func_ov031_0211137c	SlideDecorationOrangeSmiley_Spawn	spawnfunc
ov031	0x0211137c	SlideDecorationOrangeSmiley_Spawn	daObjHsBillboard_c_classInit_HS_Y_STAR	reconstructed classInit; ROM RTTI+factory shape+unique class factory+later EAD lineage; exact SM64DS spelling not preserved
ov031	0x021113b4	func_ov031_021113b4	SlideDecorationYellowStar_Spawn	spawnfunc
ov031	0x021113b4	SlideDecorationYellowStar_Spawn	daObjHsBillboard_c_classInit_HS_STAR	reconstructed classInit; ROM RTTI+factory shape+unique class factory+later EAD lineage; exact SM64DS spelling not preserved
ov031	0x021113ec	func_ov031_021113ec	SlideDecorationSilverStar_Spawn	spawnfunc
ov031	0x021113ec	SlideDecorationSilverStar_Spawn	daObjHsBillboard_c_classInit_HS_MOON	reconstructed classInit; ROM RTTI+factory shape+unique class factory+later EAD lineage; exact SM64DS spelling not preserved
ov031	0x0211190c	data_ov031_0211190c	SlideDecorationSilverStar_SpawnInfo	spawninfo
ov031	0x0211190c	SlideDecorationSilverStar_SpawnInfo	g_profile_HS_MOON	reconstructed profile global; literal ROM ID HS_MOON+registry role+later EAD lineage; exact SM64DS spelling not preserved
ov031	0x02111928	data_ov031_02111928	SlideDecorationYellowStar_SpawnInfo	spawninfo
ov031	0x02111928	SlideDecorationYellowStar_SpawnInfo	g_profile_HS_STAR	reconstructed profile global; literal ROM ID HS_STAR+registry role+later EAD lineage; exact SM64DS spelling not preserved
ov031	0x02111944	data_ov031_02111944	SlideDecorationOrangeSmiley_SpawnInfo	spawninfo
ov031	0x02111944	SlideDecorationOrangeSmiley_SpawnInfo	g_profile_HS_Y_STAR	reconstructed profile global; literal ROM ID HS_Y_STAR+registry role+later EAD lineage; exact SM64DS spelling not preserved
ov031	0x02111960	data_ov031_02111960	SlideDecorationBlueSmiley_SpawnInfo	spawninfo
ov031	0x02111960	SlideDecorationBlueSmiley_SpawnInfo	g_profile_HS_B_STAR	reconstructed profile global; literal ROM ID HS_B_STAR+registry role+later EAD lineage; exact SM64DS spelling not preserved
ov031	0x02111984	data_ov031_02111984	_ZTV18daObjHsBillboard_c	vtable alloc=0x128
ov032	0x02112668	func_ov032_02112668	HugeCover_Spawn	spawnfunc
ov032	0x02112668	HugeCover_Spawn	daObjTdFuta_c_classInit	reconstructed classInit; ROM RTTI+factory shape+unique class factory+later EAD lineage; exact SM64DS spelling not preserved
ov032	0x02112698	func_ov032_02112698	_ZN14daObjTdWater_cD1Ev	vtable slot 16
ov032	0x021126e4	func_ov032_021126e4	_ZN14daObjTdWater_cD0Ev	vtable slot 17
ov032	0x02112744	func_ov032_02112744	_ZN14daObjTdWater_c16CleanupResourcesEv	vtable slot 3
ov032	0x02112788	func_ov032_02112788	_ZN14daObjTdWater_c6RenderEv	vtable slot 9
ov032	0x021127bc	func_ov032_021127bc	_ZN14daObjTdWater_c8BehaviorEv	vtable slot 6
ov032	0x021127f0	func_ov032_021127f0	_ZN14daObjTdWater_c13InitResourcesEv	vtable slot 0
ov032	0x021128b8	func_ov032_021128b8	HugeWater_Spawn	spawnfunc
ov032	0x021128b8	HugeWater_Spawn	daObjTdWater_c_classInit	reconstructed classInit; ROM RTTI+factory shape+unique class factory+later EAD lineage; exact SM64DS spelling not preserved
ov032	0x021138bc	data_ov032_021138bc	HugeCover_SpawnInfo	spawninfo
ov032	0x021138bc	HugeCover_SpawnInfo	g_profile_TD_FUTA	reconstructed profile global; literal ROM ID TD_FUTA+registry role+later EAD lineage; exact SM64DS spelling not preserved
ov032	0x021138e0	data_ov032_021138e0	_ZTV13daObjTdFuta_c	vtable alloc=0x320
ov032	0x02113980	data_ov032_02113980	HugeWater_SpawnInfo	spawninfo
ov032	0x02113980	HugeWater_SpawnInfo	g_profile_TD_WATER	reconstructed profile global; literal ROM ID TD_WATER+registry role+later EAD lineage; exact SM64DS spelling not preserved
ov032	0x021139a4	data_ov032_021139a4	_ZTV14daObjTdWater_c	vtable alloc=0x334
ov032	0x0211396c	data_ov032_0211396c	_ZTS14daObjTdWater_c	type-name string; MEASURED in overlay_0032.bin those bytes spell 14daObjTdWater_c
ov033	0x021113a4	func_ov033_021113a4	TinyCover_Spawn	spawnfunc
ov033	0x021113a4	TinyCover_Spawn	daObjTtFuta_c_classInit	reconstructed classInit; ROM RTTI+factory shape+unique class factory+later EAD lineage; exact SM64DS spelling not preserved
ov033	0x021113d4	func_ov033_021113d4	_ZN9TinyWaterD1Ev	vtable slot 16 (was _ZN9TinyCoverD1Ev)
ov033	0x02111420	func_ov033_02111420	_ZN9TinyWaterD0Ev	vtable slot 17 (was _ZN9TinyCoverD0Ev)
ov033	0x02111480	func_ov033_02111480	_ZN9TinyWater16CleanupResourcesEv	vtable slot 3 (was _ZN9TinyCover16CleanupResourcesEv)
ov033	0x021114c4	func_ov033_021114c4	_ZN9TinyWater6RenderEv	vtable slot 9 (was _ZN9TinyCover6RenderEv)
ov033	0x021114f8	func_ov033_021114f8	_ZN9TinyWater8BehaviorEv	vtable slot 6 (was _ZN9TinyCover8BehaviorEv)
ov033	0x021115bc	func_ov033_021115bc	_ZN9TinyWater13InitResourcesEv	vtable slot 0 (was _ZN9TinyCover13InitResourcesEv)
ov033	0x02111690	func_ov033_02111690	TinyWater_Spawn	spawnfunc
ov033	0x02111690	TinyWater_Spawn	daObjTtWater_c_classInit	reconstructed classInit; ROM RTTI+factory shape+unique class factory+later EAD lineage; exact SM64DS spelling not preserved
ov033	0x02112358	data_ov033_02112358	TinyCover_SpawnInfo	spawninfo
ov033	0x02112358	TinyCover_SpawnInfo	g_profile_TT_FUTA	reconstructed profile global; literal ROM ID TT_FUTA+registry role+later EAD lineage; exact SM64DS spelling not preserved
ov033	0x0211241c	data_ov033_0211241c	TinyWater_SpawnInfo	spawninfo
ov033	0x0211241c	TinyWater_SpawnInfo	g_profile_TT_WATER	reconstructed profile global; literal ROM ID TT_WATER+registry role+later EAD lineage; exact SM64DS spelling not preserved
ov033	0x02112440	data_ov033_02112440	_ZTV9TinyWater	vtable alloc=? (was _ZTV9TinyCover)
ov034	0x021111a0	func_ov034_021111a0	_ZN7WigglerD1Ev	vtable slot 16
ov034	0x021112b0	func_ov034_021112b0	_ZN7WigglerD0Ev	vtable slot 17
ov034	0x02112a5c	func_ov034_02112a5c	_ZN7Wiggler16CleanupResourcesEv	vtable slot 3
ov034	0x02112af4	func_ov034_02112af4	_ZN7Wiggler6RenderEv	vtable slot 9
ov034	0x02112b5c	func_ov034_02112b5c	_ZN7Wiggler8BehaviorEv	vtable slot 6
ov034	0x0211323c	func_ov034_0211323c	_ZN7Wiggler13InitResourcesEv	vtable slot 0
ov034	0x021136a4	func_ov034_021136a4	Wiggler_Spawn	spawnfunc
ov034	0x021136a4	Wiggler_Spawn	daHanachan_c_classInit	reconstructed classInit; ROM RTTI+factory shape+unique class factory+later EAD lineage; exact SM64DS spelling not preserved
ov034	0x02114498	data_ov034_02114498	Wiggler_SpawnInfo	spawninfo
ov034	0x02114498	Wiggler_SpawnInfo	g_profile_HANACHAN	reconstructed profile global; literal ROM ID HANACHAN+registry role+later EAD lineage; exact SM64DS spelling not preserved
ov034	0x021144bc	data_ov034_021144bc	_ZTV7Wiggler	vtable alloc=?
ov035	0x021111a0	func_ov035_021111a0	_ZN16RotatingCogSmallD1Ev	vtable slot 16
ov035	0x021111e4	func_ov035_021111e4	_ZN16RotatingCogSmallD0Ev	vtable slot 17
ov035	0x0211123c	func_ov035_0211123c	_ZN16RotatingCogSmall16CleanupResourcesEv	vtable slot 3
ov035	0x021112c4	func_ov035_021112c4	_ZN16RotatingCogSmall6RenderEv	vtable slot 9
ov035	0x021112ec	func_ov035_021112ec	_ZN16RotatingCogSmall8BehaviorEv	vtable slot 6
ov035	0x021114e0	func_ov035_021114e0	_ZN16RotatingCogSmall13InitResourcesEv	vtable slot 0
ov035	0x0211165c	func_ov035_0211165c	RotatingCogSmall_Spawn	spawnfunc
ov035	0x0211165c	RotatingCogSmall_Spawn	daObjCtMecha10_c_classInit_CT_MECHA12S	reconstructed classInit; ROM RTTI+factory shape+unique class factory+later EAD lineage; exact SM64DS spelling not preserved
ov035	0x0211168c	func_ov035_0211168c	daObjCtMecha10_c_classInit_CT_MECHA12L	reconstructed classInit; ROM RTTI+factory shape+unique class factory+later EAD lineage; exact SM64DS spelling not preserved
ov035	0x021116bc	func_ov035_021116bc	RotatingClockHand_Spawn	spawnfunc
ov035	0x021116bc	RotatingClockHand_Spawn	daObjCtMecha10_c_classInit_CT_MECHA10	reconstructed classInit; ROM RTTI+factory shape+unique class factory+later EAD lineage; exact SM64DS spelling not preserved
ov035	0x021116ec	func_ov035_021116ec	_ZN16SpinningPlatformD1Ev	vtable slot 16; method-symbol spelling and class-only TU
ov035	0x02111738	func_ov035_02111738	_ZN16SpinningPlatformD0Ev	vtable slot 17; method-symbol spelling and class-only TU
ov035	0x02111798	func_ov035_02111798	_ZN16SpinningPlatform12UpdateShadowEv	SpinningPlatform TU helper; direct class-only call from Behavior
ov035	0x021118a8	func_ov035_021118a8	_ZN16SpinningPlatform11UpdateModelEv	SpinningPlatform TU helper; direct class-only calls from InitResources and Behavior
ov035	0x021118f0	func_ov035_021118f0	_ZN16SpinningPlatform16CleanupResourcesEv	vtable slot 3; method-symbol spelling and class-only TU
ov035	0x02111934	func_ov035_02111934	_ZN16SpinningPlatform6RenderEv	vtable slot 9; method-symbol spelling and class-only TU
ov035	0x0211195c	func_ov035_0211195c	_ZN16SpinningPlatform8BehaviorEv	vtable slot 6; method-symbol spelling and class-only TU
ov035	0x02111a98	func_ov035_02111a98	_ZN16SpinningPlatform13InitResourcesEv	vtable slot 0; method-symbol spelling and class-only TU
ov035	0x02111b98	func_ov035_02111b98	SpinningPlatform_Spawn	spawnfunc
ov035	0x02111b98	SpinningPlatform_Spawn	daObjCtMecha11_c_classInit	reconstructed classInit; ROM RTTI+factory shape+unique class factory+later EAD lineage; exact SM64DS spelling not preserved
ov035	0x02112aa4	data_ov035_02112aa4	RotatingClockHand_SpawnInfo	spawninfo
ov035	0x02112aa4	RotatingClockHand_SpawnInfo	g_profile_CT_MECHA10	reconstructed profile global; literal ROM ID CT_MECHA10+registry role+later EAD lineage; exact SM64DS spelling not preserved
ov035	0x02112ac0	data_ov035_02112ac0	g_profile_CT_MECHA12L	reconstructed profile global; literal ROM ID CT_MECHA12L+registry role+later EAD lineage; exact SM64DS spelling not preserved
ov035	0x02112adc	data_ov035_02112adc	RotatingCogSmall_SpawnInfo	spawninfo
ov035	0x02112adc	RotatingCogSmall_SpawnInfo	g_profile_CT_MECHA12S	reconstructed profile global; literal ROM ID CT_MECHA12S+registry role+later EAD lineage; exact SM64DS spelling not preserved
ov035	0x02112b00	data_ov035_02112b00	_ZTV16RotatingCogSmall	vtable alloc=0x330
ov035	0x02112ba8	data_ov035_02112ba8	SpinningPlatform_SpawnInfo	spawninfo
ov035	0x02112ba8	SpinningPlatform_SpawnInfo	g_profile_CT_MECHA11	reconstructed profile global; literal ROM ID CT_MECHA11+registry role+later EAD lineage; exact SM64DS spelling not preserved
ov035	0x02112bcc	data_ov035_02112bcc	_ZTV16SpinningPlatform	vtable alloc=0x380; ROM RTTI name is daObjCtMecha11_c
ov036	0x02111414	func_ov036_02111414	SwingingPlatform_Spawn	spawnfunc
ov036	0x02111414	SwingingPlatform_Spawn	daObjRcBuranko_c_classInit	reconstructed classInit; ROM RTTI+factory shape+unique class factory+later EAD lineage; exact SM64DS spelling not preserved
ov036	0x02111544	func_ov036_02111544	RotatingPlatformRr_Spawn	spawnfunc
ov036	0x02111544	RotatingPlatformRr_Spawn	daObjRc_Kaitendai_c_classInit	reconstructed classInit; ROM RTTI+factory shape+unique class factory+later EAD lineage; exact SM64DS spelling not preserved
ov036	0x02111580	func_ov036_02111580	_ZN14daObjRc_Hane_cD1Ev	vtable slot 16 (was _ZN19daObjRc_Kaitendai_cD1Ev)
ov036	0x021115b0	func_ov036_021115b0	_ZN14daObjRc_Hane_cD0Ev	vtable slot 17 (was _ZN19daObjRc_Kaitendai_cD0Ev)
ov036	0x021115f4	func_ov036_021115f4	_ZN14daObjRc_Hane_c16CleanupResourcesEv	vtable slot 3 (was _ZN19daObjRc_Kaitendai_c16CleanupResourcesEv)
ov036	0x0211169c	func_ov036_0211169c	_ZN14daObjRc_Hane_c6RenderEv	vtable slot 9 (was _ZN19daObjRc_Kaitendai_c6RenderEv)
ov036	0x021116c0	func_ov036_021116c0	_ZN14daObjRc_Hane_c8BehaviorEv	vtable slot 6 (was _ZN19daObjRc_Kaitendai_c8BehaviorEv)
ov036	0x02111854	func_ov036_02111854	_ZN14daObjRc_Hane_c13InitResourcesEv	vtable slot 0 (was _ZN19daObjRc_Kaitendai_c13InitResourcesEv)
ov036	0x02111904	func_ov036_02111904	daObjRc_Hane_c_Spawn	spawnfunc
ov036	0x02111904	daObjRc_Hane_c_Spawn	daObjRc_Hane_c_classInit	reconstructed classInit; ROM RTTI+factory shape+unique class factory+later EAD lineage; exact SM64DS spelling not preserved
ov036	0x0211193c	func_ov036_0211193c	_ZN10DonutBlockD1Ev	vtable slot 16 (was _ZN14daObjRc_Hane_cD1Ev)
ov036	0x02111988	func_ov036_02111988	_ZN10DonutBlockD0Ev	vtable slot 17 (was _ZN14daObjRc_Hane_cD0Ev)
ov036	0x021119e8	func_ov036_021119e8	_ZN10DonutBlock16CleanupResourcesEv	vtable slot 3 (was _ZN14daObjRc_Hane_c16CleanupResourcesEv)
ov036	0x02111a2c	func_ov036_02111a2c	_ZN10DonutBlock16OnPendingDestroyEv	vtable slot 12 (was _ZN14daObjRc_Hane_c16OnPendingDestroyEv)
ov036	0x02111a30	func_ov036_02111a30	_ZN10DonutBlock6RenderEv	vtable slot 9 (was _ZN14daObjRc_Hane_c6RenderEv)
ov036	0x02111a64	func_ov036_02111a64	_ZN10DonutBlock8BehaviorEv	vtable slot 6 (was _ZN14daObjRc_Hane_c8BehaviorEv)
ov036	0x02111bb8	func_ov036_02111bb8	_ZN10DonutBlock13InitResourcesEv	vtable slot 0 (was _ZN14daObjRc_Hane_c13InitResourcesEv)
ov036	0x02111cd8	func_ov036_02111cd8	DonutBlock_Spawn	spawnfunc
ov036	0x02111cd8	DonutBlock_Spawn	daObjRc_Tikuwa_c_classInit	reconstructed classInit; ROM RTTI+factory shape+unique class factory+later EAD lineage; exact SM64DS spelling not preserved
ov036	0x02111d14	func_ov036_02111d14	_ZN18daObjRc_Guruguru_cD1Ev	vtable slot 16 (was _ZN10DonutBlockD1Ev)
ov036	0x02111d58	func_ov036_02111d58	_ZN18daObjRc_Guruguru_cD0Ev	vtable slot 17 (was _ZN10DonutBlockD0Ev)
ov036	0x02111db0	func_ov036_02111db0	_ZN18daObjRc_Guruguru_c16CleanupResourcesEv	vtable slot 3 (was _ZN10DonutBlock16CleanupResourcesEv)
ov036	0x02111df8	func_ov036_02111df8	_ZN18daObjRc_Guruguru_c6RenderEv	vtable slot 9 (was _ZN10DonutBlock6RenderEv)
ov036	0x02111e20	func_ov036_02111e20	_ZN18daObjRc_Guruguru_c8BehaviorEv	vtable slot 6 (was _ZN10DonutBlock8BehaviorEv)
ov036	0x02111eb0	func_ov036_02111eb0	_ZN18daObjRc_Guruguru_c13InitResourcesEv	vtable slot 0 (was _ZN10DonutBlock13InitResourcesEv)
ov036	0x02111f5c	func_ov036_02111f5c	ArmedRotatingPlatform_Spawn	spawnfunc
ov036	0x02111f5c	ArmedRotatingPlatform_Spawn	daObjRc_Guruguru_c_classInit	reconstructed classInit; ROM RTTI+factory shape+unique class factory+later EAD lineage; exact SM64DS spelling not preserved
ov036	0x02111f8c	func_ov036_02111f8c	_ZN16daObjRc_Dorifu_cD1Ev	vtable slot 16 (was _ZN18daObjRc_Guruguru_cD1Ev)
ov036	0x0211200c	func_ov036_0211200c	_ZN16daObjRc_Dorifu_cD0Ev	vtable slot 17 (was _ZN18daObjRc_Guruguru_cD0Ev)
ov036	0x021120a0	func_ov036_021120a0	_ZN16daObjRc_Dorifu_c16CleanupResourcesEv	vtable slot 3 (was _ZN18daObjRc_Guruguru_c16CleanupResourcesEv)
ov036	0x021120b4	func_ov036_021120b4	_ZN16daObjRc_Dorifu_c13InitResourcesEv	vtable slot 0 (was _ZN18daObjRc_Guruguru_c13InitResourcesEv)
ov036	0x021120c8	func_ov036_021120c8	TrickyTriangles_Spawn	spawnfunc
ov036	0x021120c8	TrickyTriangles_Spawn	daObjRc_Dorifu_c_classInit	reconstructed classInit; ROM RTTI+factory shape+unique class factory+later EAD lineage; exact SM64DS spelling not preserved
ov036	0x02112538	func_ov036_02112538	FlyingCarpet_Spawn	spawnfunc
ov036	0x02112538	FlyingCarpet_Spawn	daObjRcCarpet_c_classInit	reconstructed classInit; ROM RTTI+factory shape+unique class factory+later EAD lineage; exact SM64DS spelling not preserved
ov036	0x02113a74	data_ov036_02113a74	SwingingPlatform_SpawnInfo	spawninfo
ov036	0x02113a74	SwingingPlatform_SpawnInfo	g_profile_RC_BURANKO	reconstructed profile global; literal ROM ID RC_BURANKO+registry role+later EAD lineage; exact SM64DS spelling not preserved
ov036	0x02113b50	data_ov036_02113b50	RotatingPlatformRr_SpawnInfo	spawninfo
ov036	0x02113b50	RotatingPlatformRr_SpawnInfo	g_profile_RC_KAITEN	reconstructed profile global; literal ROM ID RC_KAITEN+registry role+later EAD lineage; exact SM64DS spelling not preserved
ov036	0x02113c14	data_ov036_02113c14	daObjRc_Hane_c_SpawnInfo	spawninfo
ov036	0x02113c14	daObjRc_Hane_c_SpawnInfo	g_profile_RC_HANE	reconstructed profile global; literal ROM ID RC_HANE+registry role+later EAD lineage; exact SM64DS spelling not preserved
ov036	0x02113c38	data_ov036_02113c38	_ZTV14daObjRc_Hane_c	vtable alloc=? (was _ZTV19daObjRc_Kaitendai_c)
ov036	0x02113cd4	data_ov036_02113cd4	DonutBlock_SpawnInfo	spawninfo
ov036	0x02113cd4	DonutBlock_SpawnInfo	g_profile_RC_TIKUWA	reconstructed profile global; literal ROM ID RC_TIKUWA+registry role+later EAD lineage; exact SM64DS spelling not preserved
ov036	0x02113cf8	data_ov036_02113cf8	_ZTV10DonutBlock	vtable alloc=? (was _ZTV14daObjRc_Hane_c)
ov036	0x02113da8	data_ov036_02113da8	ArmedRotatingPlatform_SpawnInfo	spawninfo
ov036	0x02113da8	ArmedRotatingPlatform_SpawnInfo	g_profile_RC_GURUGURU	reconstructed profile global; literal ROM ID RC_GURUGURU+registry role+later EAD lineage; exact SM64DS spelling not preserved
ov036	0x02113dcc	data_ov036_02113dcc	_ZTV18daObjRc_Guruguru_c	vtable alloc=? (was _ZTV10DonutBlock)
ov036	0x02113e6c	data_ov036_02113e6c	TrickyTriangles_SpawnInfo	spawninfo
ov036	0x02113e6c	TrickyTriangles_SpawnInfo	g_profile_RC_DORIFU	reconstructed profile global; literal ROM ID RC_DORIFU+registry role+later EAD lineage; exact SM64DS spelling not preserved
ov036	0x02113ecc	data_ov036_02113ecc	_ZTV16daObjRc_Dorifu_c	vtable alloc=? (was _ZTV18daObjRc_Guruguru_c)
ov036	0x02113f78	data_ov036_02113f78	FlyingCarpet_SpawnInfo	spawninfo
ov036	0x02113f78	FlyingCarpet_SpawnInfo	g_profile_RC_CARPET	reconstructed profile global; literal ROM ID RC_CARPET+registry role+later EAD lineage; exact SM64DS spelling not preserved
ov039	0x021111a0	func_ov039_021111a0	_ZN11daObjKumo_cD1Ev	vtable slot 16
ov039	0x021111d0	func_ov039_021111d0	_ZN11daObjKumo_cD0Ev	vtable slot 17
ov039	0x02111254	func_ov039_02111254	_ZN11daObjKumo_c16CleanupResourcesEv	vtable slot 3
ov039	0x02111278	func_ov039_02111278	_ZN11daObjKumo_c6RenderEv	vtable slot 9
ov039	0x021112a0	func_ov039_021112a0	_ZN11daObjKumo_c8BehaviorEv	vtable slot 6
ov039	0x0211132c	func_ov039_0211132c	_ZN11daObjKumo_c13InitResourcesEv	vtable slot 0
ov039	0x0211137c	func_ov039_0211137c	Cloud_Spawn	spawnfunc
ov039	0x0211137c	Cloud_Spawn	daObjKumo_c_classInit	reconstructed classInit; ROM RTTI class daObjKumo_c + OBJ_KUMO registry profile + later EAD lineage; exact SM64DS spelling not preserved
ov039	0x02111834	data_ov039_02111834	Cloud_SpawnInfo	spawninfo
ov039	0x02111834	Cloud_SpawnInfo	g_profile_OBJ_KUMO	reconstructed profile global; literal ROM ID OBJ_KUMO+registry role+later EAD lineage; exact SM64DS spelling not preserved
ov039	0x02111858	data_ov039_02111858	_ZTV11daObjKumo_c	vtable alloc=0x124
ov043	0x021113cc	func_ov043_021113cc	DiamondLift_Spawn	spawnfunc
ov043	0x021113cc	DiamondLift_Spawn	daObjKm1_Ukishima_c_classInit	reconstructed classInit; ROM RTTI+factory shape+unique class factory+later EAD lineage; exact SM64DS spelling not preserved
ov043	0x021114dc	func_ov043_021114dc	RickshawBdw_Spawn	spawnfunc
ov043	0x021114dc	RickshawBdw_Spawn	daObjKm1_Kurumajiku_c_classInit	reconstructed classInit; ROM RTTI+factory shape+unique class factory+later EAD lineage; exact SM64DS spelling not preserved
ov043	0x02111518	func_ov043_02111518	_ZN17daObjKm1_Kuruma_cD1Ev	vtable slot 16 (was _ZN11RickshawBdwD1Ev)
ov043	0x02111568	func_ov043_02111568	_ZN17daObjKm1_Kuruma_cD0Ev	vtable slot 17 (was _ZN11RickshawBdwD0Ev)
ov043	0x021115cc	func_ov043_021115cc	_ZN17daObjKm1_Kuruma_c16CleanupResourcesEv	vtable slot 3 (was _ZN11RickshawBdw16CleanupResourcesEv)
ov043	0x021115e0	func_ov043_021115e0	_ZN17daObjKm1_Kuruma_c13InitResourcesEv	vtable slot 0 (was _ZN11RickshawBdw13InitResourcesEv)
ov043	0x021115f4	func_ov043_021115f4	daObjKm1_Kuruma_c_Spawn	spawnfunc
ov043	0x021115f4	daObjKm1_Kuruma_c_Spawn	daObjKm1_Kuruma_c_classInit	reconstructed classInit; ROM RTTI+factory shape+unique class factory+later EAD lineage; exact SM64DS spelling not preserved
ov043	0x02111630	func_ov043_02111630	_ZN17daObjKm1_Dorifu_cD1Ev	vtable slot 16 (was _ZN17daObjKm1_Kuruma_cD1Ev)
ov043	0x021116b0	func_ov043_021116b0	_ZN17daObjKm1_Dorifu_cD0Ev	vtable slot 17 (was _ZN17daObjKm1_Kuruma_cD0Ev)
ov043	0x02111744	func_ov043_02111744	_ZN17daObjKm1_Dorifu_c16CleanupResourcesEv	vtable slot 3 (was _ZN17daObjKm1_Kuruma_c16CleanupResourcesEv)
ov043	0x02111758	func_ov043_02111758	_ZN17daObjKm1_Dorifu_c13InitResourcesEv	vtable slot 0 (was _ZN17daObjKm1_Kuruma_c13InitResourcesEv)
ov043	0x0211176c	func_ov043_0211176c	StairsBdw_Spawn	spawnfunc
ov043	0x0211176c	StairsBdw_Spawn	daObjKm1_Dorifu_c_classInit	reconstructed classInit; ROM RTTI+factory shape+unique class factory+later EAD lineage; exact SM64DS spelling not preserved
ov043	0x02112294	data_ov043_02112294	DiamondLift_SpawnInfo	spawninfo
ov043	0x02112294	DiamondLift_SpawnInfo	g_profile_KM1_UKISHIMA	reconstructed profile global; literal ROM ID KM1_UKISHIMA+registry role+later EAD lineage; exact SM64DS spelling not preserved
ov043	0x02112368	data_ov043_02112368	RickshawBdw_SpawnInfo	spawninfo
ov043	0x02112368	RickshawBdw_SpawnInfo	g_profile_KM1_KURUMAJIKU	reconstructed profile global; literal ROM ID KM1_KURUMAJIKU+registry role+later EAD lineage; exact SM64DS spelling not preserved
ov043	0x02112438	data_ov043_02112438	daObjKm1_Kuruma_c_SpawnInfo	spawninfo
ov043	0x02112438	daObjKm1_Kuruma_c_SpawnInfo	g_profile_KM1_KURUMA	reconstructed profile global; literal ROM ID KM1_KURUMA+registry role+later EAD lineage; exact SM64DS spelling not preserved
ov043	0x0211245c	data_ov043_0211245c	_ZTV17daObjKm1_Kuruma_c	vtable alloc=? (was _ZTV11RickshawBdw)
ov043	0x021124fc	data_ov043_021124fc	StairsBdw_SpawnInfo	spawninfo
ov043	0x021124fc	StairsBdw_SpawnInfo	g_profile_KM1_DORIFU	reconstructed profile global; literal ROM ID KM1_DORIFU+registry role+later EAD lineage; exact SM64DS spelling not preserved
ov043	0x0211255c	data_ov043_0211255c	_ZTV17daObjKm1_Dorifu_c	vtable alloc=? (was _ZTV17daObjKm1_Kuruma_c)
ov044	0x021111a0	func_ov044_021111a0	_ZN19daObjKb1Billboard_cD1Ev	vtable slot 16 (was _ZN19OrangeBallBillboardD1Ev)
ov044	0x021111d0	func_ov044_021111d0	_ZN19daObjKb1Billboard_cD0Ev	vtable slot 17 (was _ZN19OrangeBallBillboardD0Ev)
ov044	0x02111254	func_ov044_02111254	_ZN19daObjKb1Billboard_c16CleanupResourcesEv	vtable slot 3 (was _ZN19OrangeBallBillboard16CleanupResourcesEv)
ov044	0x02111278	func_ov044_02111278	_ZN19daObjKb1Billboard_c6RenderEv	vtable slot 9 (was _ZN19OrangeBallBillboard6RenderEv)
ov044	0x021112a0	func_ov044_021112a0	_ZN19daObjKb1Billboard_c13InitResourcesEv	vtable slot 0 (was _ZN19OrangeBallBillboard13InitResourcesEv)
ov044	0x021112dc	func_ov044_021112dc	OrangeBallBillboard_Spawn	spawnfunc
ov044	0x021115e0	data_ov044_021115e0	OrangeBallBillboard_SpawnInfo	spawninfo
ov044	0x02111604	data_ov044_02111604	_ZTV19daObjKb1Billboard_c	vtable alloc=? (was _ZTV19OrangeBallBillboard)
ov044	0x021111a0	_ZN19OrangeBallBillboardD1Ev	_ZN19daObjKb1Billboard_cD1Ev	vtable slot 16; class identity proven by ov044 RTTI/ZTS
ov044	0x021111d0	_ZN19OrangeBallBillboardD0Ev	_ZN19daObjKb1Billboard_cD0Ev	vtable slot 17; class identity proven by ov044 RTTI/ZTS
ov044	0x02111214	func_ov044_02111214	_ZN19daObjKb1Billboard_c20UpdateModelTransformEv	inferred private spelling; class ownership/call/body/codegen proven
ov044	0x02111254	_ZN19OrangeBallBillboard16CleanupResourcesEv	_ZN19daObjKb1Billboard_c16CleanupResourcesEv	vtable slot 3; class identity proven by ov044 RTTI/ZTS
ov044	0x02111278	_ZN19OrangeBallBillboard6RenderEv	_ZN19daObjKb1Billboard_c6RenderEv	vtable slot 9; class identity proven by ov044 RTTI/ZTS
ov044	0x021112a0	_ZN19OrangeBallBillboard13InitResourcesEv	_ZN19daObjKb1Billboard_c13InitResourcesEv	vtable slot 0; class identity proven by ov044 RTTI/ZTS
ov044	0x021112dc	OrangeBallBillboard_Spawn	daObjKb1Billboard_c_classInit	reconstructed classInit; ROM RTTI+factory shape+unique class factory+later EAD lineage; exact SM64DS spelling not preserved
ov044	0x021115e0	OrangeBallBillboard_SpawnInfo	g_profile_KB1_BILLBOARD	reconstructed profile global; literal ROM ID KB1_BILLBOARD+registry role+later EAD lineage; exact SM64DS spelling not preserved
ov044	0x02111604	_ZTV19OrangeBallBillboard	_ZTV19daObjKb1Billboard_c	vtable alloc=0x124; class identity proven by ov044 RTTI/ZTS
ov045	0x021114dc	func_ov045_021114dc	FireSeaElevator_Spawn	spawnfunc
ov045	0x021114dc	FireSeaElevator_Spawn	daObjKm2_Agaru_c_classInit	reconstructed classInit; ROM RTTI+factory shape+unique class factory+later EAD lineage; exact SM64DS spelling not preserved
ov045	0x0211150c	func_ov045_0211150c	_ZN8PoleLiftD1Ev	vtable slot 16 (was _ZN15FireSeaElevatorD1Ev)
ov045	0x02111558	func_ov045_02111558	_ZN8PoleLiftD0Ev	vtable slot 17 (was _ZN15FireSeaElevatorD0Ev)
ov045	0x021115b8	func_ov045_021115b8	_ZN8PoleLift16CleanupResourcesEv	vtable slot 3 (was _ZN15FireSeaElevator16CleanupResourcesEv)
ov045	0x021115f0	func_ov045_021115f0	_ZN8PoleLift6RenderEv	vtable slot 9 (was _ZN15FireSeaElevator6RenderEv)
ov045	0x02111618	func_ov045_02111618	_ZN8PoleLift8BehaviorEv	vtable slot 6 (was _ZN15FireSeaElevator8BehaviorEv)
ov045	0x02111738	func_ov045_02111738	_ZN8PoleLift13InitResourcesEv	vtable slot 0 (was _ZN15FireSeaElevator13InitResourcesEv)
ov045	0x02111808	func_ov045_02111808	PoleLift_Spawn	spawnfunc
ov045	0x02111808	PoleLift_Spawn	daObjKm2_Ami_Bou_c_classInit	reconstructed classInit; ROM RTTI+factory shape+unique class factory+later EAD lineage; exact SM64DS spelling not preserved
ov045	0x02111840	func_ov045_02111840	_ZN17ExtendingPlatformD1Ev	vtable slot 16
ov045	0x02111878	func_ov045_02111878	_ZN17ExtendingPlatformD0Ev	vtable slot 17
ov045	0x021118c4	func_ov045_021118c4	_ZN17ExtendingPlatform23UpdateColliderTransformEv	InitResources-only helper; writes owned collider transform
ov045	0x021118f8	func_ov045_021118f8	_ZN17ExtendingPlatform20UpdateModelTransformEv	InitResources-only helper; writes owned Model transform
ov045	0x02111938	func_ov045_02111938	_ZN17ExtendingPlatform16CleanupResourcesEv	vtable slot 3
ov045	0x02111970	func_ov045_02111970	_ZN17ExtendingPlatform16OnPendingDestroyEv	vtable slot 12
ov045	0x02111974	func_ov045_02111974	_ZN17ExtendingPlatform6RenderEv	vtable slot 9
ov045	0x021119c0	func_ov045_021119c0	_ZN17ExtendingPlatform8BehaviorEv	vtable slot 6
ov045	0x02111a30	func_ov045_02111a30	_ZN17ExtendingPlatform13InitResourcesEv	vtable slot 0
ov045	0x02111ad4	func_ov045_02111ad4	ExtendingPlatform_Spawn	spawnfunc
ov045	0x02111ad4	ExtendingPlatform_Spawn	daObjKm2_Nobiru_c_classInit	reconstructed classInit; ROM RTTI+factory shape+unique class factory+later EAD lineage; exact SM64DS spelling not preserved
ov045	0x02111bf4	func_ov045_02111bf4	FloatingFloorBfs_Spawn	spawnfunc
ov045	0x02111bf4	FloatingFloorBfs_Spawn	daObjKm2_Ukishima_c_classInit	reconstructed classInit; ROM RTTI+factory shape+unique class factory+later EAD lineage; exact SM64DS spelling not preserved
ov045	0x02111c30	func_ov045_02111c30	_ZN15daObjKm2_Gura_cD1Ev	vtable slot 16 (was _ZN18TiltingPlatformBfsD1Ev)
ov045	0x02111c30	_ZN18TiltingPlatformBfsD1Ev	_ZN15daObjKm2_Gura_cD1Ev	ROM RTTI class identity; historical community class alias
ov045	0x02111c80	func_ov045_02111c80	_ZN15daObjKm2_Gura_cD0Ev	vtable slot 17 (was _ZN18TiltingPlatformBfsD0Ev)
ov045	0x02111c80	_ZN18TiltingPlatformBfsD0Ev	_ZN15daObjKm2_Gura_cD0Ev	ROM RTTI class identity; historical community class alias
ov045	0x02111ce4	func_ov045_02111ce4	_ZN15daObjKm2_Gura_c16CleanupResourcesEv	vtable slot 3 (was _ZN18TiltingPlatformBfs16CleanupResourcesEv)
ov045	0x02111ce4	_ZN18TiltingPlatformBfs16CleanupResourcesEv	_ZN15daObjKm2_Gura_c16CleanupResourcesEv	ROM RTTI class identity and vtable ownership
ov045	0x02111cf8	func_ov045_02111cf8	_ZN15daObjKm2_Gura_c13InitResourcesEv	vtable slot 0 (was _ZN18TiltingPlatformBfs13InitResourcesEv)
ov045	0x02111cf8	_ZN18TiltingPlatformBfs13InitResourcesEv	_ZN15daObjKm2_Gura_c13InitResourcesEv	ROM RTTI class identity and vtable ownership
ov045	0x02111d0c	func_ov045_02111d0c	TiltingPlatformBfs_Spawn	spawnfunc
ov045	0x02111d0c	TiltingPlatformBfs_Spawn	daObjKm2_Gura_c_classInit	reconstructed classInit; ROM RTTI+factory shape+unique class factory+later EAD lineage; exact SM64DS spelling not preserved
ov045	0x02111d48	func_ov045_02111d48	_ZN21daObjKm2_Fall_Block_cD1Ev	vtable slot 16
ov045	0x02111d98	func_ov045_02111d98	_ZN21daObjKm2_Fall_Block_cD0Ev	vtable slot 17
ov045	0x02111dfc	func_ov045_02111dfc	_ZN21daObjKm2_Fall_Block_c16CleanupResourcesEv	vtable slot 3
ov045	0x02111e10	func_ov045_02111e10	_ZN21daObjKm2_Fall_Block_c13InitResourcesEv	vtable slot 0
ov045	0x02111e24	func_ov045_02111e24	daObjKm2_Fall_Block_c_Spawn	spawnfunc
ov045	0x02111e24	daObjKm2_Fall_Block_c_Spawn	daObjKm2_Fall_Block_c_classInit	reconstructed classInit; ROM RTTI+factory shape+unique class factory+later EAD lineage; exact SM64DS spelling not preserved
ov045	0x02112cd0	data_ov045_02112cd0	FireSeaElevator_SpawnInfo	spawninfo
ov045	0x02112cd0	FireSeaElevator_SpawnInfo	g_profile_KM2_AGARU	reconstructed profile global; literal ROM ID KM2_AGARU+registry role+later EAD lineage; exact SM64DS spelling not preserved
ov045	0x02112d98	data_ov045_02112d98	PoleLift_SpawnInfo	spawninfo
ov045	0x02112d98	PoleLift_SpawnInfo	g_profile_KM2_AMI_BOU	reconstructed profile global; literal ROM ID KM2_AMI_BOU+registry role+later EAD lineage; exact SM64DS spelling not preserved
ov045	0x02112dbc	data_ov045_02112dbc	_ZTV8PoleLift	vtable alloc=? (was _ZTV15FireSeaElevator)
ov045	0x02112e5c	data_ov045_02112e5c	ExtendingPlatform_SpawnInfo	spawninfo
ov045	0x02112e5c	ExtendingPlatform_SpawnInfo	g_profile_KM2_NOBIRU	reconstructed profile global; literal ROM ID KM2_NOBIRU+registry role+later EAD lineage; exact SM64DS spelling not preserved
ov045	0x02112e80	data_ov045_02112e80	_ZTV17ExtendingPlatform	vtable alloc=0x328
ov045	0x02112f2c	data_ov045_02112f2c	FloatingFloorBfs_SpawnInfo	spawninfo
ov045	0x02112f2c	FloatingFloorBfs_SpawnInfo	g_profile_KM2_UKISHIMA	reconstructed profile global; literal ROM ID KM2_UKISHIMA+registry role+later EAD lineage; exact SM64DS spelling not preserved
ov045	0x02112ffc	data_ov045_02112ffc	TiltingPlatformBfs_SpawnInfo	spawninfo
ov045	0x02112ffc	TiltingPlatformBfs_SpawnInfo	g_profile_KM2_GURA	reconstructed profile global; literal ROM ID KM2_GURA+registry role+later EAD lineage; exact SM64DS spelling not preserved
ov045	0x02113020	data_ov045_02113020	_ZTV15daObjKm2_Gura_c	vtable alloc=? (was _ZTV18TiltingPlatformBfs)
ov045	0x02113020	_ZTV18TiltingPlatformBfs	_ZTV15daObjKm2_Gura_c	ROM RTTI class identity; compiler-emitted vtable matches retail
ov045	0x021130d0	data_ov045_021130d0	daObjKm2_Fall_Block_c_SpawnInfo	spawninfo
ov045	0x021130d0	daObjKm2_Fall_Block_c_SpawnInfo	g_profile_KM2_KUZURE	reconstructed profile global; literal ROM ID KM2_KUZURE+registry role+later EAD lineage; exact SM64DS spelling not preserved
ov045	0x021130f4	data_ov045_021130f4	_ZTV21daObjKm2_Fall_Block_c	vtable alloc=0x34c
ov047	0x02111280	func_ov047_02111280	RickshawBs_Spawn	spawnfunc
ov047	0x02111280	RickshawBs_Spawn	daObjKm3_Kurumajiku_c_classInit	reconstructed classInit; ROM RTTI+factory shape+unique class factory+later EAD lineage; exact SM64DS spelling not preserved
ov047	0x021112bc	func_ov047_021112bc	_ZN20daObjKm3_Kaitendai_cD1Ev	vtable slot 16 (was _ZN10RickshawBsD1Ev)
ov047	0x0211130c	func_ov047_0211130c	_ZN20daObjKm3_Kaitendai_cD0Ev	vtable slot 17 (was _ZN10RickshawBsD0Ev)
ov047	0x02111370	func_ov047_02111370	_ZN20daObjKm3_Kaitendai_c16CleanupResourcesEv	vtable slot 3 (was _ZN10RickshawBs16CleanupResourcesEv)
ov047	0x02111384	func_ov047_02111384	_ZN20daObjKm3_Kaitendai_c13InitResourcesEv	vtable slot 0 (was _ZN10RickshawBs13InitResourcesEv)
ov047	0x021113bc	func_ov047_021113bc	daObjKm3_Kaitendai_c_classInit	reconstructed classInit; ROM RTTI+factory shape+unique class factory+later EAD lineage; exact SM64DS spelling not preserved
ov047	0x021114d4	func_ov047_021114d4	daObjKm3_Dorifu_c_Spawn	spawnfunc
ov047	0x021114d4	daObjKm3_Dorifu_c_Spawn	daObjKm3_Kuruma_c_classInit	reconstructed classInit; ROM RTTI+factory shape+unique class factory+later EAD lineage; exact SM64DS spelling not preserved
ov047	0x02111510	func_ov047_02111510	_ZN17daObjKm3_Dorifu_cD1Ev	vtable slot 16
ov047	0x02111590	func_ov047_02111590	_ZN17daObjKm3_Dorifu_cD0Ev	vtable slot 17
ov047	0x02111624	func_ov047_02111624	_ZN17daObjKm3_Dorifu_c16CleanupResourcesEv	vtable slot 3
ov047	0x02111638	func_ov047_02111638	_ZN17daObjKm3_Dorifu_c13InitResourcesEv	vtable slot 0
ov047	0x0211164c	func_ov047_0211164c	StairsBs_Spawn	spawnfunc
ov047	0x0211164c	StairsBs_Spawn	daObjKm3_Dorifu_c_classInit	reconstructed classInit; ROM RTTI+factory shape+unique class factory+later EAD lineage; exact SM64DS spelling not preserved
ov047	0x0211227c	data_ov047_0211227c	RickshawBs_SpawnInfo	spawninfo
ov047	0x0211227c	RickshawBs_SpawnInfo	g_profile_KM3_KURUMAJIKU	reconstructed profile global; literal ROM ID KM3_KURUMAJIKU+registry role+later EAD lineage; exact SM64DS spelling not preserved
ov047	0x02112358	data_ov047_02112358	g_profile_KM3_KAITENDAI	reconstructed profile global; literal ROM ID KM3_KAITENDAI+registry role+later EAD lineage; exact SM64DS spelling not preserved
ov047	0x0211237c	data_ov047_0211237c	_ZTV20daObjKm3_Kaitendai_c	vtable alloc=? (was _ZTV10RickshawBs)
ov047	0x02112428	data_ov047_02112428	daObjKm3_Dorifu_c_SpawnInfo	spawninfo
ov047	0x02112428	daObjKm3_Dorifu_c_SpawnInfo	g_profile_KM3_KURUMA	reconstructed profile global; literal ROM ID KM3_KURUMA+registry role+later EAD lineage; exact SM64DS spelling not preserved; restores the campaign rename that PR #2162 reverted to a different class name (ROM RTTI adjacency puts this descriptor inside the daObjKm3_Kuruma_c block)
ov047	0x021124ec	data_ov047_021124ec	StairsBs_SpawnInfo	spawninfo
ov047	0x021124ec	StairsBs_SpawnInfo	g_profile_KM3_DORIFU	reconstructed profile global; literal ROM ID KM3_DORIFU+registry role+later EAD lineage; exact SM64DS spelling not preserved
ov047	0x0211254c	data_ov047_0211254c	_ZTV17daObjKm3_Dorifu_c	vtable alloc=0x320
ov052	0x02111410	daObjEmmLog_c_Spawn	daObjEmmLog_c_classInit	reconstructed classInit; ROM RTTI+factory shape+unique class factory+later EAD lineage; exact SM64DS spelling not preserved
ov052	0x02111440	func_ov052_02111440	_ZN14SquarePathLiftD1Ev	vtable slot 16
ov052	0x02111484	func_ov052_02111484	_ZN14SquarePathLiftD0Ev	vtable slot 17
ov052	0x021114dc	func_ov052_021114dc	_ZN14SquarePathLift16CleanupResourcesEv	vtable slot 3
ov052	0x02111524	func_ov052_02111524	_ZN14SquarePathLift6RenderEv	vtable slot 9
ov052	0x0211154c	func_ov052_0211154c	_ZN14SquarePathLift8BehaviorEv	vtable slot 6
ov052	0x0211177c	func_ov052_0211177c	_ZN14SquarePathLift13InitResourcesEv	vtable slot 0
ov052	0x02111830	func_ov052_02111830	SquarePathLift_Spawn	spawnfunc
ov052	0x02111830	SquarePathLift_Spawn	daObjEmmYuka_c_classInit	reconstructed classInit; ROM RTTI+factory shape+unique class factory+later EAD lineage; exact SM64DS spelling not preserved
ov052	0x021124fc	data_ov052_021124fc	g_profile_EMM_LOG	reconstructed profile global; literal ROM ID EMM_LOG+registry role+later EAD lineage; exact SM64DS spelling not preserved
ov052	0x021125cc	data_ov052_021125cc	SquarePathLift_SpawnInfo	spawninfo
ov052	0x021125cc	SquarePathLift_SpawnInfo	g_profile_EMM_YUKA	reconstructed profile global; literal ROM ID EMM_YUKA+registry role+later EAD lineage; exact SM64DS spelling not preserved
ov052	0x021125f0	data_ov052_021125f0	_ZTV14SquarePathLift	vtable alloc=0x330
ov055	0x021111a0	func_ov055_021111a0	_ZN11MirrorLuigiD1Ev	vtable slot 16
ov055	0x021111f8	func_ov055_021111f8	_ZN11MirrorLuigiD0Ev	vtable slot 17
ov055	0x02111318	func_ov055_02111318	_ZN11MirrorLuigi16CleanupResourcesEv	vtable slot 3
ov055	0x02111354	func_ov055_02111354	_ZN11MirrorLuigi16OnPendingDestroyEv	vtable slot 12
ov055	0x02111358	func_ov055_02111358	_ZN11MirrorLuigi6RenderEv	vtable slot 9
ov055	0x02111508	func_ov055_02111508	_ZN11MirrorLuigi8BehaviorEv	vtable slot 6
ov055	0x02111674	func_ov055_02111674	_ZN11MirrorLuigi13InitResourcesEv	vtable slot 0
ov055	0x02111860	func_ov055_02111860	MirrorLuigi_Spawn	spawnfunc
ov055	0x02111860	MirrorLuigi_Spawn	daLuigi_c_classInit	reconstructed classInit; ROM RTTI+factory shape+unique class factory+later EAD lineage; exact SM64DS spelling not preserved
ov055	0x02111abc	data_ov055_02111abc	MirrorLuigi_SpawnInfo	spawninfo
ov055	0x02111abc	MirrorLuigi_SpawnInfo	g_profile_LUIGI	reconstructed profile global; literal ROM ID LUIGI+registry role+later EAD lineage; exact SM64DS spelling not preserved
ov055	0x02111ae0	data_ov055_02111ae0	_ZTV11MirrorLuigi	vtable alloc=0x20c
ov056	0x021111a0	func_ov056_021111a0	_ZN17BigMovingIceBlockD1Ev	vtable slot 16
ov056	0x021111e4	func_ov056_021111e4	_ZN17BigMovingIceBlockD0Ev	vtable slot 17
ov056	0x0211123c	func_ov056_0211123c	_ZN17BigMovingIceBlock16CleanupResourcesEv	vtable slot 3
ov056	0x02111284	func_ov056_02111284	_ZN17BigMovingIceBlock6RenderEv	vtable slot 9
ov056	0x021112ac	func_ov056_021112ac	_ZN17BigMovingIceBlock8BehaviorEv	vtable slot 6
ov056	0x021114e0	func_ov056_021114e0	_ZN17BigMovingIceBlock13InitResourcesEv	vtable slot 0
ov056	0x02111594	func_ov056_02111594	BigMovingIceBlock_Spawn	spawnfunc
ov056	0x02111594	BigMovingIceBlock_Spawn	daObjEwmIceBlock_c_classInit	reconstructed classInit; ROM RTTI+factory shape+unique class factory+later EAD lineage; exact SM64DS spelling not preserved
ov056	0x02113344	data_ov056_02113344	BigMovingIceBlock_SpawnInfo	spawninfo
ov056	0x02113344	BigMovingIceBlock_SpawnInfo	g_profile_EWM_ICE_BLOCK	reconstructed profile global; literal ROM ID EWM_ICE_BLOCK+registry role+later EAD lineage; exact SM64DS spelling not preserved
ov056	0x02113368	data_ov056_02113368	_ZTV17BigMovingIceBlock	vtable alloc=0x330
ov058	0x021111a0	func_ov058_021111a0	_ZN15RecRoomCupboardD1Ev	vtable slot 16
ov058	0x021111e0	func_ov058_021111e0	_ZN15RecRoomCupboardD0Ev	vtable slot 17
ov058	0x02111234	func_ov058_02111234	_ZN15RecRoomCupboard16CleanupResourcesEv	vtable slot 3
ov058	0x0211123c	func_ov058_0211123c	_ZN15RecRoomCupboard8BehaviorEv	vtable slot 6
ov058	0x0211161c	func_ov058_0211161c	_ZN15RecRoomCupboard13InitResourcesEv	vtable slot 0
ov058	0x02111688	func_ov058_02111688	RecRoomCupboard_Spawn	spawnfunc
ov058	0x02111688	RecRoomCupboard_Spawn	daObjCloset_c_classInit	reconstructed classInit; ROM RTTI+factory shape+unique class factory+later EAD lineage; exact SM64DS spelling not preserved
ov058	0x02111a4c	data_ov058_02111a4c	RecRoomCupboard_SpawnInfo	spawninfo
ov058	0x02111a4c	RecRoomCupboard_SpawnInfo	g_profile_PL_CLOSET	reconstructed profile global; literal ROM ID PL_CLOSET+registry role+later EAD lineage; exact SM64DS spelling not preserved
ov058	0x02111a70	data_ov058_02111a70	_ZTV15RecRoomCupboard	vtable alloc=0x21c
ov060	0x02111900	func_ov060_02111900	_ZN6BowserD1Ev	vtable slot 16
ov060	0x02111950	func_ov060_02111950	_ZN6BowserD0Ev	vtable slot 17
ov060	0x021119b4	func_ov060_021119b4	_ZN10BowserTailD1Ev	vtable slot 16
ov060	0x021119e4	func_ov060_021119e4	_ZN10BowserTailD0Ev	vtable slot 17
ov060	0x02115e80	func_ov060_02115e80	_ZN6Bowser16CleanupResourcesEv	vtable slot 3
ov060	0x02115f00	func_ov060_02115f00	_ZN10BowserTail16CleanupResourcesEv	vtable slot 3
ov060	0x02115f08	func_ov060_02115f08	_ZN6Bowser16OnPendingDestroyEv	vtable slot 12
ov060	0x02115f0c	func_ov060_02115f0c	_ZN6Bowser6RenderEv	vtable slot 9
ov060	0x02115f5c	func_ov060_02115f5c	_ZN10BowserTail6RenderEv	vtable slot 9
ov060	0x02115f64	func_ov060_02115f64	_ZN6Bowser8BehaviorEv	vtable slot 6
ov060	0x02116078	func_ov060_02116078	_ZN10BowserTail8BehaviorEv	vtable slot 6
ov060	0x02116130	func_ov060_02116130	_ZN6Bowser13InitResourcesEv	vtable slot 0
ov060	0x021163b4	func_ov060_021163b4	_ZN10BowserTail13InitResourcesEv	vtable slot 0
ov060	0x021163f0	func_ov060_021163f0	BowserTail_Spawn	spawnfunc
ov060	0x021163f0	BowserTail_Spawn	daKpaTail_c_classInit	reconstructed classInit; ROM RTTI+factory shape+unique class factory+later EAD lineage; exact SM64DS spelling not preserved
ov060	0x02116428	func_ov060_02116428	Bowser_Spawn	spawnfunc
ov060	0x02116428	Bowser_Spawn	daKpa_c_classInit	reconstructed classInit; ROM RTTI+factory shape+unique class factory+later EAD lineage; exact SM64DS spelling not preserved
ov060	0x02116484	func_ov060_02116484	_ZN10BowserFireD1Ev	vtable slot 16
ov060	0x021164c4	func_ov060_021164c4	_ZN10BowserFireD0Ev	vtable slot 17
ov060	0x021176c4	func_ov060_021176c4	_ZN10BowserFire16CleanupResourcesEv	vtable slot 3
ov060	0x021176cc	func_ov060_021176cc	_ZN10BowserFire6RenderEv	vtable slot 9
ov060	0x021176d4	func_ov060_021176d4	_ZN10BowserFire8BehaviorEv	vtable slot 6
ov060	0x02117790	func_ov060_02117790	_ZN10BowserFire13InitResourcesEv	vtable slot 0
ov060	0x02117938	func_ov060_02117938	BowserFire_Spawn	spawnfunc
ov060	0x02117938	BowserFire_Spawn	daKpaFire_c_classInit	reconstructed classInit; ROM RTTI+factory shape+unique class factory+later EAD lineage; exact SM64DS spelling not preserved
ov060	0x02117980	func_ov060_02117980	_ZN10daKpa2Bg_cD1Ev	vtable slot 16
ov060	0x021179d4	func_ov060_021179d4	_ZN10daKpa2Bg_cD0Ev	vtable slot 17
ov060	0x02117b58	func_ov060_02117b58	_ZN10daKpa2Bg_c16CleanupResourcesEv	vtable slot 3
ov060	0x02117b9c	func_ov060_02117b9c	_ZN10daKpa2Bg_c6RenderEv	vtable slot 9
ov060	0x02117bc8	func_ov060_02117bc8	_ZN10daKpa2Bg_c8BehaviorEv	vtable slot 6
ov060	0x02117c30	func_ov060_02117c30	_ZN10daKpa2Bg_c13InitResourcesEv	vtable slot 0
ov060	0x02117cdc	func_ov060_02117cdc	daKpa2Bg_c_classInit	spawnfunc
ov060	0x02118408	func_ov060_02118408	BowserSkyPlatform_Spawn	spawnfunc
ov060	0x02118408	BowserSkyPlatform_Spawn	daKpa3Bg_c_classInit	reconstructed classInit; ROM RTTI+factory shape+unique class factory+later EAD lineage; exact SM64DS spelling not preserved
ov060	0x02118438	func_ov060_02118438	_ZN9SpikeBombD1Ev	vtable slot 16 (was _ZN17BowserSkyPlatformD1Ev)
ov060	0x02118470	func_ov060_02118470	_ZN9SpikeBombD0Ev	vtable slot 17 (was _ZN17BowserSkyPlatformD0Ev)
ov060	0x02118ab0	func_ov060_02118ab0	_ZN9SpikeBomb16CleanupResourcesEv	vtable slot 3 (was _ZN17BowserSkyPlatform16CleanupResourcesEv)
ov060	0x02118ad4	func_ov060_02118ad4	_ZN9SpikeBomb6RenderEv	vtable slot 9 (was _ZN17BowserSkyPlatform6RenderEv)
ov060	0x02118b2c	func_ov060_02118b2c	_ZN9SpikeBomb8BehaviorEv	vtable slot 6 (was _ZN17BowserSkyPlatform8BehaviorEv)
ov060	0x02118bb4	func_ov060_02118bb4	_ZN9SpikeBomb13InitResourcesEv	vtable slot 0 (was _ZN17BowserSkyPlatform13InitResourcesEv)
ov060	0x02118cbc	func_ov060_02118cbc	SpikeBomb_Spawn	spawnfunc
ov060	0x02118cbc	SpikeBomb_Spawn	daKirai_c_classInit	reconstructed classInit; ROM RTTI+factory shape+unique class factory+later EAD lineage; exact SM64DS spelling not preserved
ov060	0x02118cfc	func_ov060_02118cfc	_ZN16BowserShockwavesD1Ev	vtable slot 16
ov060	0x02118d64	func_ov060_02118d64	_ZN16BowserShockwavesD0Ev	vtable slot 17
ov060	0x02118de0	func_ov060_02118de0	_ZN16BowserShockwaves16CleanupResourcesEv	vtable slot 3
ov060	0x02118e1c	func_ov060_02118e1c	_ZN16BowserShockwaves6RenderEv	vtable slot 9
ov060	0x02118eb8	func_ov060_02118eb8	_ZN16BowserShockwaves8BehaviorEv	vtable slot 6
ov060	0x02119004	func_ov060_02119004	_ZN16BowserShockwaves13InitResourcesEv	vtable slot 0
ov060	0x021191f4	func_ov060_021191f4	BowserShockwaves_Spawn	spawnfunc
ov060	0x021191f4	BowserShockwaves_Spawn	daFRing_c_classInit	reconstructed classInit; ROM RTTI+factory shape+unique class factory+later EAD lineage; exact SM64DS spelling not preserved
ov060	0x0211a5f4	data_ov060_0211a5f4	Bowser_SpawnInfo	spawninfo
ov060	0x0211a5f4	Bowser_SpawnInfo	g_profile_KOOPA	reconstructed profile global; literal ROM ID KOOPA+registry role+later EAD lineage; exact SM64DS spelling not preserved
ov060	0x0211a610	data_ov060_0211a610	BowserTail_SpawnInfo	spawninfo
ov060	0x0211a610	BowserTail_SpawnInfo	g_profile_KOOPATAIL	reconstructed profile global; literal ROM ID KOOPATAIL+registry role+later EAD lineage; exact SM64DS spelling not preserved
ov060	0x0211a634	data_ov060_0211a634	_ZTV10BowserTail	vtable alloc=0x118
ov060	0x0211a6b8	data_ov060_0211a6b8	_ZTV6Bowser	vtable alloc=?
ov060	0x0211a7d0	data_ov060_0211a7d0	BowserFire_SpawnInfo	spawninfo
ov060	0x0211a7d0	BowserFire_SpawnInfo	g_profile_KOOPAFIRE	reconstructed profile global; literal ROM ID KOOPAFIRE+registry role+later EAD lineage; exact SM64DS spelling not preserved
ov060	0x0211a7f4	data_ov060_0211a7f4	_ZTV10BowserFire	vtable alloc=0x38c
ov060	0x0211a88c	data_ov060_0211a88c	daKpa2Bg_c_SpawnInfo	spawninfo
ov060	0x0211a88c	daKpa2Bg_c_SpawnInfo	g_profile_KOOPA2BG	reconstructed profile global; literal ROM ID KOOPA2BG+registry role+later EAD lineage; exact SM64DS spelling not preserved
ov060	0x0211a8b0	data_ov060_0211a8b0	_ZTV10daKpa2Bg_c	vtable alloc=0x570
ov060	0x0211a964	data_ov060_0211a964	BowserSkyPlatform_SpawnInfo	spawninfo
ov060	0x0211a964	BowserSkyPlatform_SpawnInfo	g_profile_KOOPA3BG	reconstructed profile global; literal ROM ID KOOPA3BG+registry role+later EAD lineage; exact SM64DS spelling not preserved
ov060	0x0211aa68	data_ov060_0211aa68	SpikeBomb_SpawnInfo	spawninfo
ov060	0x0211aa68	SpikeBomb_SpawnInfo	g_profile_KIRAI	reconstructed profile global; literal ROM ID KIRAI+registry role+later EAD lineage; exact SM64DS spelling not preserved
ov060	0x0211aa8c	data_ov060_0211aa8c	_ZTV9SpikeBomb	vtable alloc=? (was _ZTV17BowserSkyPlatform)
ov060	0x0211ab30	data_ov060_0211ab30	BowserShockwaves_SpawnInfo	spawninfo
ov060	0x0211ab30	BowserShockwaves_SpawnInfo	g_profile_FIRERING	reconstructed profile global; literal ROM ID FIRERING+registry role+later EAD lineage; exact SM64DS spelling not preserved
ov060	0x0211ab54	data_ov060_0211ab54	_ZTV16BowserShockwaves	vtable alloc=0x218
ov062	0x02115ee0	func_ov062_02115ee0	_ZN7ChuckyaD1Ev	vtable slot 16
ov062	0x02115f28	func_ov062_02115f28	_ZN7ChuckyaD0Ev	vtable slot 17
ov062	0x02116fc0	func_ov062_02116fc0	_ZN7Chuckya16CleanupResourcesEv	vtable slot 3
ov062	0x02117020	func_ov062_02117020	_ZN7Chuckya16OnPendingDestroyEv	vtable slot 12
ov062	0x02117024	func_ov062_02117024	_ZN7Chuckya6RenderEv	vtable slot 9
ov062	0x0211707c	func_ov062_0211707c	_ZN7Chuckya8BehaviorEv	vtable slot 6
ov062	0x02117334	func_ov062_02117334	_ZN7Chuckya13InitResourcesEv	vtable slot 0
ov062	0x02117478	func_ov062_02117478	Chuckya_Spawn	spawnfunc
ov062	0x02117478	Chuckya_Spawn	daHolhei_c_classInit	reconstructed classInit; ROM RTTI+factory shape+unique class factory+later EAD lineage; exact SM64DS spelling not preserved
ov062	0x021174cc	func_ov062_021174cc	_ZN5KoopaD1Ev	vtable slot 16
ov062	0x02117514	func_ov062_02117514	_ZN5KoopaD0Ev	vtable slot 17
ov062	0x02118f04	func_ov062_02118f04	_ZN5Koopa16CleanupResourcesEv	vtable slot 3
ov062	0x02118f80	func_ov062_02118f80	_ZN5Koopa16OnPendingDestroyEv	vtable slot 12
ov062	0x02118f84	func_ov062_02118f84	_ZN5Koopa6RenderEv	vtable slot 9
ov062	0x021190ec	func_ov062_021190ec	_ZN5Koopa8BehaviorEv	vtable slot 6
ov062	0x02119420	func_ov062_02119420	_ZN5Koopa13InitResourcesEv	vtable slot 0
ov062	0x021196bc	func_ov062_021196bc	KoopaSmall_Spawn	spawnfunc
ov062	0x021196bc	KoopaSmall_Spawn	daNknk_c_classInit_NOKONOKO_S	reconstructed classInit; ROM RTTI+factory shape+unique class factory+later EAD lineage; exact SM64DS spelling not preserved
ov062	0x0211970c	func_ov062_0211970c	Koopa_Spawn	spawnfunc
ov062	0x0211970c	Koopa_Spawn	daNknk_c_classInit_NOKONOKO	reconstructed classInit; ROM RTTI+factory shape+unique class factory+later EAD lineage; exact SM64DS spelling not preserved
ov062	0x0211975c	func_ov062_0211975c	_ZN13KoopaTheQuickD1Ev	vtable slot 16
ov062	0x021197a4	func_ov062_021197a4	_ZN13KoopaTheQuickD0Ev	vtable slot 17
ov062	0x0211ab50	func_ov062_0211ab50	_ZN13KoopaTheQuick6RenderEv	vtable slot 9
ov062	0x0211ab88	func_ov062_0211ab88	_ZN13KoopaTheQuick8BehaviorEv	vtable slot 6
ov062	0x0211ac10	func_ov062_0211ac10	_ZN13KoopaTheQuick16CleanupResourcesEv	vtable slot 3
ov062	0x0211ac94	func_ov062_0211ac94	_ZN13KoopaTheQuick13InitResourcesEv	vtable slot 0
ov062	0x0211aee0	func_ov062_0211aee0	KoopaTheQuick_Spawn	spawnfunc
ov062	0x0211aee0	KoopaTheQuick_Spawn	daRNk_c_classInit	reconstructed classInit; ROM RTTI+factory shape+unique class factory+later EAD lineage; exact SM64DS spelling not preserved
ov062	0x0211af38	func_ov062_0211af38	_ZN9KoopaFlagD1Ev	vtable slot 16
ov062	0x0211af70	func_ov062_0211af70	_ZN9KoopaFlagD0Ev	vtable slot 17
ov062	0x0211b000	func_ov062_0211b000	_ZN9KoopaFlag16CleanupResourcesEv	vtable slot 3
ov062	0x0211b030	func_ov062_0211b030	_ZN9KoopaFlag6RenderEv	vtable slot 9
ov062	0x0211b05c	func_ov062_0211b05c	_ZN9KoopaFlag8BehaviorEv	vtable slot 6
ov062	0x0211b168	func_ov062_0211b168	_ZN9KoopaFlag13InitResourcesEv	vtable slot 0
ov062	0x0211b208	func_ov062_0211b208	KoopaFlag_Spawn	spawnfunc
ov062	0x0211b208	KoopaFlag_Spawn	daRFlag_c_classInit	reconstructed classInit; ROM RTTI+factory shape+unique class factory+later EAD lineage; exact SM64DS spelling not preserved
ov062	0x0211b248	func_ov062_0211b248	_ZN6KleptoD1Ev	vtable slot 16
ov062	0x0211b298	func_ov062_0211b298	_ZN6KleptoD0Ev	vtable slot 17
ov062	0x0211c8b0	func_ov062_0211c8b0	_ZN6Klepto16CleanupResourcesEv	vtable slot 3
ov062	0x0211c91c	func_ov062_0211c91c	_ZN6Klepto16OnPendingDestroyEv	vtable slot 12
ov062	0x0211c920	func_ov062_0211c920	_ZN6Klepto6RenderEv	vtable slot 9
ov062	0x0211c94c	func_ov062_0211c94c	_ZN6Klepto8BehaviorEv	vtable slot 6
ov062	0x0211cb4c	func_ov062_0211cb4c	_ZN6Klepto13InitResourcesEv	vtable slot 0
ov062	0x0211ce80	func_ov062_0211ce80	Klepto_Spawn	spawnfunc
ov062	0x0211ce80	Klepto_Spawn	daJango_c_classInit	reconstructed classInit; ROM RTTI+factory shape+unique class factory+later EAD lineage; exact SM64DS spelling not preserved
ov062	0x0211d9bc	data_ov062_0211d9bc	Chuckya_SpawnInfo	spawninfo
ov062	0x0211d9bc	Chuckya_SpawnInfo	g_profile_HOLHEI	reconstructed profile global; literal ROM ID HOLHEI+registry role+later EAD lineage; exact SM64DS spelling not preserved
ov062	0x0211d9e0	data_ov062_0211d9e0	_ZTV7Chuckya	vtable alloc=?
ov062	0x0211da74	data_ov062_0211da74	Koopa_SpawnInfo	spawninfo
ov062	0x0211da74	Koopa_SpawnInfo	g_profile_NOKONOKO	reconstructed profile global; literal ROM ID NOKONOKO+registry role+later EAD lineage; exact SM64DS spelling not preserved
ov062	0x0211da90	data_ov062_0211da90	KoopaSmall_SpawnInfo	spawninfo
ov062	0x0211da90	KoopaSmall_SpawnInfo	g_profile_NOKONOKO_S	reconstructed profile global; literal ROM ID NOKONOKO_S+registry role+later EAD lineage; exact SM64DS spelling not preserved
ov062	0x0211dab4	data_ov062_0211dab4	_ZTV5Koopa	vtable alloc=0x3d0
ov062	0x0211db78	data_ov062_0211db78	KoopaTheQuick_SpawnInfo	spawninfo
ov062	0x0211db78	KoopaTheQuick_SpawnInfo	g_profile_RACE_NOKO	reconstructed profile global; literal ROM ID RACE_NOKO+registry role+later EAD lineage; exact SM64DS spelling not preserved
ov062	0x0211db9c	data_ov062_0211db9c	_ZTV13KoopaTheQuick	vtable alloc=0x3e0
ov062	0x0211dc30	data_ov062_0211dc30	KoopaFlag_SpawnInfo	spawninfo
ov062	0x0211dc30	KoopaFlag_SpawnInfo	g_profile_RACE_FLAG	reconstructed profile global; literal ROM ID RACE_FLAG+registry role+later EAD lineage; exact SM64DS spelling not preserved
ov062	0x0211dc54	data_ov062_0211dc54	_ZTV9KoopaFlag	vtable alloc=0x174
ov062	0x0211dd38	data_ov062_0211dd38	Klepto_SpawnInfo	spawninfo
ov062	0x0211dd38	Klepto_SpawnInfo	g_profile_JANGO	reconstructed profile global; literal ROM ID JANGO+registry role+later EAD lineage; exact SM64DS spelling not preserved
ov062	0x0211dd5c	data_ov062_0211dd5c	_ZTV6Klepto	vtable alloc=0x490
ov063	0x02115ee0	func_ov063_02115ee0	_ZN7daTrs_cD1Ev	vtable slot 16
ov063	0x02115f48	func_ov063_02115f48	_ZN7daTrs_cD0Ev	vtable slot 17
ov063	0x02115fc4	func_ov063_02115fc4	_ZN11daTBasket_cD1Ev	vtable slot 16
ov063	0x0211600c	func_ov063_0211600c	_ZN11daTBasket_cD0Ev	vtable slot 17
ov063	0x02116068	func_ov063_02116068	_ZN11daTrsIcon_cD1Ev	vtable slot 16 (was _ZN10BigBooIconD1Ev)
ov063	0x0211608c	func_ov063_0211608c	_ZN11daTrsIcon_cD0Ev	vtable slot 17 (was _ZN10BigBooIconD0Ev)
ov063	0x0211ae1c	func_ov063_0211ae1c	_ZN11daTBasket_c16CleanupResourcesEv	vtable slot 3
ov063	0x0211ae40	func_ov063_0211ae40	_ZN7daTrs_c16CleanupResourcesEv	vtable slot 3
ov063	0x0211af6c	func_ov063_0211af6c	_ZN7daTrs_c16OnPendingDestroyEv	vtable slot 12
ov063	0x0211af70	func_ov063_0211af70	_ZN7daTrs_c6RenderEv	vtable slot 9
ov063	0x0211b078	func_ov063_0211b078	_ZN11daTBasket_c6RenderEv	vtable slot 9
ov063	0x0211b0a4	func_ov063_0211b0a4	_ZN7daTrs_c8BehaviorEv	vtable slot 6
ov063	0x0211b888	func_ov063_0211b888	_ZN11daTBasket_c8BehaviorEv	vtable slot 6
ov063	0x0211b9bc	func_ov063_0211b9bc	_ZN7daTrs_c13InitResourcesEv	vtable slot 0
ov063	0x0211c35c	func_ov063_0211c35c	_ZN11daTBasket_c13InitResourcesEv	vtable slot 0
ov063	0x0211c444	func_ov063_0211c444	_ZN11daTrsIcon_c13InitResourcesEv	vtable slot 0 (was _ZN10BigBooIcon13InitResourcesEv)
ov063	0x0211c4a0	func_ov063_0211c4a0	BigBooIcon_Spawn	spawnfunc
ov063	0x0211c4a0	BigBooIcon_Spawn	daTrsIcon_c_classInit	reconstructed classInit; ROM RTTI+factory shape+unique class factory+later EAD lineage; exact SM64DS spelling not preserved
ov063	0x0211c4d0	func_ov063_0211c4d0	BooCage_Spawn	spawnfunc
ov063	0x0211c4d0	BooCage_Spawn	daTBasket_c_classInit	reconstructed classInit; ROM RTTI+factory shape+unique class factory+later EAD lineage; exact SM64DS spelling not preserved
ov063	0x0211c520	func_ov063_0211c520	BigBoo_Spawn	spawnfunc
ov063	0x0211c520	BigBoo_Spawn	daTrs_c_classInit_BOSS_TERESA	reconstructed classInit; ROM RTTI+factory shape+unique class factory+later EAD lineage; exact SM64DS spelling not preserved
ov063	0x0211c590	func_ov063_0211c590	Boo_Spawn	spawnfunc
ov063	0x0211c590	Boo_Spawn	daTrs_c_classInit_TERESA	reconstructed classInit; ROM RTTI+factory shape+unique class factory+later EAD lineage; exact SM64DS spelling not preserved
ov063	0x0211c600	func_ov063_0211c600	_ZN11daTrsTrap_cD1Ev	vtable slot 16
ov063	0x0211c638	func_ov063_0211c638	_ZN11daTrsTrap_cD0Ev	vtable slot 17
ov063	0x0211cdec	func_ov063_0211cdec	_ZN11daTrsTrap_c16CleanupResourcesEv	vtable slot 3
ov063	0x0211ce30	func_ov063_0211ce30	_ZN11daTrsTrap_c16OnPendingDestroyEv	vtable slot 12
ov063	0x0211ce34	func_ov063_0211ce34	_ZN11daTrsTrap_c6RenderEv	vtable slot 9
ov063	0x0211ce74	func_ov063_0211ce74	_ZN11daTrsTrap_c8BehaviorEv	vtable slot 6
ov063	0x0211cf00	func_ov063_0211cf00	_ZN11daTrsTrap_c13InitResourcesEv	vtable slot 0
ov063	0x0211d2a0	func_ov063_0211d2a0	TrapDoor_Spawn	spawnfunc
ov063	0x0211d2a0	TrapDoor_Spawn	daTrsTrap_c_classInit_TERESAPIT	reconstructed classInit; ROM RTTI+factory shape+unique class factory+later EAD lineage; exact SM64DS spelling not preserved
ov063	0x0211d2e0	func_ov063_0211d2e0	MerryGoRound_Spawn	spawnfunc
ov063	0x0211d2e0	MerryGoRound_Spawn	daTrsTrap_c_classInit_MERRYGOROUND	reconstructed classInit; ROM RTTI+factory shape+unique class factory+later EAD lineage; exact SM64DS spelling not preserved
ov063	0x0211d320	func_ov063_0211d320	Bookshelf_Spawn	spawnfunc
ov063	0x0211d320	Bookshelf_Spawn	daTrsTrap_c_classInit_BOOKSHELF	reconstructed classInit; ROM RTTI+factory shape+unique class factory+later EAD lineage; exact SM64DS spelling not preserved
ov063	0x0211d360	func_ov063_0211d360	MansionSteps_Spawn	spawnfunc
ov063	0x0211d360	MansionSteps_Spawn	daTrsTrap_c_classInit_KAIDAN	reconstructed classInit; ROM RTTI+factory shape+unique class factory+later EAD lineage; exact SM64DS spelling not preserved
ov063	0x0211d3a0	func_ov063_0211d3a0	_ZN12FallBlockBbhD1Ev	vtable slot 16
ov063	0x0211d3f0	func_ov063_0211d3f0	_ZN12FallBlockBbhD0Ev	vtable slot 17
ov063	0x0211d454	func_ov063_0211d454	_ZN12FallBlockBbh16CleanupResourcesEv	vtable slot 3
ov063	0x0211d468	func_ov063_0211d468	_ZN12FallBlockBbh13InitResourcesEv	vtable slot 0
ov063	0x0211d47c	func_ov063_0211d47c	FallBlockBbh_Spawn	spawnfunc
ov063	0x0211d47c	FallBlockBbh_Spawn	daObjTh_Fall_Block_c_classInit	reconstructed classInit; ROM RTTI+factory shape+unique class factory+later EAD lineage; exact SM64DS spelling not preserved
ov063	0x0211d4b8	func_ov063_0211d4b8	_ZN8MadPianoD1Ev	vtable slot 16
ov063	0x0211d54c	func_ov063_0211d54c	_ZN8MadPianoD0Ev	vtable slot 17
ov063	0x0211de3c	func_ov063_0211de3c	_ZN8MadPiano16CleanupResourcesEv	vtable slot 3
ov063	0x0211de8c	func_ov063_0211de8c	_ZN8MadPiano6RenderEv	vtable slot 9
ov063	0x0211deb8	func_ov063_0211deb8	_ZN8MadPiano8BehaviorEv	vtable slot 6
ov063	0x0211dfac	func_ov063_0211dfac	_ZN8MadPiano13InitResourcesEv	vtable slot 0
ov063	0x0211e128	func_ov063_0211e128	MadPiano_Spawn	spawnfunc
ov063	0x0211e128	MadPiano_Spawn	daPiano_c_classInit	reconstructed classInit; ROM RTTI+factory shape+unique class factory+later EAD lineage; exact SM64DS spelling not preserved
ov063	0x0211e770	data_ov063_0211e770	Boo_SpawnInfo	spawninfo
ov063	0x0211e770	Boo_SpawnInfo	g_profile_TERESA	reconstructed profile global; literal ROM ID TERESA+registry role+later EAD lineage; exact SM64DS spelling not preserved
ov063	0x0211e78c	data_ov063_0211e78c	BigBoo_SpawnInfo	spawninfo
ov063	0x0211e78c	BigBoo_SpawnInfo	g_profile_BOSS_TERESA	reconstructed profile global; literal ROM ID BOSS_TERESA+registry role+later EAD lineage; exact SM64DS spelling not preserved
ov063	0x0211e7a8	data_ov063_0211e7a8	BooCage_SpawnInfo	spawninfo
ov063	0x0211e7a8	BooCage_SpawnInfo	g_profile_T_BASKET	reconstructed profile global; literal ROM ID T_BASKET+registry role+later EAD lineage; exact SM64DS spelling not preserved
ov063	0x0211e7c4	data_ov063_0211e7c4	BigBooIcon_SpawnInfo	spawninfo
ov063	0x0211e7c4	BigBooIcon_SpawnInfo	g_profile_ICON_TERESA	reconstructed profile global; literal ROM ID ICON_TERESA+registry role+later EAD lineage; exact SM64DS spelling not preserved
ov063	0x0211e828	data_ov063_0211e828	_ZTV7daTrs_c	vtable alloc=0x5e0
ov063	0x0211e8ac	data_ov063_0211e8ac	_ZTV10BigBooIcon	vtable alloc=0x380
ov063	0x0211e930	data_ov063_0211e930	_ZTV11daTBasket_c	vtable alloc=0x380
ov063	0x0211ea10	data_ov063_0211ea10	MansionSteps_SpawnInfo	spawninfo
ov063	0x0211ea10	MansionSteps_SpawnInfo	g_profile_KAIDAN	reconstructed profile global; literal ROM ID KAIDAN+registry role+later EAD lineage; exact SM64DS spelling not preserved
ov063	0x0211ea2c	data_ov063_0211ea2c	Bookshelf_SpawnInfo	spawninfo
ov063	0x0211ea2c	Bookshelf_SpawnInfo	g_profile_BOOKSHELF	reconstructed profile global; literal ROM ID BOOKSHELF+registry role+later EAD lineage; exact SM64DS spelling not preserved
ov063	0x0211ea48	data_ov063_0211ea48	MerryGoRound_SpawnInfo	spawninfo
ov063	0x0211ea48	MerryGoRound_SpawnInfo	g_profile_MERRYGOROUND	reconstructed profile global; literal ROM ID MERRYGOROUND+registry role+later EAD lineage; exact SM64DS spelling not preserved
ov063	0x0211ea64	data_ov063_0211ea64	TrapDoor_SpawnInfo	spawninfo
ov063	0x0211ea64	TrapDoor_SpawnInfo	g_profile_TERESAPIT	reconstructed profile global; literal ROM ID TERESAPIT+registry role+later EAD lineage; exact SM64DS spelling not preserved
ov063	0x0211ea88	data_ov063_0211ea88	_ZTV11daTrsTrap_c	vtable alloc=0x354
ov063	0x0211eb34	data_ov063_0211eb34	FallBlockBbh_SpawnInfo	spawninfo
ov063	0x0211eb34	FallBlockBbh_SpawnInfo	g_profile_TH_DOWN_B	reconstructed profile global; literal ROM ID TH_DOWN_B+registry role+later EAD lineage; exact SM64DS spelling not preserved
ov063	0x0211eb58	data_ov063_0211eb58	_ZTV12FallBlockBbh	vtable alloc=0x34c
ov063	0x0211ed10	data_ov063_0211ed10	MadPiano_SpawnInfo	spawninfo
ov063	0x0211ed10	MadPiano_SpawnInfo	g_profile_PIANO	reconstructed profile global; literal ROM ID PIANO+registry role+later EAD lineage; exact SM64DS spelling not preserved
ov063	0x0211ed34	data_ov063_0211ed34	_ZTV8MadPiano	vtable alloc=?
ov064	0x02116ca0	func_ov064_02116ca0	_ZN7daOts_c16CleanupResourcesEv	vtable slot 3 (was _ZN5Bully16CleanupResourcesEv)
ov064	0x02116cf0	func_ov064_02116cf0	_ZN7daOts_c6RenderEv	vtable slot 9 (was _ZN5Bully6RenderEv)
ov064	0x02117070	func_ov064_02117070	_ZN5BullyD1Ev	vtable slot 16
ov064	0x021170c4	func_ov064_021170c4	_ZN5BullyD0Ev	vtable slot 17
ov064	0x02117310	func_ov064_02117310	_ZN5Bully8BehaviorEv	vtable slot 6
ov064	0x02117424	func_ov064_02117424	_ZN5Bully13InitResourcesEv	vtable slot 0
ov064	0x02117444	func_ov064_02117444	Bully_Spawn	spawnfunc
ov064	0x02117444	Bully_Spawn	daDonketu_c_classInit	reconstructed classInit; ROM RTTI+factory shape+unique class factory+later EAD lineage; exact SM64DS spelling not preserved
ov064	0x021174a0	func_ov064_021174a0	_ZN8BigBullyD1Ev	vtable slot 16
ov064	0x021174f4	func_ov064_021174f4	_ZN8BigBullyD0Ev	vtable slot 17
ov064	0x0211764c	func_ov064_0211764c	_ZN8BigBully6RenderEv	vtable slot 9
ov064	0x02117684	func_ov064_02117684	_ZN8BigBully8BehaviorEv	vtable slot 6
ov064	0x02117784	func_ov064_02117784	_ZN8BigBully13InitResourcesEv	vtable slot 0
ov064	0x0211791c	func_ov064_0211791c	BigBully_Spawn	spawnfunc
ov064	0x0211791c	BigBully_Spawn	daBDonketu_c_classInit	reconstructed classInit; ROM RTTI+factory shape+unique class factory+later EAD lineage; exact SM64DS spelling not preserved
ov064	0x02117fe8	func_ov064_02117fe8	MetalNetLift_Spawn	spawnfunc
ov064	0x02117fe8	MetalNetLift_Spawn	daObjFl_Amilift_c_classInit	reconstructed classInit; ROM RTTI+factory shape+unique class factory+later EAD lineage; exact SM64DS spelling not preserved
ov064	0x02118020	func_ov064_02118020	_ZN14daObjFl_Gura_cD1Ev	ROM RTTI class identity; vtable slot 16 (was _ZN18TiltingPlatformLllD1Ev)
ov064	0x02118070	func_ov064_02118070	_ZN14daObjFl_Gura_cD0Ev	ROM RTTI class identity; vtable slot 17 (was _ZN18TiltingPlatformLllD0Ev)
ov064	0x021180d4	func_ov064_021180d4	_ZN14daObjFl_Gura_c16CleanupResourcesEv	ROM RTTI class identity; vtable slot 3 (was _ZN18TiltingPlatformLll16CleanupResourcesEv)
ov064	0x021180e8	func_ov064_021180e8	_ZN14daObjFl_Gura_c13InitResourcesEv	ROM RTTI class identity; vtable slot 0 (was _ZN18TiltingPlatformLll13InitResourcesEv)
ov064	0x021180fc	func_ov064_021180fc	TiltingPlatformLll_Spawn	spawnfunc
ov064	0x021180fc	TiltingPlatformLll_Spawn	daObjFl_Gura_c_classInit	reconstructed classInit; ROM RTTI+factory shape+unique class factory+later EAD lineage; exact SM64DS spelling not preserved
ov064	0x02118138	func_ov064_02118138	_ZN15RotatingFirebarD1Ev	vtable slot 16
ov064	0x02118194	func_ov064_02118194	_ZN15RotatingFirebarD0Ev	vtable slot 17
ov064	0x02118204	func_ov064_02118204	_ZN15RotatingFirebar16CleanupResourcesEv	vtable slot 3
ov064	0x0211824c	func_ov064_0211824c	_ZN15RotatingFirebar6RenderEv	vtable slot 9
ov064	0x02118274	func_ov064_02118274	_ZN15RotatingFirebar8BehaviorEv	vtable slot 6
ov064	0x02118480	func_ov064_02118480	_ZN15RotatingFirebar13InitResourcesEv	vtable slot 0
ov064	0x02118564	func_ov064_02118564	RotatingFirebar_Spawn	spawnfunc
ov064	0x02118564	RotatingFirebar_Spawn	daObjFl_KomaU_c_classInit	reconstructed classInit; ROM RTTI+factory shape+unique class factory+later EAD lineage; exact SM64DS spelling not preserved
ov064	0x021185c0	func_ov064_021185c0	_ZN10LavaBubbleD1Ev	vtable slot 16
ov064	0x021185f8	func_ov064_021185f8	_ZN10LavaBubbleD0Ev	vtable slot 17
ov064	0x0211883c	func_ov064_0211883c	_ZN10LavaBubble16CleanupResourcesEv	vtable slot 3
ov064	0x02118844	func_ov064_02118844	_ZN10LavaBubble16OnPendingDestroyEv	vtable slot 12
ov064	0x02118848	func_ov064_02118848	_ZN10LavaBubble6RenderEv	vtable slot 9
ov064	0x02118850	func_ov064_02118850	_ZN10LavaBubble8BehaviorEv	vtable slot 6
ov064	0x021189d8	func_ov064_021189d8	_ZN10LavaBubble13InitResourcesEv	vtable slot 0
ov064	0x02118b10	func_ov064_02118b10	LavaBubble_Spawn	spawnfunc
ov064	0x02118b10	LavaBubble_Spawn	daBbl_c_classInit	reconstructed classInit; ROM RTTI+factory shape+unique class factory+later EAD lineage; exact SM64DS spelling not preserved
ov064	0x02118b50	func_ov064_02118b50	_ZN17BowserPuzzlePieceD1Ev	vtable slot 16 (was _ZN19BowserPuzzleManagerD1Ev)
ov064	0x02118b94	func_ov064_02118b94	_ZN17BowserPuzzlePieceD0Ev	vtable slot 17 (was _ZN19BowserPuzzleManagerD0Ev)
ov064	0x0211904c	func_ov064_0211904c	_ZN17BowserPuzzlePiece16CleanupResourcesEv	vtable slot 3 (was _ZN19BowserPuzzleManager16CleanupResourcesEv)
ov064	0x02119088	func_ov064_02119088	_ZN17BowserPuzzlePiece6RenderEv	vtable slot 9 (was _ZN19BowserPuzzleManager6RenderEv)
ov064	0x021190b0	func_ov064_021190b0	_ZN17BowserPuzzlePiece8BehaviorEv	vtable slot 6 (was _ZN19BowserPuzzleManager8BehaviorEv)
ov064	0x021191a8	func_ov064_021191a8	_ZN17BowserPuzzlePiece13InitResourcesEv	vtable slot 0 (was _ZN19BowserPuzzleManager13InitResourcesEv)
ov064	0x021192d0	func_ov064_021192d0	BowserPuzzleManager_Spawn	spawnfunc
ov064	0x021192d0	BowserPuzzleManager_Spawn	daObjFl_Coin_c_classInit	reconstructed classInit; ROM RTTI+factory shape+unique class factory+later EAD lineage; exact SM64DS spelling not preserved
ov064	0x02119300	func_ov064_02119300	BowserPuzzlePiece_Spawn	spawnfunc
ov064	0x02119300	BowserPuzzlePiece_Spawn	daObjFl_Puzzle_c_classInit	reconstructed classInit; ROM RTTI+factory shape+unique class factory+later EAD lineage; exact SM64DS spelling not preserved
ov064	0x02119330	func_ov064_02119330	_ZN9JetStreamD1Ev	vtable slot 16 (was _ZN17BowserPuzzlePieceD1Ev)
ov064	0x02119368	func_ov064_02119368	_ZN9JetStreamD0Ev	vtable slot 17 (was _ZN17BowserPuzzlePieceD0Ev)
ov064	0x02119880	func_ov064_02119880	_ZN9JetStream16CleanupResourcesEv	vtable slot 3 (was _ZN17BowserPuzzlePiece16CleanupResourcesEv)
ov064	0x021198b0	func_ov064_021198b0	_ZN9JetStream16OnPendingDestroyEv	vtable slot 12 (was _ZN17BowserPuzzlePiece16OnPendingDestroyEv)
ov064	0x021198b4	func_ov064_021198b4	_ZN9JetStream6RenderEv	vtable slot 9 (was _ZN17BowserPuzzlePiece6RenderEv)
ov064	0x021198bc	func_ov064_021198bc	_ZN9JetStream8BehaviorEv	vtable slot 6 (was _ZN17BowserPuzzlePiece8BehaviorEv)
ov064	0x0211992c	func_ov064_0211992c	_ZN9JetStream13InitResourcesEv	vtable slot 0 (was _ZN17BowserPuzzlePiece13InitResourcesEv)
ov064	0x02119a18	func_ov064_02119a18	JetStream_Spawn	spawnfunc
ov064	0x02119a18	JetStream_Spawn	daWater_Hakidasi_c_classInit	reconstructed classInit; ROM RTTI+factory shape+unique class factory+later EAD lineage; exact SM64DS spelling not preserved
ov064	0x02119a58	func_ov064_02119a58	_ZN9WaterRingD1Ev	vtable slot 16
ov064	0x02119aa0	func_ov064_02119aa0	_ZN9WaterRingD0Ev	vtable slot 17
ov064	0x02119fa0	func_ov064_02119fa0	_ZN9WaterRing16CleanupResourcesEv	vtable slot 3
ov064	0x02119fc4	func_ov064_02119fc4	_ZN9WaterRing16OnPendingDestroyEv	vtable slot 12
ov064	0x02119fc8	func_ov064_02119fc8	_ZN9WaterRing6RenderEv	vtable slot 9
ov064	0x02119ffc	func_ov064_02119ffc	_ZN9WaterRing8BehaviorEv	vtable slot 6
ov064	0x0211a090	func_ov064_0211a090	_ZN9WaterRing13InitResourcesEv	vtable slot 0
ov064	0x0211a1b0	func_ov064_0211a1b0	WaterRing_Spawn	spawnfunc
ov064	0x0211a1b0	WaterRing_Spawn	daWater_Ring_c_classInit	reconstructed classInit; ROM RTTI+factory shape+unique class factory+later EAD lineage; exact SM64DS spelling not preserved
ov064	0x0211a200	func_ov064_0211a200	_ZN13TreasureChestD1Ev	vtable slot 16
ov064	0x0211a238	func_ov064_0211a238	_ZN13TreasureChestD0Ev	vtable slot 17
ov064	0x0211a284	func_ov064_0211a284	_ZN13TreasureChest20UpdateModelTransformEv	TreasureChest TU state helper
ov064	0x0211a2c4	func_ov064_0211a2c4	_ZN13TreasureChest6State2Ev	PMF table state 2 behavior
ov064	0x0211a380	func_ov064_0211a380	_ZN13TreasureChest10InitState2Ev	PMF table state 2 initializer
ov064	0x0211a39c	func_ov064_0211a39c	_ZN13TreasureChest6State1Ev	PMF table state 1 behavior
ov064	0x0211a49c	func_ov064_0211a49c	_ZN13TreasureChest10InitState1Ev	PMF table state 1 initializer
ov064	0x0211a4c4	func_ov064_0211a4c4	_ZN13TreasureChest6State0Ev	PMF table state 0 behavior
ov064	0x0211a6e0	func_ov064_0211a6e0	_ZN13TreasureChest10InitState0Ev	PMF table state 0 initializer
ov064	0x0211a6ec	func_ov064_0211a6ec	_ZN13TreasureChest8SetStateEi	PMF table initializer dispatcher
ov064	0x0211a734	func_ov064_0211a734	_ZN13TreasureChest17CallStateBehaviorEv	PMF table behavior dispatcher
ov064	0x0211a77c	func_ov064_0211a77c	_ZN13TreasureChest16CleanupResourcesEv	vtable slot 3
ov064	0x0211a7c4	func_ov064_0211a7c4	_ZN13TreasureChest6RenderEv	vtable slot 9
ov064	0x0211a7ec	func_ov064_0211a7ec	_ZN13TreasureChest8BehaviorEv	vtable slot 6
ov064	0x0211a814	func_ov064_0211a814	_ZN13TreasureChest13InitResourcesEv	vtable slot 0
ov064	0x0211a8f0	func_ov064_0211a8f0	TreasureChest_Spawn	spawnfunc
ov064	0x0211a8f0	TreasureChest_Spawn	daObjTbox_c_classInit	reconstructed classInit; ROM RTTI+factory shape+unique class factory+later EAD lineage; exact SM64DS spelling not preserved
ov064	0x0211a930	func_ov064_0211a930	_ZN4ClamD1Ev	vtable slot 16
ov064	0x0211a968	func_ov064_0211a968	_ZN4ClamD0Ev	vtable slot 17
ov064	0x0211a9f4	func_ov064_0211a9f4	_ZN4Clam16CleanupResourcesEv	vtable slot 3
ov064	0x0211aa30	func_ov064_0211aa30	_ZN4Clam6RenderEv	vtable slot 9
ov064	0x0211aa58	func_ov064_0211aa58	_ZN4Clam8BehaviorEv	vtable slot 6
ov064	0x0211acc4	func_ov064_0211acc4	_ZN4Clam13InitResourcesEv	vtable slot 0
ov064	0x0211ad70	func_ov064_0211ad70	Clam_Spawn	spawnfunc
ov064	0x0211ad70	Clam_Spawn	daObjShell_c_classInit	reconstructed classInit; ROM RTTI+factory shape+unique class factory+later EAD lineage; exact SM64DS spelling not preserved
ov064	0x0211b818	data_ov064_0211b818	Bully_SpawnInfo	spawninfo
ov064	0x0211b818	Bully_SpawnInfo	g_profile_DONKETU	reconstructed profile global; literal ROM ID DONKETU+registry role+later EAD lineage; exact SM64DS spelling not preserved
ov064	0x0211b870	data_ov064_0211b870	_ZTV5Bully	vtable alloc=0x400
ov064	0x0211b920	data_ov064_0211b920	BigBully_SpawnInfo	spawninfo
ov064	0x0211b920	BigBully_SpawnInfo	g_profile_BOSS_DONKETU	reconstructed profile global; literal ROM ID BOSS_DONKETU+registry role+later EAD lineage; exact SM64DS spelling not preserved
ov064	0x0211b978	data_ov064_0211b978	_ZTV8BigBully	vtable alloc=0x400
ov064	0x0211bc44	data_ov064_0211bc44	MetalNetLift_SpawnInfo	spawninfo
ov064	0x0211bc44	MetalNetLift_SpawnInfo	g_profile_FL_AMILIFT	reconstructed profile global; literal ROM ID FL_AMILIFT+registry role+later EAD lineage; exact SM64DS spelling not preserved
ov064	0x0211bd08	data_ov064_0211bd08	TiltingPlatformLll_SpawnInfo	spawninfo
ov064	0x0211bd08	TiltingPlatformLll_SpawnInfo	g_profile_FL_GURA	reconstructed profile global; literal ROM ID FL_GURA+registry role+later EAD lineage; exact SM64DS spelling not preserved
ov064	0x0211bd2c	data_ov064_0211bd2c	_ZTV14daObjFl_Gura_c	ROM RTTI class identity; vtable alloc=? (was _ZTV18TiltingPlatformLll)
ov064	0x0211bdec	data_ov064_0211bdec	RotatingFirebar_SpawnInfo	spawninfo
ov064	0x0211bdec	RotatingFirebar_SpawnInfo	g_profile_FL_KOMA_U	reconstructed profile global; literal ROM ID FL_KOMA_U+registry role+later EAD lineage; exact SM64DS spelling not preserved
ov064	0x0211be10	data_ov064_0211be10	_ZTV15RotatingFirebar	vtable alloc=0x540
ov064	0x0211bec8	data_ov064_0211bec8	LavaBubble_SpawnInfo	spawninfo
ov064	0x0211bec8	LavaBubble_SpawnInfo	g_profile_BUBBLE	reconstructed profile global; literal ROM ID BUBBLE+registry role+later EAD lineage; exact SM64DS spelling not preserved
ov064	0x0211beec	data_ov064_0211beec	_ZTV10LavaBubble	vtable alloc=0x31c
ov064	0x0211c160	data_ov064_0211c160	BowserPuzzlePiece_SpawnInfo	spawninfo
ov064	0x0211c160	BowserPuzzlePiece_SpawnInfo	g_profile_FL_PUZZLE	reconstructed profile global; literal ROM ID FL_PUZZLE+registry role+later EAD lineage; exact SM64DS spelling not preserved
ov064	0x0211c17c	data_ov064_0211c17c	BowserPuzzleManager_SpawnInfo	spawninfo
ov064	0x0211c17c	BowserPuzzleManager_SpawnInfo	g_profile_FL_COIN	reconstructed profile global; literal ROM ID FL_COIN+registry role+later EAD lineage; exact SM64DS spelling not preserved
ov064	0x0211c25c	data_ov064_0211c25c	_ZTV17BowserPuzzlePiece	vtable alloc=? (was _ZTV19BowserPuzzleManager)
ov064	0x0211c310	data_ov064_0211c310	JetStream_SpawnInfo	spawninfo
ov064	0x0211c310	JetStream_SpawnInfo	g_profile_WATER_HAKIDASI	reconstructed profile global; literal ROM ID WATER_HAKIDASI+registry role+later EAD lineage; exact SM64DS spelling not preserved
ov064	0x0211c334	data_ov064_0211c334	_ZTV9JetStream	vtable alloc=? (was _ZTV17BowserPuzzlePiece)
ov064	0x0211c3fc	data_ov064_0211c3fc	WaterRing_SpawnInfo	spawninfo
ov064	0x0211c3fc	WaterRing_SpawnInfo	g_profile_WATER_RING	reconstructed profile global; literal ROM ID WATER_RING+registry role+later EAD lineage; exact SM64DS spelling not preserved
ov064	0x0211c420	data_ov064_0211c420	_ZTV9WaterRing	vtable alloc=0x390
ov064	0x0211c4e8	data_ov064_0211c4e8	TreasureChest_SpawnInfo	spawninfo
ov064	0x0211c4e8	TreasureChest_SpawnInfo	g_profile_TREASURE_BOX	reconstructed profile global; literal ROM ID TREASURE_BOX+registry role+later EAD lineage; exact SM64DS spelling not preserved
ov064	0x0211c50c	data_ov064_0211c50c	_ZTV13TreasureChest	vtable alloc=0x178
ov064	0x0211c5a4	data_ov064_0211c5a4	Clam_SpawnInfo	spawninfo
ov064	0x0211c5a4	Clam_SpawnInfo	g_profile_OBJ_SHELL	reconstructed profile global; literal ROM ID OBJ_SHELL+registry role+later EAD lineage; exact SM64DS spelling not preserved
ov064	0x0211c5c8	data_ov064_0211c5c8	_ZTV4Clam	vtable alloc=0x174
ov065	0x02115ee0	func_ov065_02115ee0	_ZN6SnufitD1Ev	vtable slot 16
ov065	0x02115f28	func_ov065_02115f28	_ZN6SnufitD0Ev	vtable slot 17
ov065	0x02116ae8	func_ov065_02116ae8	_ZN6Snufit16CleanupResourcesEv	vtable slot 3
ov065	0x02116b30	func_ov065_02116b30	_ZN6Snufit16OnPendingDestroyEv	vtable slot 12
ov065	0x02116b34	func_ov065_02116b34	_ZN6Snufit6RenderEv	vtable slot 9
ov065	0x02116b84	func_ov065_02116b84	_ZN6Snufit8BehaviorEv	vtable slot 6
ov065	0x02116e10	func_ov065_02116e10	_ZN6Snufit13InitResourcesEv	vtable slot 0
ov065	0x02116f48	func_ov065_02116f48	Snufit_Spawn	spawnfunc
ov065	0x02116f48	Snufit_Spawn	daYurei_Mucho_c_classInit	reconstructed classInit; ROM RTTI+factory shape+unique class factory+later EAD lineage; exact SM64DS spelling not preserved
ov065	0x02116f98	func_ov065_02116f98	_ZN5SwoopD1Ev	vtable slot 16
ov065	0x02116fe8	func_ov065_02116fe8	_ZN5SwoopD0Ev	vtable slot 17
ov065	0x02117aa4	func_ov065_02117aa4	_ZN5Swoop16CleanupResourcesEv	vtable slot 3
ov065	0x02117aec	func_ov065_02117aec	_ZN5Swoop16OnPendingDestroyEv	vtable slot 12
ov065	0x02117af0	func_ov065_02117af0	_ZN5Swoop6RenderEv	vtable slot 9
ov065	0x02117b64	func_ov065_02117b64	_ZN5Swoop8BehaviorEv	vtable slot 6
ov065	0x02117d80	func_ov065_02117d80	_ZN5Swoop13InitResourcesEv	vtable slot 0
ov065	0x02117ee8	func_ov065_02117ee8	Swoop_Spawn	spawnfunc
ov065	0x02117ee8	Swoop_Spawn	daBasabasa_c_classInit	reconstructed classInit; ROM RTTI+factory shape+unique class factory+later EAD lineage; exact SM64DS spelling not preserved
ov065	0x02117f40	func_ov065_02117f40	_ZN6DorrieD1Ev	vtable slot 16
ov065	0x02117fa8	func_ov065_02117fa8	_ZN6DorrieD0Ev	vtable slot 17
ov065	0x02118024	func_ov065_02118024	_ZN12daDossyCap_cD1Ev	vtable slot 16
ov065	0x02118064	func_ov065_02118064	_ZN12daDossyCap_cD0Ev	vtable slot 17
ov065	0x02118d04	func_ov065_02118d04	_ZN6Dorrie16CleanupResourcesEv	vtable slot 3
ov065	0x02118d80	func_ov065_02118d80	_ZN6Dorrie6RenderEv	vtable slot 9
ov065	0x02118da8	func_ov065_02118da8	_ZN12daDossyCap_c6RenderEv	vtable slot 9
ov065	0x02118df0	func_ov065_02118df0	_ZN6Dorrie8BehaviorEv	vtable slot 6
ov065	0x021190a8	func_ov065_021190a8	_ZN12daDossyCap_c8BehaviorEv	vtable slot 6
ov065	0x02119228	func_ov065_02119228	_ZN6Dorrie13InitResourcesEv	vtable slot 0
ov065	0x021194e8	func_ov065_021194e8	_ZN12daDossyCap_c13InitResourcesEv	vtable slot 0
ov065	0x021195ec	func_ov065_021195ec	DorrieCap_Spawn	spawnfunc
ov065	0x021195ec	DorrieCap_Spawn	daDossyCap_c_classInit	reconstructed classInit; ROM RTTI+factory shape+unique class factory+later EAD lineage; exact SM64DS spelling not preserved
ov065	0x02119634	func_ov065_02119634	Dorrie_Spawn	spawnfunc
ov065	0x02119634	Dorrie_Spawn	daDossy_c_classInit	reconstructed classInit; ROM RTTI+factory shape+unique class factory+later EAD lineage; exact SM64DS spelling not preserved
ov065	0x021196d8	func_ov065_021196d8	_ZN15TtcRotatingCubeD1Ev	vtable slot 16
ov065	0x0211972c	func_ov065_0211972c	_ZN15TtcRotatingCubeD0Ev	vtable slot 17
ov065	0x02119984	func_ov065_02119984	_ZN15TtcRotatingCube16CleanupResourcesEv	vtable slot 3
ov065	0x021199fc	func_ov065_021199fc	_ZN15TtcRotatingCube6RenderEv	vtable slot 9
ov065	0x02119a50	func_ov065_02119a50	_ZN15TtcRotatingCube8BehaviorEv	vtable slot 6
ov065	0x02119c38	func_ov065_02119c38	_ZN15TtcRotatingCube13InitResourcesEv	vtable slot 0
ov065	0x02119ebc	func_ov065_02119ebc	TtcRotatingPrism_Spawn	spawnfunc
ov065	0x02119ebc	TtcRotatingPrism_Spawn	daObjCtRotateBlock_c_classInit_CT_MECHA02	reconstructed classInit; ROM RTTI+factory shape+unique class factory+later EAD lineage; exact SM64DS spelling not preserved
ov065	0x02119efc	func_ov065_02119efc	TtcRotatingCube_Spawn	spawnfunc
ov065	0x02119efc	TtcRotatingCube_Spawn	daObjCtRotateBlock_c_classInit_CT_MECHA01	reconstructed classInit; ROM RTTI+factory shape+unique class factory+later EAD lineage; exact SM64DS spelling not preserved
ov065	0x0211a45c	func_ov065_0211a45c	daObjCtMecha03_c_classInit	reconstructed classInit; ROM RTTI+factory shape+unique class factory+later EAD lineage; exact SM64DS spelling not preserved
ov065	0x0211a494	func_ov065_0211a494	_ZN16daObjCtMecha04_cD1Ev	vtable slot 16 (was _ZN20TtcConveyorBeltLargeD1Ev)
ov065	0x0211a4e8	func_ov065_0211a4e8	_ZN16daObjCtMecha04_cD0Ev	vtable slot 17 (was _ZN20TtcConveyorBeltLargeD0Ev)
ov065	0x0211a638	func_ov065_0211a638	_ZN16daObjCtMecha04_c16CleanupResourcesEv	vtable slot 3 (was _ZN20TtcConveyorBeltLarge16CleanupResourcesEv)
ov065	0x0211a69c	func_ov065_0211a69c	_ZN16daObjCtMecha04_c6RenderEv	vtable slot 9 (was _ZN20TtcConveyorBeltLarge6RenderEv)
ov065	0x0211a6d0	func_ov065_0211a6d0	_ZN16daObjCtMecha04_c8BehaviorEv	vtable slot 6 (was _ZN20TtcConveyorBeltLarge8BehaviorEv)
ov065	0x0211a870	func_ov065_0211a870	_ZN16daObjCtMecha04_c13InitResourcesEv	vtable slot 0 (was _ZN20TtcConveyorBeltLarge13InitResourcesEv)
ov065	0x0211aae0	func_ov065_0211aae0	TtcConveyorBeltLarge_Spawn	spawnfunc
ov065	0x0211aae0	TtcConveyorBeltLarge_Spawn	daObjCtMecha04_c_classInit_CT_MECHA04L	reconstructed classInit; ROM RTTI+factory shape+unique class factory+later EAD lineage; exact SM64DS spelling not preserved
ov065	0x0211ab20	func_ov065_0211ab20	TtcConveyorBeltSmall_Spawn	spawnfunc
ov065	0x0211ab20	TtcConveyorBeltSmall_Spawn	daObjCtMecha04_c_classInit_CT_MECHA04S	reconstructed classInit; ROM RTTI+factory shape+unique class factory+later EAD lineage; exact SM64DS spelling not preserved
ov065	0x0211b328	func_ov065_0211b328	TTC_MovingBar_Spawn	spawnfunc
ov065	0x0211b328	TTC_MovingBar_Spawn	daObjCtMecha05_c_classInit	reconstructed classInit; ROM RTTI+factory shape+unique class factory+later EAD lineage; exact SM64DS spelling not preserved; row recorded retroactively -- the rename reached symbols.txt without a ledger entry
ov065	0x0211b360	func_ov065_0211b360	_ZN13TTC_MovingBarD1Ev	vtable slot 16
ov065	0x0211b3ac	func_ov065_0211b3ac	_ZN13TTC_MovingBarD0Ev	vtable slot 17
ov065	0x0211b47c	func_ov065_0211b47c	_ZN13TTC_MovingBar16CleanupResourcesEv	vtable slot 3
ov065	0x0211b4e0	func_ov065_0211b4e0	_ZN13TTC_MovingBar6RenderEv	vtable slot 9
ov065	0x0211b508	func_ov065_0211b508	_ZN13TTC_MovingBar8BehaviorEv	vtable slot 6
ov065	0x0211b640	func_ov065_0211b640	_ZN13TTC_MovingBar13InitResourcesEv	vtable slot 0
ov065	0x0211b780	func_ov065_0211b780	TtcRotatingTriangle_Spawn	spawnfunc
ov065	0x0211b780	TtcRotatingTriangle_Spawn	daObjCtKaitendai_c_classInit_CT_MECHA07	reconstructed classInit; ROM RTTI+factory shape+unique class factory+later EAD lineage; exact SM64DS spelling not preserved
ov065	0x0211b7b8	func_ov065_0211b7b8	TtcRotatingGear_Spawn	spawnfunc
ov065	0x0211b7b8	TtcRotatingGear_Spawn	daObjCtKaitendai_c_classInit_CT_MECHA06	reconstructed classInit; ROM RTTI+factory shape+unique class factory+later EAD lineage; exact SM64DS spelling not preserved
ov065	0x0211b7f0	func_ov065_0211b7f0	_ZN15TtcRotatingGearD1Ev	vtable slot 16
ov065	0x0211b834	func_ov065_0211b834	_ZN15TtcRotatingGearD0Ev	vtable slot 17
ov065	0x0211b88c	func_ov065_0211b88c	_ZN15TtcRotatingGear16CleanupResourcesEv	vtable slot 3
ov065	0x0211b8d0	func_ov065_0211b8d0	_ZN15TtcRotatingGear6RenderEv	vtable slot 9
ov065	0x0211b8f8	func_ov065_0211b8f8	_ZN15TtcRotatingGear8BehaviorEv	vtable slot 6
ov065	0x0211ba88	func_ov065_0211ba88	_ZN15TtcRotatingGear13InitResourcesEv	vtable slot 0
ov065	0x0211bb7c	func_ov065_0211bb7c	TtcMovingCubeB_Spawn	spawnfunc
ov065	0x0211bb7c	TtcMovingCubeB_Spawn	daObjCtMecha08_c_classInit_CT_MECHA08B	reconstructed classInit; ROM RTTI+factory shape+unique class factory+later EAD lineage; exact SM64DS spelling not preserved
ov065	0x0211bbac	func_ov065_0211bbac	TtcMovingCubeA_Spawn	spawnfunc
ov065	0x0211bbac	TtcMovingCubeA_Spawn	daObjCtMecha08_c_classInit_CT_MECHA08A	reconstructed classInit; ROM RTTI+factory shape+unique class factory+later EAD lineage; exact SM64DS spelling not preserved
ov065	0x0211bbdc	func_ov065_0211bbdc	_ZN14TTC_MovingBeamD1Ev	vtable slot 16 (was _ZN14TtcMovingCubeAD1Ev)
ov065	0x0211bc28	func_ov065_0211bc28	_ZN14TTC_MovingBeamD0Ev	vtable slot 17 (was _ZN14TtcMovingCubeAD0Ev)
ov065	0x0211bd20	func_ov065_0211bd20	_ZN14TTC_MovingBeam16CleanupResourcesEv	vtable slot 3 (was _ZN14TtcMovingCubeA16CleanupResourcesEv)
ov065	0x0211bd64	func_ov065_0211bd64	_ZN14TTC_MovingBeam6RenderEv	vtable slot 9 (was _ZN14TtcMovingCubeA6RenderEv)
ov065	0x0211bd8c	func_ov065_0211bd8c	_ZN14TTC_MovingBeam8BehaviorEv	vtable slot 6 (was _ZN14TtcMovingCubeA8BehaviorEv)
ov065	0x0211bf04	func_ov065_0211bf04	_ZN14TTC_MovingBeam13InitResourcesEv	vtable slot 0 (was _ZN14TtcMovingCubeA13InitResourcesEv)
ov065	0x0211c040	func_ov065_0211c040	TTC_MovingBeam_Spawn	spawnfunc
ov065	0x0211c040	TTC_MovingBeam_Spawn	daObjCtMecha09_c_classInit	reconstructed classInit; ROM RTTI+factory shape+unique class factory+later EAD lineage; exact SM64DS spelling not preserved
ov065	0x0211cb80	data_ov065_0211cb80	Snufit_SpawnInfo	spawninfo
ov065	0x0211cb80	Snufit_SpawnInfo	g_profile_YUREI_MUCHO	reconstructed profile global; literal ROM ID YUREI_MUCHO+registry role+later EAD lineage; exact SM64DS spelling not preserved
ov065	0x0211cba4	data_ov065_0211cba4	_ZTV6Snufit	vtable alloc=0x3e4
ov065	0x0211cc7c	data_ov065_0211cc7c	Swoop_SpawnInfo	spawninfo
ov065	0x0211cc7c	Swoop_SpawnInfo	g_profile_BASABASA	reconstructed profile global; literal ROM ID BASABASA+registry role+later EAD lineage; exact SM64DS spelling not preserved
ov065	0x0211cca0	data_ov065_0211cca0	_ZTV5Swoop	vtable alloc=0x440
ov065	0x0211cd84	data_ov065_0211cd84	Dorrie_SpawnInfo	spawninfo
ov065	0x0211cd84	Dorrie_SpawnInfo	g_profile_DOSSY	reconstructed profile global; literal ROM ID DOSSY+registry role+later EAD lineage; exact SM64DS spelling not preserved
ov065	0x0211cda0	data_ov065_0211cda0	DorrieCap_SpawnInfo	spawninfo
ov065	0x0211cda0	DorrieCap_SpawnInfo	g_profile_DOSSY_CAP	reconstructed profile global; literal ROM ID DOSSY_CAP+registry role+later EAD lineage; exact SM64DS spelling not preserved
ov065	0x0211cdc4	data_ov065_0211cdc4	_ZTV12daDossyCap_c	vtable alloc=0x184
ov065	0x0211ce48	data_ov065_0211ce48	_ZTV6Dorrie	vtable alloc=?
ov065	0x0211cfe8	data_ov065_0211cfe8	TtcRotatingCube_SpawnInfo	spawninfo
ov065	0x0211cfe8	TtcRotatingCube_SpawnInfo	g_profile_CT_MECHA01	reconstructed profile global; literal ROM ID CT_MECHA01+registry role+later EAD lineage; exact SM64DS spelling not preserved
ov065	0x0211d004	data_ov065_0211d004	TtcRotatingPrism_SpawnInfo	spawninfo
ov065	0x0211d004	TtcRotatingPrism_SpawnInfo	g_profile_CT_MECHA02	reconstructed profile global; literal ROM ID CT_MECHA02+registry role+later EAD lineage; exact SM64DS spelling not preserved
ov065	0x0211d0c8	data_ov065_0211d0c8	g_profile_CT_MECHA03	reconstructed profile global; literal ROM ID CT_MECHA03+registry role+later EAD lineage; exact SM64DS spelling not preserved
ov065	0x0211d028	data_ov065_0211d028	_ZTV15TtcRotatingCube	vtable alloc=0x3d8
ov065	0x0211d1ac	data_ov065_0211d1ac	TtcConveyorBeltSmall_SpawnInfo	spawninfo
ov065	0x0211d1ac	TtcConveyorBeltSmall_SpawnInfo	g_profile_CT_MECHA04S	reconstructed profile global; literal ROM ID CT_MECHA04S+registry role+later EAD lineage; exact SM64DS spelling not preserved
ov065	0x0211d1c8	data_ov065_0211d1c8	TtcConveyorBeltLarge_SpawnInfo	spawninfo
ov065	0x0211d1c8	TtcConveyorBeltLarge_SpawnInfo	g_profile_CT_MECHA04L	reconstructed profile global; literal ROM ID CT_MECHA04L+registry role+later EAD lineage; exact SM64DS spelling not preserved
ov065	0x0211d1ec	data_ov065_0211d1ec	_ZTV16daObjCtMecha04_c	vtable alloc=? (was _ZTV20TtcConveyorBeltLarge)
ov065	0x0211d290	data_ov065_0211d290	TTC_MovingBar_SpawnInfo	spawninfo
ov065	0x0211d290	TTC_MovingBar_SpawnInfo	g_profile_CT_MECHA05	reconstructed profile global; literal ROM ID CT_MECHA05+registry role+later EAD lineage; exact SM64DS spelling not preserved; row recorded retroactively -- the rename reached symbols.txt without a ledger entry
ov065	0x0211d374	data_ov065_0211d374	TtcRotatingGear_SpawnInfo	spawninfo
ov065	0x0211d374	TtcRotatingGear_SpawnInfo	g_profile_CT_MECHA06	reconstructed profile global; literal ROM ID CT_MECHA06+registry role+later EAD lineage; exact SM64DS spelling not preserved
ov065	0x0211d390	data_ov065_0211d390	TtcRotatingTriangle_SpawnInfo	spawninfo
ov065	0x0211d390	TtcRotatingTriangle_SpawnInfo	g_profile_CT_MECHA07	reconstructed profile global; literal ROM ID CT_MECHA07+registry role+later EAD lineage; exact SM64DS spelling not preserved
ov065	0x0211d3b4	data_ov065_0211d3b4	_ZTV13TTC_MovingBar	vtable alloc=0x394
ov065	0x0211d454	data_ov065_0211d454	TtcMovingCubeA_SpawnInfo	spawninfo
ov065	0x0211d454	TtcMovingCubeA_SpawnInfo	g_profile_CT_MECHA08A	reconstructed profile global; literal ROM ID CT_MECHA08A+registry role+later EAD lineage; exact SM64DS spelling not preserved
ov065	0x0211d470	data_ov065_0211d470	TtcMovingCubeB_SpawnInfo	spawninfo
ov065	0x0211d470	TtcMovingCubeB_SpawnInfo	g_profile_CT_MECHA08B	reconstructed profile global; literal ROM ID CT_MECHA08B+registry role+later EAD lineage; exact SM64DS spelling not preserved
ov065	0x0211d494	data_ov065_0211d494	_ZTV15TtcRotatingGear	vtable alloc=0x37c
ov065	0x0211d544	data_ov065_0211d544	TTC_MovingBeam_SpawnInfo	spawninfo
ov065	0x0211d544	TTC_MovingBeam_SpawnInfo	g_profile_CT_MECHA09	reconstructed profile global; literal ROM ID CT_MECHA09+registry role+later EAD lineage; exact SM64DS spelling not preserved
ov065	0x0211d568	data_ov065_0211d568	_ZTV14TTC_MovingBeam	vtable alloc=? (was _ZTV14TtcMovingCubeA)
ov066	0x02115ee0	func_ov066_02115ee0	_ZN6EyerokD1Ev	vtable slot 16
ov066	0x02115f84	func_ov066_02115f84	_ZN6EyerokD0Ev	vtable slot 17
ov066	0x02119654	func_ov066_02119654	_ZN6Eyerok16CleanupResourcesEv	vtable slot 3
ov066	0x021197a0	func_ov066_021197a0	_ZN6Eyerok16OnPendingDestroyEv	vtable slot 12
ov066	0x021197a4	func_ov066_021197a4	_ZN6Eyerok6RenderEv	vtable slot 9
ov066	0x02119838	func_ov066_02119838	_ZN6Eyerok8BehaviorEv	vtable slot 6
ov066	0x02119ce8	func_ov066_02119ce8	_ZN6Eyerok13InitResourcesEv	vtable slot 0
ov066	0x0211a370	func_ov066_0211a370	Eyerok_Spawn	spawnfunc
ov066	0x0211a370	Eyerok_Spawn	daIwante_c_classInit	reconstructed classInit; ROM RTTI+factory shape+unique class factory+later EAD lineage; exact SM64DS spelling not preserved
ov066	0x0211ad40	data_ov066_0211ad40	Eyerok_SpawnInfo	spawninfo
ov066	0x0211ad40	Eyerok_SpawnInfo	g_profile_IWANTE	reconstructed profile global; literal ROM ID IWANTE+registry role+later EAD lineage; exact SM64DS spelling not preserved
ov066	0x0211ad64	data_ov066_0211ad64	_ZTV6Eyerok	vtable alloc=?
ov070	0x0211f000	func_ov070_0211f000	_ZN19daPropeller_Heyho_cD1Ev	vtable slot 16
ov070	0x0211f048	func_ov070_0211f048	_ZN19daPropeller_Heyho_cD0Ev	vtable slot 17
ov070	0x02120150	func_ov070_02120150	_ZN19daPropeller_Heyho_c16CleanupResourcesEv	vtable slot 3
ov070	0x021201bc	func_ov070_021201bc	_ZN19daPropeller_Heyho_c16OnPendingDestroyEv	vtable slot 12
ov070	0x021201c0	func_ov070_021201c0	_ZN19daPropeller_Heyho_c6RenderEv	vtable slot 9
ov070	0x02120210	func_ov070_02120210	_ZN19daPropeller_Heyho_c8BehaviorEv	vtable slot 6
ov070	0x021203b4	func_ov070_021203b4	_ZN19daPropeller_Heyho_c13InitResourcesEv	vtable slot 0
ov070	0x02120520	func_ov070_02120520	FlyGuy_Spawn	spawnfunc
ov070	0x02120520	FlyGuy_Spawn	daPropeller_Heyho_c_classInit	reconstructed classInit; ROM RTTI+factory shape+unique class factory+later EAD lineage; exact SM64DS spelling not preserved
ov070	0x02120570	func_ov070_02120570	_ZN7daBrq_cD1Ev	vtable slot 16; class name from ROM RTTI
ov070	0x021205d0	func_ov070_021205d0	_ZN7daBrq_cD0Ev	vtable slot 17; class name from ROM RTTI
ov070	0x02120644	func_ov070_02120644	_ZN7daBrq_c21HandlePlayerCollisionEv	inferred private helper on ROM-proven class; resolves the collider owner and handles player shock/defeat; body byte-verified
ov070	0x02120724	func_ov070_02120724	_ZN7daBrq_c20UpdateModelTransformEv	inferred private helper on ROM-proven class; updates model, shadow, and collision transforms; body byte-verified
ov070	0x021208a4	func_ov070_021208a4	_ZN7daBrq_c19UpdateDefeatedStateEv	inferred private state update on ROM-proven class; body byte-verified
ov070	0x02120910	func_ov070_02120910	_ZN7daBrq_c18EnterDefeatedStateEv	inferred private state entry on ROM-proven class; body byte-verified
ov070	0x021209e4	func_ov070_021209e4	_ZN7daBrq_c17UpdateActiveStateEv	inferred private state update on ROM-proven class; body byte-verified
ov070	0x02120bf8	func_ov070_02120bf8	_ZN7daBrq_c16EnterActiveStateEv	inferred private state entry on ROM-proven class; body byte-verified
ov070	0x02120cac	func_ov070_02120cac	_ZN7daBrq_c19UpdateCooldownStateEv	inferred private state update on ROM-proven class; body byte-verified
ov070	0x02120ce4	func_ov070_02120ce4	_ZN7daBrq_c18EnterCooldownStateEv	inferred private state entry on ROM-proven class; body byte-verified
ov070	0x02120d34	func_ov070_02120d34	_ZN7daBrq_c11UpdateStateEv	inferred private PMF dispatcher on ROM-proven class; body byte-verified
ov070	0x02120d70	func_ov070_02120d70	_ZN7daBrq_c10EnterStateEv	inferred private PMF dispatcher on ROM-proven class; body byte-verified
ov070	0x02120da8	func_ov070_02120da8	_ZN7daBrq_c8SetStateEi	inferred private state setter on ROM-proven class; signed parameter spelling is not distinguishable from other 32-bit forms; body byte-verified
ov070	0x02120dc4	func_ov070_02120dc4	_ZN7daBrq_c16CleanupResourcesEv	vtable slot 3; class name from ROM RTTI
ov070	0x02120e20	func_ov070_02120e20	_ZN7daBrq_c16OnPendingDestroyEv	vtable slot 12; class name from ROM RTTI
ov070	0x02120e24	func_ov070_02120e24	_ZN7daBrq_c6RenderEv	vtable slot 9; class name from ROM RTTI
ov070	0x02120e8c	func_ov070_02120e8c	_ZN7daBrq_c8BehaviorEv	vtable slot 6; class name from ROM RTTI
ov070	0x02120eec	func_ov070_02120eec	_ZN7daBrq_c13InitResourcesEv	vtable slot 0; class name from ROM RTTI
ov070	0x021210ac	func_ov070_021210ac	Amp_Spawn	spawnfunc; evidence-bounded factory alias constructs the ROM-proven daBrq_c class
ov070	0x021210ac	Amp_Spawn	daBrq_c_classInit	reconstructed classInit; ROM RTTI+factory shape+unique class factory+later EAD lineage; exact SM64DS spelling not preserved
ov070	0x02121118	func_ov070_02121118	_ZN8daKrpa_cD1Ev	vtable slot 16
ov070	0x02121160	func_ov070_02121160	_ZN8daKrpa_cD0Ev	vtable slot 17
ov070	0x0212189c	func_ov070_0212189c	_ZN8daKrpa_c16CleanupResourcesEv	vtable slot 3
ov070	0x021218c0	func_ov070_021218c0	_ZN8daKrpa_c16OnPendingDestroyEv	vtable slot 12
ov070	0x021218c4	func_ov070_021218c4	_ZN8daKrpa_c6RenderEv	vtable slot 9
ov070	0x021218f4	func_ov070_021218f4	_ZN8daKrpa_c8BehaviorEv	vtable slot 6
ov070	0x02121914	func_ov070_02121914	_ZN8daKrpa_c13InitResourcesEv	vtable slot 0
ov070	0x02121af8	func_ov070_02121af8	FlameChomp_Spawn	spawnfunc
ov070	0x02121af8	FlameChomp_Spawn	daKrpa_c_Spawn	prior RTTI-anchored project alias; class identity proven, exact source spelling not preserved
ov070	0x02121af8	daKrpa_c_Spawn	daKrpa_c_classInit	reconstructed classInit; ROM RTTI+factory shape+unique class factory+later EAD lineage; exact SM64DS spelling not preserved
ov070	0x02121b48	func_ov070_02121b48	_ZN8daKpFr_cD1Ev	vtable slot 16
ov070	0x02121b88	func_ov070_02121b88	_ZN8daKpFr_cD0Ev	vtable slot 17
ov070	0x02122060	func_ov070_02122060	_ZN8daKpFr_c16CleanupResourcesEv	vtable slot 3
ov070	0x02122068	func_ov070_02122068	_ZN8daKpFr_c16OnPendingDestroyEv	vtable slot 12
ov070	0x0212206c	func_ov070_0212206c	_ZN8daKpFr_c6RenderEv	vtable slot 9
ov070	0x02122104	func_ov070_02122104	_ZN8daKpFr_c8BehaviorEv	vtable slot 6
ov070	0x02122124	func_ov070_02122124	_ZN8daKpFr_c13InitResourcesEv	vtable slot 0
ov070	0x021221fc	func_ov070_021221fc	FlameChompFire_Spawn	spawnfunc
ov070	0x021221fc	FlameChompFire_Spawn	daKpFr_c_Spawn	prior RTTI-anchored project alias; class identity proven, exact source spelling not preserved
ov070	0x021221fc	daKpFr_c_Spawn	daKpFr_c_classInit	reconstructed classInit; ROM RTTI+factory shape+unique class factory+later EAD lineage; exact SM64DS spelling not preserved
ov070	0x02123144	data_ov070_02123144	FlyGuy_SpawnInfo	spawninfo
ov070	0x02123144	FlyGuy_SpawnInfo	g_profile_PROPELLER_HEYHO	reconstructed profile global; literal ROM ID PROPELLER_HEYHO+registry role+later EAD lineage; exact SM64DS spelling not preserved
ov070	0x02123168	data_ov070_02123168	_ZTV19daPropeller_Heyho_c	vtable alloc=0x3e8
ov070	0x02123254	data_ov070_02123254	Amp_SpawnInfo	spawninfo
ov070	0x02123254	Amp_SpawnInfo	g_profile_BIRIKYU	reconstructed profile global; literal ROM ID BIRIKYU+registry role+later EAD lineage; exact SM64DS spelling not preserved
ov070	0x02123278	data_ov070_02123278	_ZTV7daBrq_c	vtable alloc=0x434; class name from ROM RTTI
ov070	0x0212334c	data_ov070_0212334c	FlameChomp_SpawnInfo	spawninfo
ov070	0x0212334c	FlameChomp_SpawnInfo	daKrpa_c_SpawnInfo	prior class-anchored project alias; exact source spelling not preserved
ov070	0x0212334c	daKrpa_c_SpawnInfo	g_profile_KERONPA	reconstructed profile global; literal ROM ID KERONPA+registry role+later EAD lineage; exact SM64DS spelling not preserved
ov070	0x02123370	data_ov070_02123370	_ZTV8daKrpa_c	vtable alloc=0x3b0
ov070	0x02123424	data_ov070_02123424	FlameChompFire_SpawnInfo	spawninfo
ov070	0x02123424	FlameChompFire_SpawnInfo	daKpFr_c_SpawnInfo	prior class-anchored project alias; exact source spelling not preserved
ov070	0x02123424	daKpFr_c_SpawnInfo	g_profile_KERONPA_FIRE	reconstructed profile global; literal ROM ID KERONPA_FIRE+registry role+later EAD lineage; exact SM64DS spelling not preserved
ov070	0x02123448	data_ov070_02123448	_ZTV8daKpFr_c	vtable alloc=0x330
ov071	0x0211f000	func_ov071_0211f000	_ZN10ScuttlebugD1Ev	vtable slot 16
ov071	0x0211f048	func_ov071_0211f048	_ZN10ScuttlebugD0Ev	vtable slot 17
ov071	0x02120308	func_ov071_02120308	_ZN10Scuttlebug16CleanupResourcesEv	vtable slot 3
ov071	0x02120338	func_ov071_02120338	_ZN10Scuttlebug16OnPendingDestroyEv	vtable slot 12
ov071	0x0212033c	func_ov071_0212033c	_ZN10Scuttlebug6RenderEv	vtable slot 9
ov071	0x02120398	func_ov071_02120398	_ZN10Scuttlebug8BehaviorEv	vtable slot 6
ov071	0x021203f8	func_ov071_021203f8	_ZN10Scuttlebug13InitResourcesEv	vtable slot 0
ov071	0x02120618	func_ov071_02120618	Scuttlebug_Spawn	spawnfunc
ov071	0x02120618	Scuttlebug_Spawn	daSpd_c_classInit	reconstructed classInit; ROM RTTI+factory shape+unique class factory+later EAD lineage; exact SM64DS spelling not preserved
ov071	0x02120668	func_ov071_02120668	_ZN3MrID1Ev	vtable slot 16
ov071	0x021206b0	func_ov071_021206b0	_ZN3MrID0Ev	vtable slot 17
ov071	0x02121650	func_ov071_02121650	_ZN3MrI16CleanupResourcesEv	vtable slot 3
ov071	0x021216b4	func_ov071_021216b4	_ZN3MrI16OnPendingDestroyEv	vtable slot 12
ov071	0x021216b8	func_ov071_021216b8	_ZN3MrI6RenderEv	vtable slot 9
ov071	0x021216ec	func_ov071_021216ec	_ZN3MrI8BehaviorEv	vtable slot 6
ov071	0x02121734	func_ov071_02121734	_ZN3MrI13InitResourcesEv	vtable slot 0
ov071	0x021219cc	func_ov071_021219cc	BigMrI_Spawn	spawnfunc
ov071	0x021219cc	BigMrI_Spawn	daEykn_c_classInit_EYEKUN_BOSS	reconstructed classInit; ROM RTTI+factory shape+unique class factory+later EAD lineage; exact SM64DS spelling not preserved
ov071	0x02121a1c	func_ov071_02121a1c	MrI_Spawn	spawnfunc
ov071	0x02121a1c	MrI_Spawn	daEykn_c_classInit_EYEKUN	reconstructed classInit; ROM RTTI+factory shape+unique class factory+later EAD lineage; exact SM64DS spelling not preserved
ov071	0x02121a6c	func_ov071_02121a6c	_ZN8daEyBm_cD1Ev	vtable slot 16
ov071	0x02121aac	func_ov071_02121aac	_ZN8daEyBm_cD0Ev	vtable slot 17
ov071	0x02121b08	func_ov071_02121b08	_ZN8daEyBm_c18SpawnDestroyEffectEv	inferred private class helper; effect 0x45 then destruction
ov071	0x02121b50	func_ov071_02121b50	_ZN8daEyBm_c15UpdateCollisionER10dBgCh_Actr	inferred private class helper; owned collision update and destroy
ov071	0x02121ba4	func_ov071_02121ba4	_ZN8daEyBm_c10HurtPlayerEv	inferred private class helper; player collision and destroy
ov071	0x02121c6c	func_ov071_02121c6c	_ZN8daEyBm_c12UpdateShadowEv	inferred private class helper; matrix and ground shadow update
ov071	0x02121d08	func_ov071_02121d08	_ZN8daEyBm_c16CleanupResourcesEv	vtable slot 3
ov071	0x02121d10	func_ov071_02121d10	_ZN8daEyBm_c16OnPendingDestroyEv	vtable slot 12
ov071	0x02121d14	func_ov071_02121d14	_ZN8daEyBm_c6RenderEv	vtable slot 9
ov071	0x02121d80	func_ov071_02121d80	_ZN8daEyBm_c8BehaviorEv	vtable slot 6
ov071	0x02121eb4	func_ov071_02121eb4	_ZN8daEyBm_c13InitResourcesEv	vtable slot 0
ov071	0x02121f9c	func_ov071_02121f9c	MrI_Projectile_Spawn	spawnfunc
ov071	0x02121f9c	MrI_Projectile_Spawn	daEyBm_c_classInit	reconstructed classInit; ROM RTTI+factory shape+unique class factory+later EAD lineage; exact SM64DS spelling not preserved
ov071	0x02121fe4	func_ov071_02121fe4	_ZN6CoffinD1Ev	vtable slot 16
ov071	0x02122028	func_ov071_02122028	_ZN6CoffinD0Ev	vtable slot 17
ov071	0x02122460	func_ov071_02122460	_ZN6Coffin16CleanupResourcesEv	vtable slot 3
ov071	0x021224a4	func_ov071_021224a4	_ZN6Coffin6RenderEv	vtable slot 9
ov071	0x021224cc	func_ov071_021224cc	_ZN6Coffin8BehaviorEv	vtable slot 6
ov071	0x0212255c	func_ov071_0212255c	_ZN6Coffin13InitResourcesEv	vtable slot 0
ov071	0x02122670	func_ov071_02122670	Coffin_Spawn	spawnfunc
ov071	0x02122670	Coffin_Spawn	daObjCasket_c_classInit	reconstructed classInit; ROM RTTI+factory shape+unique class factory+later EAD lineage; exact SM64DS spelling not preserved
ov071	0x02122c08	data_ov071_02122c08	Scuttlebug_SpawnInfo	spawninfo
ov071	0x02122c08	Scuttlebug_SpawnInfo	g_profile_SPIDER	reconstructed profile global; literal ROM ID SPIDER+registry role+later EAD lineage; exact SM64DS spelling not preserved
ov071	0x02122c2c	data_ov071_02122c2c	_ZTV10Scuttlebug	vtable alloc=0x3ac
ov071	0x02122cf0	data_ov071_02122cf0	MrI_SpawnInfo	spawninfo
ov071	0x02122cf0	MrI_SpawnInfo	g_profile_EYEKUN	reconstructed profile global; literal ROM ID EYEKUN+registry role+later EAD lineage; exact SM64DS spelling not preserved
ov071	0x02122d0c	data_ov071_02122d0c	BigMrI_SpawnInfo	spawninfo
ov071	0x02122d0c	BigMrI_SpawnInfo	g_profile_EYEKUN_BOSS	reconstructed profile global; literal ROM ID EYEKUN_BOSS+registry role+later EAD lineage; exact SM64DS spelling not preserved
ov071	0x02122d30	data_ov071_02122d30	_ZTV3MrI	vtable alloc=0x218
ov071	0x02122dc4	data_ov071_02122dc4	MrI_Projectile_SpawnInfo	spawninfo
ov071	0x02122dc4	MrI_Projectile_SpawnInfo	g_profile_EYEKUN_BEAM	reconstructed profile global; literal ROM ID EYEKUN_BEAM+registry role+later EAD lineage; exact SM64DS spelling not preserved
ov071	0x02122de8	data_ov071_02122de8	_ZTV8daEyBm_c	vtable alloc=0x334
ov071	0x02122eb0	data_ov071_02122eb0	Coffin_SpawnInfo	spawninfo
ov071	0x02122eb0	Coffin_SpawnInfo	g_profile_CASKET	reconstructed profile global; literal ROM ID CASKET+registry role+later EAD lineage; exact SM64DS spelling not preserved
ov071	0x02122efc	data_ov071_02122efc	_ZTV6Coffin	vtable alloc=0x32c
ov072	0x0211f000	func_ov072_0211f000	_ZN11SnowmanBodyD1Ev	vtable slot 16
ov072	0x0211f048	func_ov072_0211f048	_ZN11SnowmanBodyD0Ev	vtable slot 17
ov072	0x0211fccc	func_ov072_0211fccc	_ZN11SnowmanBody16CleanupResourcesEv	vtable slot 3
ov072	0x0211fcf0	func_ov072_0211fcf0	_ZN11SnowmanBody16OnPendingDestroyEv	vtable slot 12
ov072	0x0211fcf4	func_ov072_0211fcf4	_ZN11SnowmanBody6RenderEv	vtable slot 9
ov072	0x0211fd24	func_ov072_0211fd24	_ZN11SnowmanBody8BehaviorEv	vtable slot 6
ov072	0x0211fd54	func_ov072_0211fd54	_ZN11SnowmanBody13InitResourcesEv	vtable slot 0
ov072	0x0211fedc	func_ov072_0211fedc	SnowmanBody_Spawn	spawnfunc
ov072	0x0211ff34	func_ov072_0211ff34	_ZN11SnowmanHeadD1Ev	vtable slot 16
ov072	0x0211ff7c	func_ov072_0211ff7c	_ZN11SnowmanHeadD0Ev	vtable slot 17
ov072	0x021205f0	func_ov072_021205f0	_ZN11SnowmanHead16CleanupResourcesEv	vtable slot 3
ov072	0x02120634	func_ov072_02120634	_ZN11SnowmanHead16OnPendingDestroyEv	vtable slot 12
ov072	0x02120638	func_ov072_02120638	_ZN11SnowmanHead6RenderEv	vtable slot 9
ov072	0x0212066c	func_ov072_0212066c	_ZN11SnowmanHead8BehaviorEv	vtable slot 6
ov072	0x0212069c	func_ov072_0212069c	_ZN11SnowmanHead13InitResourcesEv	vtable slot 0
ov072	0x021207d4	func_ov072_021207d4	SnowmanHead_Spawn	spawnfunc
ov072	0x02120c58	func_ov072_02120c58	_ZN11BabyPenguinD1Ev	vtable slot 16
ov072	0x02120ca0	func_ov072_02120ca0	_ZN11BabyPenguinD0Ev	vtable slot 17
ov072	0x02121d6c	func_ov072_02121d6c	_ZN11BabyPenguin16CleanupResourcesEv	vtable slot 3
ov072	0x02121db0	func_ov072_02121db0	_ZN11BabyPenguin16OnPendingDestroyEv	vtable slot 12
ov072	0x02121db4	func_ov072_02121db4	_ZN11BabyPenguin6RenderEv	vtable slot 9
ov072	0x02121e08	func_ov072_02121e08	_ZN11BabyPenguin8BehaviorEv	vtable slot 6
ov072	0x02121e84	func_ov072_02121e84	_ZN11BabyPenguin13InitResourcesEv	vtable slot 0
ov072	0x02121fac	func_ov072_02121fac	BabyPenguin_Spawn	spawnfunc
ov072	0x0212279c	data_ov072_0212279c	SnowmanBody_SpawnInfo	spawninfo
ov072	0x021227c0	data_ov072_021227c0	_ZTV11SnowmanBody	vtable alloc=0x3a8
ov072	0x02122898	data_ov072_02122898	SnowmanHead_SpawnInfo	spawninfo
ov072	0x021228bc	data_ov072_021228bc	_ZTV11SnowmanHead	vtable alloc=0x338
ov072	0x02122a6c	data_ov072_02122a6c	BabyPenguin_SpawnInfo	spawninfo
ov072	0x02122a90	data_ov072_02122a90	_ZTV11BabyPenguin	vtable alloc=0x370
ov073	0x0211f000	func_ov073_0211f000	_ZN11ChiefChillyD1Ev	vtable slot 16
ov073	0x0211f098	func_ov073_0211f098	_ZN11ChiefChillyD0Ev	vtable slot 17
ov073	0x021217e0	func_ov073_021217e0	_ZN11ChiefChilly16CleanupResourcesEv	vtable slot 3
ov073	0x0212186c	func_ov073_0212186c	_ZN11ChiefChilly16OnPendingDestroyEv	vtable slot 12
ov073	0x02121870	func_ov073_02121870	_ZN11ChiefChilly6RenderEv	vtable slot 9
ov073	0x021218a0	func_ov073_021218a0	_ZN11ChiefChilly8BehaviorEv	vtable slot 6
ov073	0x02121ccc	func_ov073_02121ccc	_ZN11ChiefChilly13InitResourcesEv	vtable slot 0
ov073	0x02121ec8	func_ov073_02121ec8	ChiefChilly_Spawn	spawnfunc
ov073	0x02121ec8	ChiefChilly_Spawn	daKing_Donketu_c_classInit	reconstructed classInit; ROM RTTI+factory shape+unique class factory+later EAD lineage; exact SM64DS spelling not preserved
ov073	0x02121f90	func_ov073_02121f90	_ZN8CccArenaD1Ev	vtable slot 16
ov073	0x02121fd4	func_ov073_02121fd4	_ZN8CccArenaD0Ev	vtable slot 17
ov073	0x02122464	func_ov073_02122464	_ZN8CccArena16CleanupResourcesEv	vtable slot 3
ov073	0x021224c8	func_ov073_021224c8	_ZN8CccArena6RenderEv	vtable slot 9
ov073	0x021224f0	func_ov073_021224f0	_ZN8CccArena8BehaviorEv	vtable slot 6
ov073	0x02122578	func_ov073_02122578	_ZN8CccArena13InitResourcesEv	vtable slot 0
ov073	0x021227e4	func_ov073_021227e4	CccSmallIce_Spawn	spawnfunc
ov073	0x021227e4	CccSmallIce_Spawn	daObjEwbIce_c_classInit_EWB_ICE_C	reconstructed classInit; ROM RTTI+factory shape+unique class factory+later EAD lineage; exact SM64DS spelling not preserved
ov073	0x02122814	func_ov073_02122814	CccBigIce_Spawn	spawnfunc
ov073	0x02122814	CccBigIce_Spawn	daObjEwbIce_c_classInit_EWB_ICE_B	reconstructed classInit; ROM RTTI+factory shape+unique class factory+later EAD lineage; exact SM64DS spelling not preserved
ov073	0x02122844	func_ov073_02122844	CccArena_Spawn	spawnfunc
ov073	0x02122844	CccArena_Spawn	daObjEwbIce_c_classInit_EWB_ICE_A	reconstructed classInit; ROM RTTI+factory shape+unique class factory+later EAD lineage; exact SM64DS spelling not preserved
ov073	0x0212306c	data_ov073_0212306c	ChiefChilly_SpawnInfo	spawninfo
ov073	0x0212306c	ChiefChilly_SpawnInfo	g_profile_KING_DONKETU	reconstructed profile global; literal ROM ID KING_DONKETU+registry role+later EAD lineage; exact SM64DS spelling not preserved
ov073	0x02123090	data_ov073_02123090	_ZTV11ChiefChilly	vtable alloc=?
ov073	0x02123168	data_ov073_02123168	CccArena_SpawnInfo	spawninfo
ov073	0x02123168	CccArena_SpawnInfo	g_profile_EWB_ICE_A	reconstructed profile global; literal ROM ID EWB_ICE_A+registry role+later EAD lineage; exact SM64DS spelling not preserved
ov073	0x02123184	data_ov073_02123184	CccBigIce_SpawnInfo	spawninfo
ov073	0x02123184	CccBigIce_SpawnInfo	g_profile_EWB_ICE_B	reconstructed profile global; literal ROM ID EWB_ICE_B+registry role+later EAD lineage; exact SM64DS spelling not preserved
ov073	0x021231a0	data_ov073_021231a0	CccSmallIce_SpawnInfo	spawninfo
ov073	0x021231a0	CccSmallIce_SpawnInfo	g_profile_EWB_ICE_C	reconstructed profile global; literal ROM ID EWB_ICE_C+registry role+later EAD lineage; exact SM64DS spelling not preserved
ov073	0x021231e8	data_ov073_021231e8	_ZTV8CccArena	vtable alloc=0x33c
ov074	0x0211f000	func_ov074_0211f000	_ZN8GoombossD1Ev	vtable slot 16
ov074	0x0211f0a0	func_ov074_0211f0a0	_ZN8GoombossD0Ev	vtable slot 17
ov074	0x02121abc	func_ov074_02121abc	_ZN8Goomboss16CleanupResourcesEv	vtable slot 3
ov074	0x02121b70	func_ov074_02121b70	_ZN8Goomboss6RenderEv	vtable slot 9
ov074	0x02121bf0	func_ov074_02121bf0	_ZN8Goomboss8BehaviorEv	vtable slot 6
ov074	0x02121e98	func_ov074_02121e98	_ZN8Goomboss13InitResourcesEv	vtable slot 0
ov074	0x02122764	func_ov074_02122764	ExplosionGoomba_Spawn	spawnfunc
ov074	0x02122764	ExplosionGoomba_Spawn	daKuriKing_c_classInit_KURIKING_VANISH	reconstructed classInit; ROM RTTI+factory shape+unique class factory+later EAD lineage; exact SM64DS spelling not preserved
ov074	0x02122838	func_ov074_02122838	Goomboss_Spawn	spawnfunc
ov074	0x02122838	Goomboss_Spawn	daKuriKing_c_classInit_KURIKING	reconstructed classInit; ROM RTTI+factory shape+unique class factory+later EAD lineage; exact SM64DS spelling not preserved
ov074	0x02122e78	data_ov074_02122e78	Goomboss_SpawnInfo	spawninfo
ov074	0x02122e78	Goomboss_SpawnInfo	g_profile_KURIKING	reconstructed profile global; literal ROM ID KURIKING+registry role+later EAD lineage; exact SM64DS spelling not preserved
ov074	0x02122e94	data_ov074_02122e94	ExplosionGoomba_SpawnInfo	spawninfo
ov074	0x02122e94	ExplosionGoomba_SpawnInfo	g_profile_KURIKING_VANISH	reconstructed profile global; literal ROM ID KURIKING_VANISH+registry role+later EAD lineage; exact SM64DS spelling not preserved
ov074	0x02122eb8	data_ov074_02122eb8	_ZTV8Goomboss	vtable alloc=0x610
ov075	0x02113ee0	func_ov075_02113ee0	_ZN14UnknownVsEntryD1Ev	vtable slot 16
ov075	0x02113f54	func_ov075_02113f54	_ZN14UnknownVsEntryD0Ev	vtable slot 17
ov075	0x02115388	func_ov075_02115388	_ZN14UnknownVsEntry16CleanupResourcesEv	vtable slot 3
ov075	0x021154cc	func_ov075_021154cc	_ZN14UnknownVsEntry6RenderEv	vtable slot 9
ov075	0x0211555c	func_ov075_0211555c	_ZN14UnknownVsEntry8BehaviorEv	vtable slot 6
ov075	0x021156e0	func_ov075_021156e0	_ZN14UnknownVsEntry13InitResourcesEv	vtable slot 0
ov075	0x021159f4	func_ov075_021159f4	UnknownVsEntry_Spawn	spawnfunc
ov075	0x021159f4	UnknownVsEntry_Spawn	dEntObj_c_classInit	reconstructed classInit; ROM RTTI+factory shape+unique class factory+later EAD lineage; exact SM64DS spelling not preserved
ov075	0x0211a740	func_ov075_0211a740	dScEntry_c_classInit_RESULT	reconstructed classInit; ROM RTTI+factory shape+unique class factory+later EAD lineage; exact SM64DS spelling not preserved
ov075	0x0211a854	func_ov075_0211a854	dScEntry_c_classInit_ENTRY	reconstructed classInit; ROM RTTI+factory shape+unique class factory+later EAD lineage; exact SM64DS spelling not preserved
ov075	0x0211c610	data_ov075_0211c610	UnknownVsEntry_SpawnInfo	spawninfo
ov075	0x0211c610	UnknownVsEntry_SpawnInfo	g_profile_ENTRY_OBJECT	reconstructed profile global; literal ROM ID ENTRY_OBJECT+registry role+later EAD lineage; exact SM64DS spelling not preserved
ov075	0x0211c6a0	data_ov075_0211c6a0	_ZTV14UnknownVsEntry	vtable alloc=?
ov075	0x0211c788	data_ov075_0211c788	g_profile_RESULT	reconstructed profile global; literal ROM ID RESULT+registry role+later EAD lineage; exact SM64DS spelling not preserved
ov075	0x0211c880	data_ov075_0211c880	g_profile_ENTRY	reconstructed profile global; literal ROM ID ENTRY+registry role+later EAD lineage; exact SM64DS spelling not preserved
ov077	0x02123740	func_ov077_02123740	_ZN6LakituD1Ev	vtable slot 16
ov077	0x02123798	func_ov077_02123798	_ZN6LakituD0Ev	vtable slot 17
ov077	0x021247a8	func_ov077_021247a8	_ZN6Lakitu16CleanupResourcesEv	vtable slot 3
ov077	0x02124824	func_ov077_02124824	_ZN6Lakitu16OnPendingDestroyEv	vtable slot 12
ov077	0x02124828	func_ov077_02124828	_ZN6Lakitu6RenderEv	vtable slot 9
ov077	0x021248b8	func_ov077_021248b8	_ZN6Lakitu8BehaviorEv	vtable slot 6
ov077	0x02124908	func_ov077_02124908	_ZN6Lakitu13InitResourcesEv	vtable slot 0
ov077	0x02124b04	func_ov077_02124b04	Lakitu_Spawn	spawnfunc
ov077	0x02124b04	Lakitu_Spawn	daJgm_c_classInit	reconstructed classInit; ROM RTTI+factory shape+unique class factory+later EAD lineage; exact SM64DS spelling not preserved
ov077	0x02124b64	func_ov077_02124b64	_ZN5SpinyD1Ev	vtable slot 16
ov077	0x02124bb4	func_ov077_02124bb4	_ZN5SpinyD0Ev	vtable slot 17
ov077	0x02125eb0	func_ov077_02125eb0	_ZN5Spiny16CleanupResourcesEv	vtable slot 3
ov077	0x02125eec	func_ov077_02125eec	_ZN5Spiny16OnPendingDestroyEv	vtable slot 12
ov077	0x02125ef0	func_ov077_02125ef0	_ZN5Spiny6RenderEv	vtable slot 9
ov077	0x02125f68	func_ov077_02125f68	_ZN5Spiny8BehaviorEv	vtable slot 6
ov077	0x02126058	func_ov077_02126058	_ZN5Spiny13InitResourcesEv	vtable slot 0
ov077	0x021261f4	func_ov077_021261f4	Spiny_Spawn	spawnfunc
ov077	0x021261f4	Spiny_Spawn	daTgz_c_classInit	reconstructed classInit; ROM RTTI+factory shape+unique class factory+later EAD lineage; exact SM64DS spelling not preserved
ov077	0x0212624c	func_ov077_0212624c	_ZN7HeaveHoD1Ev	vtable slot 16
ov077	0x0212629c	func_ov077_0212629c	_ZN7HeaveHoD0Ev	vtable slot 17
ov077	0x02126dec	func_ov077_02126dec	_ZN7HeaveHo16CleanupResourcesEv	vtable slot 3
ov077	0x02126e34	func_ov077_02126e34	_ZN7HeaveHo16OnPendingDestroyEv	vtable slot 12
ov077	0x02126e38	func_ov077_02126e38	_ZN7HeaveHo6RenderEv	vtable slot 9
ov077	0x02126e88	func_ov077_02126e88	_ZN7HeaveHo8BehaviorEv	vtable slot 6
ov077	0x0212706c	func_ov077_0212706c	_ZN7HeaveHo13InitResourcesEv	vtable slot 0
ov077	0x021271d4	func_ov077_021271d4	HeaveHo_Spawn	spawnfunc
ov077	0x021271d4	HeaveHo_Spawn	daPopoi_c_classInit	reconstructed classInit; ROM RTTI+factory shape+unique class factory+later EAD lineage; exact SM64DS spelling not preserved
ov077	0x02127848	data_ov077_02127848	Lakitu_SpawnInfo	spawninfo
ov077	0x02127848	Lakitu_SpawnInfo	g_profile_JUGEM	reconstructed profile global; literal ROM ID JUGEM+registry role+later EAD lineage; exact SM64DS spelling not preserved
ov077	0x0212786c	data_ov077_0212786c	_ZTV6Lakitu	vtable alloc=0x420
ov077	0x02127960	data_ov077_02127960	Spiny_SpawnInfo	spawninfo
ov077	0x02127960	Spiny_SpawnInfo	g_profile_TOGEZO	reconstructed profile global; literal ROM ID TOGEZO+registry role+later EAD lineage; exact SM64DS spelling not preserved
ov077	0x02127984	data_ov077_02127984	_ZTV5Spiny	vtable alloc=0x3ec
ov077	0x02127a74	data_ov077_02127a74	HeaveHo_SpawnInfo	spawninfo
ov077	0x02127a74	HeaveHo_SpawnInfo	g_profile_POPOI	reconstructed profile global; literal ROM ID POPOI+registry role+later EAD lineage; exact SM64DS spelling not preserved
ov077	0x02127a98	data_ov077_02127a98	_ZTV7HeaveHo	vtable alloc=?
ov078	0x02123740	func_ov078_02123740	_ZN10KingBobOmbD1Ev	vtable slot 16
ov078	0x02123798	func_ov078_02123798	_ZN10KingBobOmbD0Ev	vtable slot 17
ov078	0x02125ff4	func_ov078_02125ff4	_ZN10KingBobOmb16CleanupResourcesEv	vtable slot 3
ov078	0x021260a8	func_ov078_021260a8	_ZN10KingBobOmb16OnPendingDestroyEv	vtable slot 12
ov078	0x021260ac	func_ov078_021260ac	_ZN10KingBobOmb6RenderEv	vtable slot 9
ov078	0x02126104	func_ov078_02126104	_ZN10KingBobOmb8BehaviorEv	vtable slot 6
ov078	0x02126368	func_ov078_02126368	_ZN10KingBobOmb13InitResourcesEv	vtable slot 0
ov078	0x021265fc	func_ov078_021265fc	KingBobOmb_Spawn	spawnfunc
ov078	0x021265fc	KingBobOmb_Spawn	daBombking_c_classInit	reconstructed classInit; ROM RTTI+factory shape+unique class factory+later EAD lineage; exact SM64DS spelling not preserved
ov078	0x02126e28	data_ov078_02126e28	KingBobOmb_SpawnInfo	spawninfo
ov078	0x02126e28	KingBobOmb_SpawnInfo	g_profile_BOMBKING	reconstructed profile global; literal ROM ID BOMBKING+registry role+later EAD lineage; exact SM64DS spelling not preserved
ov078	0x02126e4c	data_ov078_02126e4c	_ZTV10KingBobOmb	vtable alloc=?
ov079	0x02123740	func_ov079_02123740	_ZN5WhompD1Ev	vtable slot 16
ov079	0x02123798	func_ov079_02123798	_ZN5WhompD0Ev	vtable slot 17
ov079	0x02125eb0	func_ov079_02125eb0	_ZN5Whomp16CleanupResourcesEv	vtable slot 3
ov079	0x02125f78	func_ov079_02125f78	_ZN5Whomp6RenderEv	vtable slot 9
ov079	0x02125fcc	func_ov079_02125fcc	_ZN5Whomp8BehaviorEv	vtable slot 6
ov079	0x02126164	func_ov079_02126164	_ZN5Whomp13InitResourcesEv	vtable slot 0
ov079	0x02126588	func_ov079_02126588	WhompKing_Spawn	spawnfunc
ov079	0x02126588	WhompKing_Spawn	daBtn_c_classInit_BATANKING	reconstructed classInit; ROM RTTI+factory shape+unique class factory+later EAD lineage; exact SM64DS spelling not preserved
ov079	0x021265e8	func_ov079_021265e8	Whomp_Spawn	spawnfunc
ov079	0x021265e8	Whomp_Spawn	daBtn_c_classInit_BATAN	reconstructed classInit; ROM RTTI+factory shape+unique class factory+later EAD lineage; exact SM64DS spelling not preserved
ov079	0x02126648	func_ov079_02126648	_ZN10BulletBillD1Ev	vtable slot 16
ov079	0x02126698	func_ov079_02126698	_ZN10BulletBillD0Ev	vtable slot 17
ov079	0x02126a18	func_ov079_02126a18	_ZN10BulletBill16CleanupResourcesEv	vtable slot 3
ov079	0x02126a48	func_ov079_02126a48	_ZN10BulletBill6RenderEv	vtable slot 9
ov079	0x02126a84	func_ov079_02126a84	_ZN10BulletBill8BehaviorEv	vtable slot 6
ov079	0x02126c44	func_ov079_02126c44	_ZN10BulletBill13InitResourcesEv	vtable slot 0
ov079	0x02126d64	func_ov079_02126d64	BulletBill_Spawn	spawnfunc
ov079	0x02126d64	BulletBill_Spawn	daKlr_c_classInit	reconstructed classInit; ROM RTTI+factory shape+unique class factory+later EAD lineage; exact SM64DS spelling not preserved
ov079	0x021271b4	func_ov079_021271b4	BillBlaster_Spawn	spawnfunc
ov079	0x021271b4	BillBlaster_Spawn	daObjBkKillerdai_c_classInit	reconstructed classInit; ROM RTTI+factory shape+unique class factory+later EAD lineage; exact SM64DS spelling not preserved
ov079	0x021271e4	func_ov079_021271e4	_ZN12FortressWallD1Ev	vtable slot 16
ov079	0x02127228	func_ov079_02127228	_ZN12FortressWallD0Ev	vtable slot 17
ov079	0x02127300	func_ov079_02127300	_ZN12FortressWall16CleanupResourcesEv	vtable slot 3
ov079	0x02127364	func_ov079_02127364	_ZN12FortressWall6RenderEv	vtable slot 9
ov079	0x021273a4	func_ov079_021273a4	_ZN12FortressWall8BehaviorEv	vtable slot 6
ov079	0x02127494	func_ov079_02127494	_ZN12FortressWall13InitResourcesEv	vtable slot 0
ov079	0x0212757c	func_ov079_0212757c	FortressWall_Spawn	spawnfunc
ov079	0x0212757c	FortressWall_Spawn	daObjBk_Kabe_c_classInit_BK_KABE01	reconstructed classInit; ROM RTTI+factory shape+unique class factory+later EAD lineage; exact SM64DS spelling not preserved
ov079	0x021275ac	func_ov079_021275ac	FortressWallBreakable_Spawn	spawnfunc
ov079	0x021275ac	FortressWallBreakable_Spawn	daObjBk_Kabe_c_classInit_BK_KABE00	reconstructed classInit; ROM RTTI+factory shape+unique class factory+later EAD lineage; exact SM64DS spelling not preserved
ov079	0x02127c40	data_ov079_02127c40	WhompKing_SpawnInfo	spawninfo
ov079	0x02127c40	WhompKing_SpawnInfo	g_profile_BATANKING	reconstructed profile global; literal ROM ID BATANKING+registry role+later EAD lineage; exact SM64DS spelling not preserved
ov079	0x02127c5c	data_ov079_02127c5c	Whomp_SpawnInfo	spawninfo
ov079	0x02127c5c	Whomp_SpawnInfo	g_profile_BATAN	reconstructed profile global; literal ROM ID BATAN+registry role+later EAD lineage; exact SM64DS spelling not preserved
ov079	0x02127c80	data_ov079_02127c80	_ZTV5Whomp	vtable alloc=0x610
ov079	0x02127ec4	data_ov079_02127ec4	BulletBill_SpawnInfo	spawninfo
ov079	0x02127ec4	BulletBill_SpawnInfo	g_profile_KILLER	reconstructed profile global; literal ROM ID KILLER+registry role+later EAD lineage; exact SM64DS spelling not preserved
ov079	0x02127ee8	data_ov079_02127ee8	_ZTV10BulletBill	vtable alloc=0x3e0
ov079	0x02127f94	data_ov079_02127f94	BillBlaster_SpawnInfo	spawninfo
ov079	0x02127f94	BillBlaster_SpawnInfo	g_profile_BK_KILLER_DAI	reconstructed profile global; literal ROM ID BK_KILLER_DAI+registry role+later EAD lineage; exact SM64DS spelling not preserved
ov079	0x02128070	data_ov079_02128070	FortressWallBreakable_SpawnInfo	spawninfo
ov079	0x02128070	FortressWallBreakable_SpawnInfo	g_profile_BK_KABE00	reconstructed profile global; literal ROM ID BK_KABE00+registry role+later EAD lineage; exact SM64DS spelling not preserved
ov079	0x0212808c	data_ov079_0212808c	FortressWall_SpawnInfo	spawninfo
ov079	0x0212808c	FortressWall_SpawnInfo	g_profile_BK_KABE01	reconstructed profile global; literal ROM ID BK_KABE01+registry role+later EAD lineage; exact SM64DS spelling not preserved
ov079	0x021280b0	data_ov079_021280b0	_ZTV12FortressWall	vtable alloc=0x324
ov080	0x02123740	func_ov080_02123740	_ZN9MontyMoleD1Ev	vtable slot 16
ov080	0x02123778	func_ov080_02123778	_ZN9MontyMoleD0Ev	vtable slot 17
ov080	0x021237c4	func_ov080_021237c4	_ZN13MontyMoleRockD1Ev	vtable slot 16
ov080	0x02123804	func_ov080_02123804	_ZN13MontyMoleRockD0Ev	vtable slot 17
ov080	0x02124458	func_ov080_02124458	_ZN9MontyMole16CleanupResourcesEv	vtable slot 3
ov080	0x021244b4	func_ov080_021244b4	_ZN13MontyMoleRock16CleanupResourcesEv	vtable slot 3
ov080	0x021244d8	func_ov080_021244d8	_ZN9MontyMole6RenderEv	vtable slot 9
ov080	0x02124500	func_ov080_02124500	_ZN13MontyMoleRock6RenderEv	vtable slot 9
ov080	0x02124530	func_ov080_02124530	_ZN9MontyMole8BehaviorEv	vtable slot 6
ov080	0x0212459c	func_ov080_0212459c	_ZN13MontyMoleRock8BehaviorEv	vtable slot 6
ov080	0x0212478c	func_ov080_0212478c	_ZN9MontyMole13InitResourcesEv	vtable slot 0
ov080	0x021248b4	func_ov080_021248b4	_ZN13MontyMoleRock13InitResourcesEv	vtable slot 0
ov080	0x02124998	func_ov080_02124998	MontyMoleRock_Spawn	spawnfunc
ov080	0x02124998	MontyMoleRock_Spawn	daChoro_Rock_c_classInit	reconstructed classInit; ROM RTTI+factory shape+unique class factory+later EAD lineage; exact SM64DS spelling not preserved
ov080	0x021249e0	func_ov080_021249e0	MontyMole_Spawn	spawnfunc
ov080	0x021249e0	MontyMole_Spawn	daChoropu_c_classInit	reconstructed classInit; ROM RTTI+factory shape+unique class factory+later EAD lineage; exact SM64DS spelling not preserved
ov080	0x02124a20	func_ov080_02124a20	_ZN11CrazedCrateD1Ev	vtable slot 16
ov080	0x02124a68	func_ov080_02124a68	_ZN11CrazedCrateD0Ev	vtable slot 17
ov080	0x02125158	func_ov080_02125158	_ZN11CrazedCrate16CleanupResourcesEv	vtable slot 3
ov080	0x0212517c	func_ov080_0212517c	_ZN11CrazedCrate16OnPendingDestroyEv	vtable slot 12
ov080	0x02125180	func_ov080_02125180	_ZN11CrazedCrate6RenderEv	vtable slot 9
ov080	0x021251cc	func_ov080_021251cc	_ZN11CrazedCrate8BehaviorEv	vtable slot 6
ov080	0x021251ec	func_ov080_021251ec	_ZN11CrazedCrate13InitResourcesEv	vtable slot 0
ov080	0x021253b4	func_ov080_021253b4	CrazedCrate_Spawn	spawnfunc
ov080	0x021253b4	CrazedCrate_Spawn	daBttBk_c_classInit	reconstructed classInit; ROM RTTI+factory shape+unique class factory+later EAD lineage; exact SM64DS spelling not preserved
ov080	0x02126f8c	func_ov080_02126f8c	Painting_Spawn	spawnfunc
ov080	0x02126f8c	Painting_Spawn	daPicGate_c_classInit	reconstructed classInit; ROM RTTI+factory shape+unique class factory+later EAD lineage; exact SM64DS spelling not preserved
ov080	0x02127fec	data_ov080_02127fec	MontyMole_SpawnInfo	spawninfo
ov080	0x02127fec	MontyMole_SpawnInfo	g_profile_CHOROPU	reconstructed profile global; literal ROM ID CHOROPU+registry role+later EAD lineage; exact SM64DS spelling not preserved
ov080	0x02128008	data_ov080_02128008	MontyMoleRock_SpawnInfo	spawninfo
ov080	0x02128008	MontyMoleRock_SpawnInfo	g_profile_CHORO_ROCK	reconstructed profile global; literal ROM ID CHORO_ROCK+registry role+later EAD lineage; exact SM64DS spelling not preserved
ov080	0x0212802c	data_ov080_0212802c	_ZTV13MontyMoleRock	vtable alloc=0x18c
ov080	0x021280b0	data_ov080_021280b0	_ZTV9MontyMole	vtable alloc=0x18c
ov080	0x02128174	data_ov080_02128174	CrazedCrate_SpawnInfo	spawninfo
ov080	0x02128174	CrazedCrate_SpawnInfo	g_profile_BATTA_BLOCK	reconstructed profile global; literal ROM ID BATTA_BLOCK+registry role+later EAD lineage; exact SM64DS spelling not preserved
ov080	0x02128198	data_ov080_02128198	_ZTV11CrazedCrate	vtable alloc=0x378
ov080	0x02128290	data_ov080_02128290	Painting_SpawnInfo	spawninfo
ov080	0x02128290	Painting_SpawnInfo	g_profile_PICTURE_GATE	reconstructed profile global; literal ROM ID PICTURE_GATE+registry role+later EAD lineage; exact SM64DS spelling not preserved
ov081	0x02123740	func_ov081_02123740	_ZN9SpindriftD1Ev	vtable slot 16
ov081	0x02123788	func_ov081_02123788	_ZN9SpindriftD0Ev	vtable slot 17
ov081	0x02123bec	func_ov081_02123bec	_ZN9Spindrift16CleanupResourcesEv	vtable slot 3
ov081	0x02123c1c	func_ov081_02123c1c	_ZN9Spindrift6RenderEv	vtable slot 9
ov081	0x02123c6c	func_ov081_02123c6c	_ZN9Spindrift8BehaviorEv	vtable slot 6
ov081	0x02123ed0	func_ov081_02123ed0	_ZN9Spindrift13InitResourcesEv	vtable slot 0
ov081	0x02124040	func_ov081_02124040	Spindrift_Spawn	spawnfunc
ov081	0x02124040	Spindrift_Spawn	daHuwa_c_classInit	reconstructed classInit; ROM RTTI+factory shape+unique class factory+later EAD lineage; exact SM64DS spelling not preserved
ov081	0x02124090	func_ov081_02124090	_ZN10MrBlizzardD1Ev	vtable slot 16
ov081	0x021240d8	func_ov081_021240d8	_ZN10MrBlizzardD0Ev	vtable slot 17
ov081	0x021257b0	func_ov081_021257b0	_ZN10MrBlizzard16CleanupResourcesEv	vtable slot 3
ov081	0x0212581c	func_ov081_0212581c	_ZN10MrBlizzard16OnPendingDestroyEv	vtable slot 12
ov081	0x02125820	func_ov081_02125820	_ZN10MrBlizzard6RenderEv	vtable slot 9
ov081	0x0212588c	func_ov081_0212588c	_ZN10MrBlizzard8BehaviorEv	vtable slot 6
ov081	0x02125ba0	func_ov081_02125ba0	_ZN10MrBlizzard13InitResourcesEv	vtable slot 0
ov081	0x02125ec0	func_ov081_02125ec0	MrBlizzard_Spawn	spawnfunc
ov081	0x02125ec0	MrBlizzard_Spawn	daSnowman_c_classInit	reconstructed classInit; ROM RTTI+factory shape+unique class factory+later EAD lineage; exact SM64DS spelling not preserved
ov081	0x02125f14	func_ov081_02125f14	_ZN8SnowballD1Ev	vtable slot 16
ov081	0x02125f5c	func_ov081_02125f5c	_ZN8SnowballD0Ev	vtable slot 17
ov081	0x02126298	func_ov081_02126298	_ZN8Snowball16CleanupResourcesEv	vtable slot 3
ov081	0x021262bc	func_ov081_021262bc	_ZN8Snowball16OnPendingDestroyEv	vtable slot 12
ov081	0x021262c0	func_ov081_021262c0	_ZN8Snowball6RenderEv	vtable slot 9
ov081	0x021262ec	func_ov081_021262ec	_ZN8Snowball8BehaviorEv	vtable slot 6
ov081	0x021263b8	func_ov081_021263b8	_ZN8Snowball13InitResourcesEv	vtable slot 0
ov081	0x021264b4	func_ov081_021264b4	Snowball_Spawn	spawnfunc
ov081	0x021264b4	Snowball_Spawn	daSnowball_c_classInit	reconstructed classInit; ROM RTTI+factory shape+unique class factory+later EAD lineage; exact SM64DS spelling not preserved
ov081	0x02126504	func_ov081_02126504	_ZN8MoneybagD1Ev	vtable slot 16
ov081	0x02126554	func_ov081_02126554	_ZN8MoneybagD0Ev	vtable slot 17
ov081	0x02127798	func_ov081_02127798	_ZN8Moneybag16CleanupResourcesEv	vtable slot 3
ov081	0x021277dc	func_ov081_021277dc	_ZN8Moneybag16OnPendingDestroyEv	vtable slot 12
ov081	0x021277e0	func_ov081_021277e0	_ZN8Moneybag6RenderEv	vtable slot 9
ov081	0x02127854	func_ov081_02127854	_ZN8Moneybag8BehaviorEv	vtable slot 6
ov081	0x021278a8	func_ov081_021278a8	_ZN8Moneybag13InitResourcesEv	vtable slot 0
ov081	0x02127adc	func_ov081_02127adc	Moneybag_Spawn	spawnfunc
ov081	0x02127adc	Moneybag_Spawn	daGmch_c_classInit	reconstructed classInit; ROM RTTI+factory shape+unique class factory+later EAD lineage; exact SM64DS spelling not preserved
ov081	0x02127b34	func_ov081_02127b34	_ZN8IceBlockD1Ev	vtable slot 16
ov081	0x02127b80	func_ov081_02127b80	_ZN8IceBlockD0Ev	vtable slot 17
ov081	0x02127d98	func_ov081_02127d98	_ZN8IceBlock16CleanupResourcesEv	vtable slot 3
ov081	0x02127ddc	func_ov081_02127ddc	_ZN8IceBlock6RenderEv	vtable slot 9
ov081	0x02127e1c	func_ov081_02127e1c	_ZN8IceBlock8BehaviorEv	vtable slot 6
ov081	0x02127ff0	func_ov081_02127ff0	_ZN8IceBlock13InitResourcesEv	vtable slot 0
ov081	0x021280a0	func_ov081_021280a0	IceBlock_Spawn	spawnfunc
ov081	0x021280a0	IceBlock_Spawn	daObjIceBlock_c_classInit	reconstructed classInit; ROM RTTI+factory shape+unique class factory+later EAD lineage; exact SM64DS spelling not preserved
ov081	0x02128858	data_ov081_02128858	Spindrift_SpawnInfo	spawninfo
ov081	0x02128858	Spindrift_SpawnInfo	g_profile_HUWAHUWA	reconstructed profile global; literal ROM ID HUWAHUWA+registry role+later EAD lineage; exact SM64DS spelling not preserved
ov081	0x0212887c	data_ov081_0212887c	_ZTV9Spindrift	vtable alloc=0x39c
ov081	0x021289cc	data_ov081_021289cc	MrBlizzard_SpawnInfo	spawninfo
ov081	0x021289cc	MrBlizzard_SpawnInfo	g_profile_SNOWMAN	reconstructed profile global; literal ROM ID SNOWMAN+registry role+later EAD lineage; exact SM64DS spelling not preserved
ov081	0x021289f0	data_ov081_021289f0	_ZTV10MrBlizzard	vtable alloc=?
ov081	0x02128a98	data_ov081_02128a98	Snowball_SpawnInfo	spawninfo
ov081	0x02128a98	Snowball_SpawnInfo	g_profile_SNOWBALL	reconstructed profile global; literal ROM ID SNOWBALL+registry role+later EAD lineage; exact SM64DS spelling not preserved
ov081	0x02128abc	data_ov081_02128abc	_ZTV8Snowball	vtable alloc=0x38c
ov081	0x02128be0	data_ov081_02128be0	Moneybag_SpawnInfo	spawninfo
ov081	0x02128be0	Moneybag_SpawnInfo	g_profile_GAMAGUCHI	reconstructed profile global; literal ROM ID GAMAGUCHI+registry role+later EAD lineage; exact SM64DS spelling not preserved
ov081	0x02128c04	data_ov081_02128c04	_ZTV8Moneybag	vtable alloc=0x3f4
ov081	0x02128ca0	data_ov081_02128ca0	IceBlock_SpawnInfo	spawninfo
ov081	0x02128ca0	IceBlock_SpawnInfo	g_profile_ICE_BLOCK_LL	reconstructed profile global; literal ROM ID ICE_BLOCK_LL+registry role+later EAD lineage; exact SM64DS spelling not preserved
ov081	0x02128cc4	data_ov081_02128cc4	_ZTV8IceBlock	vtable alloc=0x368
ov084	0x02129020	func_ov084_02129020	_ZN7daKrb_cD1Ev	vtable slot 16
ov084	0x02129070	func_ov084_02129070	_ZN7daKrb_cD0Ev	vtable slot 17
ov084	0x0212b510	func_ov084_0212b510	_ZN7daKrb_c16CleanupResourcesEv	vtable slot 3
ov084	0x0212b5b8	func_ov084_0212b5b8	_ZN7daKrb_c16OnPendingDestroyEv	vtable slot 12
ov084	0x0212b5bc	func_ov084_0212b5bc	_ZN7daKrb_c6RenderEv	vtable slot 9
ov084	0x0212b6ec	func_ov084_0212b6ec	_ZN7daKrb_c8BehaviorEv	vtable slot 6
ov084	0x0212bc30	func_ov084_0212bc30	_ZN7daKrb_c13InitResourcesEv	vtable slot 0
ov084	0x0212bff8	func_ov084_0212bff8	GoombaLarge_Spawn	spawnfunc
ov084	0x0212bff8	GoombaLarge_Spawn	daKrb_c_classInit_KURIBO_L	reconstructed classInit; ROM RTTI+factory shape+unique class factory+later EAD lineage; exact SM64DS spelling not preserved
ov084	0x0212c054	func_ov084_0212c054	GoombaSmall_Spawn	spawnfunc
ov084	0x0212c054	GoombaSmall_Spawn	daKrb_c_classInit_KURIBO_S	reconstructed classInit; ROM RTTI+factory shape+unique class factory+later EAD lineage; exact SM64DS spelling not preserved
ov084	0x0212c0b0	func_ov084_0212c0b0	Goomba_Spawn	spawnfunc
ov084	0x0212c0b0	Goomba_Spawn	daKrb_c_classInit_KURIBO	reconstructed classInit; ROM RTTI+factory shape+unique class factory+later EAD lineage; exact SM64DS spelling not preserved
ov084	0x0212c10c	func_ov084_0212c10c	_ZN11BobOmbBuddyD1Ev	vtable slot 16
ov084	0x0212c14c	func_ov084_0212c14c	_ZN11BobOmbBuddyD0Ev	vtable slot 17
ov084	0x0212cf10	func_ov084_0212cf10	_ZN11BobOmbBuddy16CleanupResourcesEv	vtable slot 3
ov084	0x0212cf40	func_ov084_0212cf40	_ZN11BobOmbBuddy6RenderEv	vtable slot 9
ov084	0x0212cf6c	func_ov084_0212cf6c	_ZN11BobOmbBuddy8BehaviorEv	vtable slot 6
ov084	0x0212d028	func_ov084_0212d028	_ZN11BobOmbBuddy13InitResourcesEv	vtable slot 0
ov084	0x0212d200	func_ov084_0212d200	BobOmbBuddy_Spawn	spawnfunc
ov084	0x0212d200	BobOmbBuddy_Spawn	daRedBombhei_c_classInit	reconstructed classInit; ROM RTTI+factory shape+unique class factory+later EAD lineage; exact SM64DS spelling not preserved
ov084	0x0212d248	func_ov084_0212d248	_ZN19FirePiranhaPlantBigD1Ev	vtable slot 16
ov084	0x0212d288	func_ov084_0212d288	_ZN19FirePiranhaPlantBigD0Ev	vtable slot 17
ov084	0x0212e554	func_ov084_0212e554	_ZN19FirePiranhaPlantBig16CleanupResourcesEv	vtable slot 3
ov084	0x0212e5a8	func_ov084_0212e5a8	_ZN19FirePiranhaPlantBig6RenderEv	vtable slot 9
ov084	0x0212e614	func_ov084_0212e614	_ZN19FirePiranhaPlantBig8BehaviorEv	vtable slot 6
ov084	0x0212e774	func_ov084_0212e774	_ZN19FirePiranhaPlantBig13InitResourcesEv	vtable slot 0
ov084	0x0212ea18	func_ov084_0212ea18	FirePiranhaPlant_Spawn	spawnfunc
ov084	0x0212ea18	FirePiranhaPlant_Spawn	daFPkn_c_classInit_PAKUN2	reconstructed classInit; ROM RTTI+factory shape+unique class factory+later EAD lineage; exact SM64DS spelling not preserved
ov084	0x0212ea60	func_ov084_0212ea60	FirePiranhaPlantSmall_Spawn	spawnfunc
ov084	0x0212ea60	FirePiranhaPlantSmall_Spawn	daFPkn_c_classInit_FIREPAKUN_S	reconstructed classInit; ROM RTTI+factory shape+unique class factory+later EAD lineage; exact SM64DS spelling not preserved
ov084	0x0212eaa8	func_ov084_0212eaa8	FirePiranhaPlantBig_Spawn	spawnfunc
ov084	0x0212eaa8	FirePiranhaPlantBig_Spawn	daFPkn_c_classInit_FIREPAKUN	reconstructed classInit; ROM RTTI+factory shape+unique class factory+later EAD lineage; exact SM64DS spelling not preserved
ov084	0x0212eaf0	func_ov084_0212eaf0	_ZN12PiranhaPlantD1Ev	vtable slot 16
ov084	0x0212eb48	func_ov084_0212eb48	_ZN12PiranhaPlantD0Ev	vtable slot 17
ov084	0x0212fc84	func_ov084_0212fc84	_ZN12PiranhaPlant16CleanupResourcesEv	vtable slot 3
ov084	0x0212fcd8	func_ov084_0212fcd8	_ZN12PiranhaPlant16OnPendingDestroyEv	vtable slot 12
ov084	0x0212fcdc	func_ov084_0212fcdc	_ZN12PiranhaPlant6RenderEv	vtable slot 9
ov084	0x0212fd4c	func_ov084_0212fd4c	_ZN12PiranhaPlant8BehaviorEv	vtable slot 6
ov084	0x0212feb4	func_ov084_0212feb4	_ZN12PiranhaPlant13InitResourcesEv	vtable slot 0
ov084	0x02130110	func_ov084_02130110	PiranhaPlant_Spawn	spawnfunc
ov084	0x02130110	PiranhaPlant_Spawn	daPkn_c_classInit	reconstructed classInit; ROM RTTI+factory shape+unique class factory+later EAD lineage; exact SM64DS spelling not preserved
ov084	0x021308ec	data_ov084_021308ec	Goomba_SpawnInfo	spawninfo
ov084	0x021308ec	Goomba_SpawnInfo	g_profile_KURIBO	reconstructed profile global; literal ROM ID KURIBO+registry role+later EAD lineage; exact SM64DS spelling not preserved
ov084	0x02130908	data_ov084_02130908	GoombaSmall_SpawnInfo	spawninfo
ov084	0x02130908	GoombaSmall_SpawnInfo	g_profile_KURIBO_S	reconstructed profile global; literal ROM ID KURIBO_S+registry role+later EAD lineage; exact SM64DS spelling not preserved
ov084	0x02130924	data_ov084_02130924	GoombaLarge_SpawnInfo	spawninfo
ov084	0x02130924	GoombaLarge_SpawnInfo	g_profile_KURIBO_L	reconstructed profile global; literal ROM ID KURIBO_L+registry role+later EAD lineage; exact SM64DS spelling not preserved
ov084	0x02130948	data_ov084_02130948	_ZTV7daKrb_c	vtable alloc=?
ov084	0x02130a14	data_ov084_02130a14	BobOmbBuddy_SpawnInfo	spawninfo
ov084	0x02130a14	BobOmbBuddy_SpawnInfo	g_profile_RED_BOMBHEI	reconstructed profile global; literal ROM ID RED_BOMBHEI+registry role+later EAD lineage; exact SM64DS spelling not preserved
ov084	0x02130a38	data_ov084_02130a38	_ZTV11BobOmbBuddy	vtable alloc=0x1f0
ov084	0x02130acc	data_ov084_02130acc	FirePiranhaPlant_SpawnInfo	spawninfo
ov084	0x02130acc	FirePiranhaPlant_SpawnInfo	g_profile_PAKUN2	reconstructed profile global; literal ROM ID PAKUN2+registry role+later EAD lineage; exact SM64DS spelling not preserved
ov084	0x02130ae8	data_ov084_02130ae8	FirePiranhaPlantBig_SpawnInfo	spawninfo
ov084	0x02130ae8	FirePiranhaPlantBig_SpawnInfo	g_profile_FIREPAKUN	reconstructed profile global; literal ROM ID FIREPAKUN+registry role+later EAD lineage; exact SM64DS spelling not preserved
ov084	0x02130b04	data_ov084_02130b04	FirePiranhaPlantSmall_SpawnInfo	spawninfo
ov084	0x02130b04	FirePiranhaPlantSmall_SpawnInfo	g_profile_FIREPAKUN_S	reconstructed profile global; literal ROM ID FIREPAKUN_S+registry role+later EAD lineage; exact SM64DS spelling not preserved
ov084	0x02130b28	data_ov084_02130b28	_ZTV19FirePiranhaPlantBig	vtable alloc=0x22c
ov084	0x02130c04	data_ov084_02130c04	PiranhaPlant_SpawnInfo	spawninfo
ov084	0x02130c04	PiranhaPlant_SpawnInfo	g_profile_PAKUN	reconstructed profile global; literal ROM ID PAKUN+registry role+later EAD lineage; exact SM64DS spelling not preserved
ov084	0x02130c28	data_ov084_02130c28	_ZTV12PiranhaPlant	vtable alloc=?
ov085	0x02129020	func_ov085_02129020	_ZN4ToadD1Ev	vtable slot 16
ov085	0x02129060	func_ov085_02129060	_ZN4ToadD0Ev	vtable slot 17
ov085	0x021297e8	func_ov085_021297e8	_ZN4Toad16CleanupResourcesEv	vtable slot 3
ov085	0x02129854	func_ov085_02129854	_ZN4Toad6RenderEv	vtable slot 9
ov085	0x02129878	func_ov085_02129878	_ZN4Toad8BehaviorEv	vtable slot 6
ov085	0x02129a7c	func_ov085_02129a7c	_ZN4Toad13InitResourcesEv	vtable slot 0
ov085	0x02129cd0	func_ov085_02129cd0	Toad_Spawn	spawnfunc
ov085	0x02129cd0	Toad_Spawn	daKinopio_c_classInit	reconstructed classInit; ROM RTTI+factory shape+unique class factory+later EAD lineage; exact SM64DS spelling not preserved
ov085	0x02129d18	func_ov085_02129d18	_ZN13PrincessPeachD1Ev	vtable slot 16
ov085	0x02129d60	func_ov085_02129d60	_ZN13PrincessPeachD0Ev	vtable slot 17
ov085	0x0212a4c0	func_ov085_0212a4c0	_ZN13PrincessPeach16CleanupResourcesEv	vtable slot 3
ov085	0x0212a504	func_ov085_0212a504	_ZN13PrincessPeach16OnPendingDestroyEv	vtable slot 12
ov085	0x0212a508	func_ov085_0212a508	_ZN13PrincessPeach6RenderEv	vtable slot 9
ov085	0x0212a52c	func_ov085_0212a52c	_ZN13PrincessPeach8BehaviorEv	vtable slot 6
ov085	0x0212a588	func_ov085_0212a588	_ZN13PrincessPeach13InitResourcesEv	vtable slot 0
ov085	0x0212a684	func_ov085_0212a684	PrincessPeach_Spawn	spawnfunc
ov085	0x0212a684	PrincessPeach_Spawn	daPeach_c_classInit	reconstructed classInit; ROM RTTI+factory shape+unique class factory+later EAD lineage; exact SM64DS spelling not preserved
ov085	0x0212a6d4	func_ov085_0212a6d4	_ZN6RabbitD1Ev	vtable slot 16
ov085	0x0212a724	func_ov085_0212a724	_ZN6RabbitD0Ev	vtable slot 17
ov085	0x0212c004	func_ov085_0212c004	_ZN6Rabbit16CleanupResourcesEv	vtable slot 3
ov085	0x0212c070	func_ov085_0212c070	_ZN6Rabbit16OnPendingDestroyEv	vtable slot 12
ov085	0x0212c074	func_ov085_0212c074	_ZN6Rabbit6RenderEv	vtable slot 9
ov085	0x0212c230	func_ov085_0212c230	_ZN6Rabbit8BehaviorEv	vtable slot 6
ov085	0x0212c7fc	func_ov085_0212c7fc	_ZN6Rabbit13InitResourcesEv	vtable slot 0
ov085	0x0212cc2c	func_ov085_0212cc2c	Rabbit_Spawn	spawnfunc
ov085	0x0212cc2c	Rabbit_Spawn	daMip_c_classInit	reconstructed classInit; ROM RTTI+factory shape+unique class factory+later EAD lineage; exact SM64DS spelling not preserved
ov085	0x0212cc88	func_ov085_0212cc88	_ZN9RabbitKeyD1Ev	vtable slot 16
ov085	0x0212ccc0	func_ov085_0212ccc0	_ZN9RabbitKeyD0Ev	vtable slot 17
ov085	0x0212d374	func_ov085_0212d374	_ZN9RabbitKey16CleanupResourcesEv	vtable slot 3
ov085	0x0212d398	func_ov085_0212d398	_ZN9RabbitKey16OnPendingDestroyEv	vtable slot 12
ov085	0x0212d39c	func_ov085_0212d39c	_ZN9RabbitKey6RenderEv	vtable slot 9
ov085	0x0212d3ec	func_ov085_0212d3ec	_ZN9RabbitKey8BehaviorEv	vtable slot 6
ov085	0x0212d46c	func_ov085_0212d46c	_ZN9RabbitKey13InitResourcesEv	vtable slot 0
ov085	0x0212d4e8	func_ov085_0212d4e8	RabbitKey_Spawn	spawnfunc
ov085	0x0212d4e8	RabbitKey_Spawn	daObj_Mip_Key_c_classInit	reconstructed classInit; ROM RTTI+factory shape+unique class factory+later EAD lineage; exact SM64DS spelling not preserved
ov085	0x0212d528	func_ov085_0212d528	_ZN9LakituBroD1Ev	vtable slot 16
ov085	0x0212d578	func_ov085_0212d578	_ZN9LakituBroD0Ev	vtable slot 17
ov085	0x0212ea90	func_ov085_0212ea90	_ZN9LakituBro16CleanupResourcesEv	vtable slot 3
ov085	0x0212eacc	func_ov085_0212eacc	_ZN9LakituBro16OnPendingDestroyEv	vtable slot 12
ov085	0x0212ead0	func_ov085_0212ead0	_ZN9LakituBro6RenderEv	vtable slot 9
ov085	0x0212eb18	func_ov085_0212eb18	_ZN9LakituBro8BehaviorEv	vtable slot 6
ov085	0x0212ebec	func_ov085_0212ebec	_ZN9LakituBro13InitResourcesEv	vtable slot 0
ov085	0x0212ed54	func_ov085_0212ed54	LakituBro_Spawn	spawnfunc
ov085	0x0212ed54	LakituBro_Spawn	daC_Jugem_c_classInit	reconstructed classInit; ROM RTTI+factory shape+unique class factory+later EAD lineage; exact SM64DS spelling not preserved
ov085	0x0212edac	func_ov085_0212edac	_ZN8WallSignD1Ev	vtable slot 16
ov085	0x0212edf8	func_ov085_0212edf8	_ZN8WallSignD0Ev	vtable slot 17
ov085	0x0212ee58	func_ov085_0212ee58	_ZN8WallSign16CleanupResourcesEv	vtable slot 3
ov085	0x0212ee7c	func_ov085_0212ee7c	_ZN8WallSign6RenderEv	vtable slot 9
ov085	0x0212eea4	func_ov085_0212eea4	_ZN8WallSign8BehaviorEv	vtable slot 6
ov085	0x0212f1b0	func_ov085_0212f1b0	_ZN8WallSign13InitResourcesEv	vtable slot 0
ov085	0x0212f244	func_ov085_0212f244	WallSign_Spawn	spawnfunc
ov085	0x0212f244	WallSign_Spawn	daObjKanban_c_classInit	reconstructed classInit; ROM RTTI+factory shape+unique class factory+later EAD lineage; exact SM64DS spelling not preserved
ov085	0x0212fe6c	data_ov085_0212fe6c	Toad_SpawnInfo	spawninfo
ov085	0x0212fe6c	Toad_SpawnInfo	g_profile_KINOPIO	reconstructed profile global; literal ROM ID KINOPIO+registry role+later EAD lineage; exact SM64DS spelling not preserved
ov085	0x0212feb8	data_ov085_0212feb8	_ZTV4Toad	vtable alloc=0x210
ov085	0x0212ff9c	data_ov085_0212ff9c	PrincessPeach_SpawnInfo	spawninfo
ov085	0x0212ff9c	PrincessPeach_SpawnInfo	g_profile_PEACH_PRINCESS	reconstructed profile global; literal ROM ID PEACH_PRINCESS+registry role+later EAD lineage; exact SM64DS spelling not preserved
ov085	0x0212ffc0	data_ov085_0212ffc0	_ZTV13PrincessPeach	vtable alloc=0x36c
ov085	0x021300d4	data_ov085_021300d4	Rabbit_SpawnInfo	spawninfo
ov085	0x021300d4	Rabbit_SpawnInfo	g_profile_MIP	reconstructed profile global; literal ROM ID MIP+registry role+later EAD lineage; exact SM64DS spelling not preserved
ov085	0x021300f8	data_ov085_021300f8	_ZTV6Rabbit	vtable alloc=?
ov085	0x021301b4	data_ov085_021301b4	RabbitKey_SpawnInfo	spawninfo
ov085	0x021301b4	RabbitKey_SpawnInfo	g_profile_OBJ_MIP_KEY	reconstructed profile global; literal ROM ID OBJ_MIP_KEY+registry role+later EAD lineage; exact SM64DS spelling not preserved
ov085	0x021301d8	data_ov085_021301d8	_ZTV9RabbitKey	vtable alloc=0x1a0
ov085	0x02130320	data_ov085_02130320	LakituBro_SpawnInfo	spawninfo
ov085	0x02130320	LakituBro_SpawnInfo	g_profile_C_JUGEM	reconstructed profile global; literal ROM ID C_JUGEM+registry role+later EAD lineage; exact SM64DS spelling not preserved
ov085	0x02130344	data_ov085_02130344	_ZTV9LakituBro	vtable alloc=0x2e8
ov085	0x021303dc	data_ov085_021303dc	WallSign_SpawnInfo	spawninfo
ov085	0x021303dc	WallSign_SpawnInfo	g_profile_KANBAN	reconstructed profile global; literal ROM ID KANBAN+registry role+later EAD lineage; exact SM64DS spelling not preserved
ov085	0x02130400	data_ov085_02130400	_ZTV8WallSign	vtable alloc=0x368
ov089	0x02130f00	func_ov089_02130f00	_ZN3KeyD1Ev	vtable slot 16
ov089	0x02130f50	func_ov089_02130f50	_ZN3KeyD0Ev	vtable slot 17
ov089	0x02132084	func_ov089_02132084	_ZN3Key16CleanupResourcesEv	vtable slot 3
ov089	0x021320f0	func_ov089_021320f0	_ZN3Key6RenderEv	vtable slot 9
ov089	0x02132194	func_ov089_02132194	_ZN3Key8BehaviorEv	vtable slot 6
ov089	0x021324a4	func_ov089_021324a4	_ZN3Key13InitResourcesEv	vtable slot 0
ov089	0x021327d0	func_ov089_021327d0	LastStar_Spawn	spawnfunc
ov089	0x021327d0	LastStar_Spawn	daObjKey_c_classInit_LAST_STAR	reconstructed classInit; ROM RTTI+factory shape+unique class factory+later EAD lineage; exact SM64DS spelling not preserved
ov089	0x02132828	func_ov089_02132828	Key_Spawn	spawnfunc
ov089	0x02132828	Key_Spawn	daObjKey_c_classInit_OBJ_KEY	reconstructed classInit; ROM RTTI+factory shape+unique class factory+later EAD lineage; exact SM64DS spelling not preserved
ov089	0x02132b68	data_ov089_02132b68	Key_SpawnInfo	spawninfo
ov089	0x02132b68	Key_SpawnInfo	g_profile_OBJ_KEY	reconstructed profile global; literal ROM ID OBJ_KEY+registry role+later EAD lineage; exact SM64DS spelling not preserved
ov089	0x02132b84	data_ov089_02132b84	LastStar_SpawnInfo	spawninfo
ov089	0x02132b84	LastStar_SpawnInfo	g_profile_LAST_STAR	reconstructed profile global; literal ROM ID LAST_STAR+registry role+later EAD lineage; exact SM64DS spelling not preserved
ov089	0x02132ba8	data_ov089_02132ba8	_ZTV3Key	vtable alloc=0x470
ov090	0x02130f00	func_ov090_02130f00	_ZN7SkeeterD1Ev	vtable slot 16
ov090	0x02130f40	func_ov090_02130f40	_ZN7SkeeterD0Ev	vtable slot 17
ov090	0x02131edc	func_ov090_02131edc	_ZN7Skeeter16CleanupResourcesEv	vtable slot 3
ov090	0x02131f30	func_ov090_02131f30	_ZN7Skeeter16OnPendingDestroyEv	vtable slot 12
ov090	0x02131f34	func_ov090_02131f34	_ZN7Skeeter6RenderEv	vtable slot 9
ov090	0x02131f88	func_ov090_02131f88	_ZN7Skeeter8BehaviorEv	vtable slot 6
ov090	0x0213235c	func_ov090_0213235c	_ZN7Skeeter13InitResourcesEv	vtable slot 0
ov090	0x02132654	func_ov090_02132654	Skeeter_Spawn	spawnfunc
ov090	0x02132654	Skeeter_Spawn	daMenbo_c_classInit	reconstructed classInit; ROM RTTI+factory shape+unique class factory+later EAD lineage; exact SM64DS spelling not preserved
ov090	0x0213269c	func_ov090_0213269c	_ZN8MantaRayD1Ev	vtable slot 16
ov090	0x021326dc	func_ov090_021326dc	_ZN8MantaRayD0Ev	vtable slot 17
ov090	0x02132c1c	func_ov090_02132c1c	_ZN8MantaRay16CleanupResourcesEv	vtable slot 3
ov090	0x02132c64	func_ov090_02132c64	_ZN8MantaRay16OnPendingDestroyEv	vtable slot 12
ov090	0x02132c68	func_ov090_02132c68	_ZN8MantaRay6RenderEv	vtable slot 9
ov090	0x02132c94	func_ov090_02132c94	_ZN8MantaRay8BehaviorEv	vtable slot 6
ov090	0x02132e38	func_ov090_02132e38	_ZN8MantaRay13InitResourcesEv	vtable slot 0
ov090	0x02132fe8	func_ov090_02132fe8	MantaRay_Spawn	spawnfunc
ov090	0x02132fe8	MantaRay_Spawn	daManta_c_classInit	reconstructed classInit; ROM RTTI+factory shape+unique class factory+later EAD lineage; exact SM64DS spelling not preserved
ov090	0x02133034	func_ov090_02133034	_ZN10CheepCheepD1Ev	vtable slot 16
ov090	0x02133074	func_ov090_02133074	_ZN10CheepCheepD0Ev	vtable slot 17
ov090	0x021333ac	func_ov090_021333ac	_ZN10CheepCheep16CleanupResourcesEv	vtable slot 3
ov090	0x021333dc	func_ov090_021333dc	_ZN10CheepCheep16OnPendingDestroyEv	vtable slot 12
ov090	0x021333e0	func_ov090_021333e0	_ZN10CheepCheep6RenderEv	vtable slot 9
ov090	0x02133430	func_ov090_02133430	_ZN10CheepCheep8BehaviorEv	vtable slot 6
ov090	0x02133530	func_ov090_02133530	_ZN10CheepCheep13InitResourcesEv	vtable slot 0
ov090	0x02133634	func_ov090_02133634	CheepCheep_Spawn	spawnfunc
ov090	0x02133634	CheepCheep_Spawn	daPukupuku_c_classInit	reconstructed classInit; ROM RTTI+factory shape+unique class factory+later EAD lineage; exact SM64DS spelling not preserved
ov090	0x0213367c	func_ov090_0213367c	_ZN5SharkD1Ev	vtable slot 16
ov090	0x021336bc	func_ov090_021336bc	_ZN5SharkD0Ev	vtable slot 17
ov090	0x02133978	func_ov090_02133978	_ZN5Shark16CleanupResourcesEv	vtable slot 3
ov090	0x021339a8	func_ov090_021339a8	_ZN5Shark16OnPendingDestroyEv	vtable slot 12
ov090	0x021339ac	func_ov090_021339ac	_ZN5Shark6RenderEv	vtable slot 9
ov090	0x021339d8	func_ov090_021339d8	_ZN5Shark8BehaviorEv	vtable slot 6
ov090	0x02133b98	func_ov090_02133b98	_ZN5Shark13InitResourcesEv	vtable slot 0
ov090	0x02133ca0	func_ov090_02133ca0	Shark_Spawn	spawnfunc
ov090	0x02133ca0	Shark_Spawn	daShark_c_classInit	reconstructed classInit; ROM RTTI+factory shape+unique class factory+later EAD lineage; exact SM64DS spelling not preserved
ov090	0x02134144	data_ov090_02134144	Skeeter_SpawnInfo	spawninfo
ov090	0x02134144	Skeeter_SpawnInfo	g_profile_MENBO	reconstructed profile global; literal ROM ID MENBO+registry role+later EAD lineage; exact SM64DS spelling not preserved
ov090	0x02134168	data_ov090_02134168	_ZTV7Skeeter	vtable alloc=0x3b0
ov090	0x02134218	data_ov090_02134218	MantaRay_SpawnInfo	spawninfo
ov090	0x02134218	MantaRay_SpawnInfo	g_profile_MANTA	reconstructed profile global; literal ROM ID MANTA+registry role+later EAD lineage; exact SM64DS spelling not preserved
ov090	0x0213423c	data_ov090_0213423c	_ZTV8MantaRay	vtable alloc=?
ov090	0x02134300	data_ov090_02134300	CheepCheep_SpawnInfo	spawninfo
ov090	0x02134300	CheepCheep_SpawnInfo	g_profile_PUKUPUKU	reconstructed profile global; literal ROM ID PUKUPUKU+registry role+later EAD lineage; exact SM64DS spelling not preserved
ov090	0x02134324	data_ov090_02134324	_ZTV10CheepCheep	vtable alloc=0x388
ov090	0x021343c8	data_ov090_021343c8	Shark_SpawnInfo	spawninfo
ov090	0x021343c8	Shark_SpawnInfo	g_profile_SHARK	reconstructed profile global; literal ROM ID SHARK+registry role+later EAD lineage; exact SM64DS spelling not preserved
ov090	0x021343ec	data_ov090_021343ec	_ZTV5Shark	vtable alloc=0x3a0
ov091	0x02130f00	func_ov091_02130f00	_ZN25RotatingUpDownPlatformUtmD1Ev	vtable slot 16
ov091	0x02130f4c	func_ov091_02130f4c	_ZN25RotatingUpDownPlatformUtmD0Ev	vtable slot 17
ov091	0x02131388	func_ov091_02131388	_ZN25RotatingUpDownPlatformUtm16CleanupResourcesEv	vtable slot 3
ov091	0x02131408	func_ov091_02131408	_ZN25RotatingUpDownPlatformUtm6RenderEv	vtable slot 9
ov091	0x02131468	func_ov091_02131468	_ZN25RotatingUpDownPlatformUtm8BehaviorEv	vtable slot 6
ov091	0x021318f0	func_ov091_021318f0	_ZN25RotatingUpDownPlatformUtm13InitResourcesEv	vtable slot 0
ov091	0x02131ba4	func_ov091_02131ba4	RotatingUpDownPlatformUtm_Spawn	spawnfunc
ov091	0x02131ba4	RotatingUpDownPlatformUtm_Spawn	daObjRotateUpdownLift_c_classInit_HS_UPDOWN_LIFT	reconstructed classInit; ROM RTTI+factory shape+unique class factory+later EAD lineage; exact SM64DS spelling not preserved
ov091	0x02131bdc	func_ov091_02131bdc	RotatingUpDownPlatform_Spawn	spawnfunc
ov091	0x02131bdc	RotatingUpDownPlatform_Spawn	daObjRotateUpdownLift_c_classInit_UPDOWN_LIFT	reconstructed classInit; ROM RTTI+factory shape+unique class factory+later EAD lineage; exact SM64DS spelling not preserved
ov091	0x02131c14	func_ov091_02131c14	_ZN22RotatingUpDownPlatformD1Ev	vtable slot 16
ov091	0x02131c58	func_ov091_02131c58	_ZN22RotatingUpDownPlatformD0Ev	vtable slot 17
ov091	0x0213209c	func_ov091_0213209c	_ZN22RotatingUpDownPlatform16CleanupResourcesEv	vtable slot 3
ov091	0x021320e0	func_ov091_021320e0	_ZN22RotatingUpDownPlatform6RenderEv	vtable slot 9
ov091	0x02132108	func_ov091_02132108	_ZN22RotatingUpDownPlatform8BehaviorEv	vtable slot 6
ov091	0x0213220c	func_ov091_0213220c	_ZN22RotatingUpDownPlatform13InitResourcesEv	vtable slot 0
ov091	0x02132394	func_ov091_02132394	SquareMetalNetLift_Spawn	spawnfunc
ov091	0x02132394	SquareMetalNetLift_Spawn	daLinelift2_c_classInit_KM2_SUSUMU	reconstructed classInit; ROM RTTI+factory shape+unique class factory+later EAD lineage; exact SM64DS spelling not preserved
ov091	0x021323cc	func_ov091_021323cc	ArrowPathLift_Spawn	spawnfunc
ov091	0x021323cc	ArrowPathLift_Spawn	daLinelift2_c_classInit_KM3_LIFT	reconstructed classInit; ROM RTTI+factory shape+unique class factory+later EAD lineage; exact SM64DS spelling not preserved
ov091	0x02132404	func_ov091_02132404	_ZN17SlidingPlatformWfD1Ev	vtable slot 16
ov091	0x02132448	func_ov091_02132448	_ZN17SlidingPlatformWfD0Ev	vtable slot 17
ov091	0x021324a0	func_ov091_021324a0	_ZN17SlidingPlatformWf16CleanupResourcesEv	vtable slot 3
ov091	0x02132504	func_ov091_02132504	_ZN17SlidingPlatformWf6RenderEv	vtable slot 9
ov091	0x0213252c	func_ov091_0213252c	_ZN17SlidingPlatformWf8BehaviorEv	vtable slot 6
ov091	0x021325d4	func_ov091_021325d4	_ZN17SlidingPlatformWf13InitResourcesEv	vtable slot 0
ov091	0x021327e8	func_ov091_021327e8	SlidingPlatformWf_Spawn	spawnfunc
ov091	0x021327e8	SlidingPlatformWf_Spawn	daObjSimpleLift_c_classInit_BK_TRANSBAR	reconstructed classInit; ROM RTTI+factory shape+unique class factory+later EAD lineage; exact SM64DS spelling not preserved
ov091	0x02132818	func_ov091_02132818	SlidingPlatformBfsRectangle_Spawn	spawnfunc
ov091	0x02132818	SlidingPlatformBfsRectangle_Spawn	daObjSimpleLift_c_classInit_KM2_RIFUT02	reconstructed classInit; ROM RTTI+factory shape+unique class factory+later EAD lineage; exact SM64DS spelling not preserved
ov091	0x02132848	func_ov091_02132848	SlidingPlatformBfsSquare_Spawn	spawnfunc
ov091	0x02132848	SlidingPlatformBfsSquare_Spawn	daObjSimpleLift_c_classInit_KM2_RIFUT01	reconstructed classInit; ROM RTTI+factory shape+unique class factory+later EAD lineage; exact SM64DS spelling not preserved
ov091	0x02132878	func_ov091_02132878	SlidingPlatformRr_Spawn	spawnfunc
ov091	0x02132878	SlidingPlatformRr_Spawn	daObjSimpleLift_c_classInit_RC_RIFT01	reconstructed classInit; ROM RTTI+factory shape+unique class factory+later EAD lineage; exact SM64DS spelling not preserved
ov091	0x021328a8	func_ov091_021328a8	SlidingPlatformBsLong_Spawn	spawnfunc
ov091	0x021328a8	SlidingPlatformBsLong_Spawn	daObjSimpleLift_c_classInit_KM3_DERU02	reconstructed classInit; ROM RTTI+factory shape+unique class factory+later EAD lineage; exact SM64DS spelling not preserved
ov091	0x021328d8	func_ov091_021328d8	SlidingPlatformBsWide_Spawn	spawnfunc
ov091	0x021328d8	SlidingPlatformBsWide_Spawn	daObjSimpleLift_c_classInit_KM3_DERU01	reconstructed classInit; ROM RTTI+factory shape+unique class factory+later EAD lineage; exact SM64DS spelling not preserved
ov091	0x02132908	func_ov091_02132908	SlidingPlatformBdw_Spawn	spawnfunc
ov091	0x02132908	SlidingPlatformBdw_Spawn	daObjSimpleLift_c_classInit_KM1_DERU	reconstructed classInit; ROM RTTI+factory shape+unique class factory+later EAD lineage; exact SM64DS spelling not preserved
ov091	0x02132938	func_ov091_02132938	_ZN6ThwompD1Ev	vtable slot 16
ov091	0x02132998	func_ov091_02132998	_ZN6ThwompD0Ev	vtable slot 17
ov091	0x02132ab0	func_ov091_02132ab0	_ZN6Thwomp8BehaviorEv	vtable slot 6
ov091	0x02132c84	func_ov091_02132c84	_ZN6Thwomp13InitResourcesEv	vtable slot 0
ov091	0x02132cb8	func_ov091_02132cb8	Thwomp_Spawn	spawnfunc
ov091	0x02132cb8	Thwomp_Spawn	daDsn_c_classInit	reconstructed classInit; ROM RTTI+factory shape+unique class factory+later EAD lineage; exact SM64DS spelling not preserved
ov091	0x021331b8	func_ov091_021331b8	_ZN11daDsnBase_c16CleanupResourcesEv	vtable slot 3
ov091	0x02133210	func_ov091_02133210	_ZN11daDsnBase_c6RenderEv	vtable slot 9
ov091	0x02133938	func_ov091_02133938	Stump_Spawn	spawnfunc
ov091	0x02133938	Stump_Spawn	daObjPile_c_classInit	reconstructed classInit; ROM RTTI+factory shape+unique class factory+later EAD lineage; exact SM64DS spelling not preserved
ov091	0x02133968	func_ov091_02133968	_ZN6FwooshD1Ev	vtable slot 16 (was _ZN5StumpD1Ev)
ov091	0x021339a8	func_ov091_021339a8	_ZN6FwooshD0Ev	vtable slot 17 (was _ZN5StumpD0Ev)
ov091	0x02134108	func_ov091_02134108	_ZN6Fwoosh16CleanupResourcesEv	vtable slot 3 (was _ZN5Stump16CleanupResourcesEv)
ov091	0x02134180	func_ov091_02134180	_ZN6Fwoosh16OnPendingDestroyEv	vtable slot 12 (was _ZN5Stump16OnPendingDestroyEv)
ov091	0x02134184	func_ov091_02134184	_ZN6Fwoosh6RenderEv	vtable slot 9 (was _ZN5Stump6RenderEv)
ov091	0x021341ec	func_ov091_021341ec	_ZN6Fwoosh8BehaviorEv	vtable slot 6 (was _ZN5Stump8BehaviorEv)
ov091	0x02134324	func_ov091_02134324	_ZN6Fwoosh13InitResourcesEv	vtable slot 0 (was _ZN5Stump13InitResourcesEv)
ov091	0x021344a0	func_ov091_021344a0	Fwoosh_Spawn	spawnfunc
ov091	0x021344a0	Fwoosh_Spawn	daHyuhyu_c_classInit	reconstructed classInit; ROM RTTI+factory shape+unique class factory+later EAD lineage; exact SM64DS spelling not preserved
ov091	0x02134bf8	data_ov091_02134bf8	RotatingUpDownPlatform_SpawnInfo	spawninfo
ov091	0x02134bf8	RotatingUpDownPlatform_SpawnInfo	g_profile_UPDOWN_LIFT	reconstructed profile global; literal ROM ID UPDOWN_LIFT+registry role+later EAD lineage; exact SM64DS spelling not preserved
ov091	0x02134c14	data_ov091_02134c14	RotatingUpDownPlatformUtm_SpawnInfo	spawninfo
ov091	0x02134c14	RotatingUpDownPlatformUtm_SpawnInfo	g_profile_HS_UPDOWN_LIFT	reconstructed profile global; literal ROM ID HS_UPDOWN_LIFT+registry role+later EAD lineage; exact SM64DS spelling not preserved
ov091	0x02134c5c	data_ov091_02134c5c	_ZTV25RotatingUpDownPlatformUtm	vtable alloc=0x3a8
ov091	0x02134e80	data_ov091_02134e80	ArrowPathLift_SpawnInfo	spawninfo
ov091	0x02134e80	ArrowPathLift_SpawnInfo	g_profile_KM3_LIFT	reconstructed profile global; literal ROM ID KM3_LIFT+registry role+later EAD lineage; exact SM64DS spelling not preserved
ov091	0x02134e9c	data_ov091_02134e9c	SquareMetalNetLift_SpawnInfo	spawninfo
ov091	0x02134e9c	SquareMetalNetLift_SpawnInfo	g_profile_KM2_SUSUMU	reconstructed profile global; literal ROM ID KM2_SUSUMU+registry role+later EAD lineage; exact SM64DS spelling not preserved
ov091	0x02134ec0	data_ov091_02134ec0	_ZTV22RotatingUpDownPlatform	vtable alloc=0x3a8
ov091	0x02134f60	data_ov091_02134f60	SlidingPlatformBdw_SpawnInfo	spawninfo
ov091	0x02134f60	SlidingPlatformBdw_SpawnInfo	g_profile_KM1_DERU	reconstructed profile global; literal ROM ID KM1_DERU+registry role+later EAD lineage; exact SM64DS spelling not preserved
ov091	0x02134f7c	data_ov091_02134f7c	SlidingPlatformBsWide_SpawnInfo	spawninfo
ov091	0x02134f7c	SlidingPlatformBsWide_SpawnInfo	g_profile_KM3_DERU01	reconstructed profile global; literal ROM ID KM3_DERU01+registry role+later EAD lineage; exact SM64DS spelling not preserved
ov091	0x02134f98	data_ov091_02134f98	SlidingPlatformBsLong_SpawnInfo	spawninfo
ov091	0x02134f98	SlidingPlatformBsLong_SpawnInfo	g_profile_KM3_DERU02	reconstructed profile global; literal ROM ID KM3_DERU02+registry role+later EAD lineage; exact SM64DS spelling not preserved
ov091	0x02134fb4	data_ov091_02134fb4	SlidingPlatformRr_SpawnInfo	spawninfo
ov091	0x02134fb4	SlidingPlatformRr_SpawnInfo	g_profile_RC_RIFT01	reconstructed profile global; literal ROM ID RC_RIFT01+registry role+later EAD lineage; exact SM64DS spelling not preserved
ov091	0x02134fd0	data_ov091_02134fd0	SlidingPlatformBfsSquare_SpawnInfo	spawninfo
ov091	0x02134fd0	SlidingPlatformBfsSquare_SpawnInfo	g_profile_KM2_RIFUT01	reconstructed profile global; literal ROM ID KM2_RIFUT01+registry role+later EAD lineage; exact SM64DS spelling not preserved
ov091	0x02134fec	data_ov091_02134fec	SlidingPlatformBfsRectangle_SpawnInfo	spawninfo
ov091	0x02134fec	SlidingPlatformBfsRectangle_SpawnInfo	g_profile_KM2_RIFUT02	reconstructed profile global; literal ROM ID KM2_RIFUT02+registry role+later EAD lineage; exact SM64DS spelling not preserved
ov091	0x02135008	data_ov091_02135008	SlidingPlatformWf_SpawnInfo	spawninfo
ov091	0x02135008	SlidingPlatformWf_SpawnInfo	g_profile_BK_TRANSBAR	reconstructed profile global; literal ROM ID BK_TRANSBAR+registry role+later EAD lineage; exact SM64DS spelling not preserved
ov091	0x02135080	data_ov091_02135080	_ZTV17SlidingPlatformWf	vtable alloc=0x330
ov091	0x02135150	data_ov091_02135150	Thwomp_SpawnInfo	spawninfo
ov091	0x02135150	Thwomp_SpawnInfo	g_profile_DOSUN	reconstructed profile global; literal ROM ID DOSUN+registry role+later EAD lineage; exact SM64DS spelling not preserved
ov091	0x02135174	data_ov091_02135174	_ZTV6Thwomp	vtable alloc=0x3a4
ov091	0x02135298	data_ov091_02135298	Stump_SpawnInfo	spawninfo
ov091	0x02135298	Stump_SpawnInfo	g_profile_PILE	reconstructed profile global; literal ROM ID PILE+registry role+later EAD lineage; exact SM64DS spelling not preserved
ov091	0x02135388	data_ov091_02135388	Fwoosh_SpawnInfo	spawninfo
ov091	0x02135388	Fwoosh_SpawnInfo	g_profile_HYUHYU	reconstructed profile global; literal ROM ID HYUHYU+registry role+later EAD lineage; exact SM64DS spelling not preserved
ov091	0x021353ac	data_ov091_021353ac	_ZTV6Fwoosh	vtable alloc=? (was _ZTV5Stump)
ov092	0x02130f00	func_ov092_02130f00	_ZN6ToxBoxD1Ev	vtable slot 16
ov092	0x02130f5c	func_ov092_02130f5c	_ZN6ToxBoxD0Ev	vtable slot 17
ov092	0x02131bd8	func_ov092_02131bd8	_ZN6ToxBox16CleanupResourcesEv	vtable slot 3
ov092	0x02131c1c	func_ov092_02131c1c	_ZN6ToxBox6RenderEv	vtable slot 9
ov092	0x02131c44	func_ov092_02131c44	_ZN6ToxBox8BehaviorEv	vtable slot 6
ov092	0x02131da0	func_ov092_02131da0	_ZN6ToxBox13InitResourcesEv	vtable slot 0
ov092	0x02132018	func_ov092_02132018	ToxBox_Spawn	spawnfunc
ov092	0x02132018	ToxBox_Spawn	daOnms_c_classInit	reconstructed classInit; ROM RTTI+factory shape+unique class factory+later EAD lineage; exact SM64DS spelling not preserved
ov092	0x021322ac	data_ov092_021322ac	ToxBox_SpawnInfo	spawninfo
ov092	0x021322ac	ToxBox_SpawnInfo	g_profile_ONIMASU	reconstructed profile global; literal ROM ID ONIMASU+registry role+later EAD lineage; exact SM64DS spelling not preserved
ov092	0x021322d0	data_ov092_021322d0	_ZTV6ToxBox	vtable alloc=?
ov094	0x02135700	func_ov094_02135700	_ZN10HootTheOwlD1Ev	vtable slot 16
ov094	0x02135748	func_ov094_02135748	_ZN10HootTheOwlD0Ev	vtable slot 17
ov094	0x021363e0	func_ov094_021363e0	_ZN10HootTheOwl16CleanupResourcesEv	vtable slot 3
ov094	0x02136428	func_ov094_02136428	_ZN10HootTheOwl16OnPendingDestroyEv	vtable slot 12
ov094	0x0213642c	func_ov094_0213642c	_ZN10HootTheOwl6RenderEv	vtable slot 9
ov094	0x02136478	func_ov094_02136478	_ZN10HootTheOwl8BehaviorEv	vtable slot 6
ov094	0x02136634	func_ov094_02136634	_ZN10HootTheOwl13InitResourcesEv	vtable slot 0
ov094	0x02136798	func_ov094_02136798	HootTheOwl_Spawn	spawnfunc
ov094	0x02136798	HootTheOwl_Spawn	daOwl_c_classInit	reconstructed classInit; ROM RTTI+factory shape+unique class factory+later EAD lineage; exact SM64DS spelling not preserved
ov094	0x02136a34	data_ov094_02136a34	HootTheOwl_SpawnInfo	spawninfo
ov094	0x02136a34	HootTheOwl_SpawnInfo	g_profile_OWL	reconstructed profile global; literal ROM ID OWL+registry role+later EAD lineage; exact SM64DS spelling not preserved
ov094	0x02136a58	data_ov094_02136a58	_ZTV10HootTheOwl	vtable alloc=0x3f8
ov095	0x02135700	func_ov095_02135700	_ZN9SeesawBobD1Ev	vtable slot 16
ov095	0x02135744	func_ov095_02135744	_ZN9SeesawBobD0Ev	vtable slot 17
ov095	0x021359c4	func_ov095_021359c4	_ZN9SeesawBob16CleanupResourcesEv	vtable slot 3
ov095	0x02135a28	func_ov095_02135a28	_ZN9SeesawBob6RenderEv	vtable slot 9
ov095	0x02135a50	func_ov095_02135a50	_ZN9SeesawBob8BehaviorEv	vtable slot 6
ov095	0x02135b74	func_ov095_02135b74	_ZN9SeesawBob13InitResourcesEv	vtable slot 0
ov095	0x02135ea4	func_ov095_02135ea4	SeesawRr_Spawn	spawnfunc
ov095	0x02135ea4	SeesawRr_Spawn	daObjSeesaw_c_classInit_RC_SEESAW	reconstructed classInit; ROM RTTI+factory shape+unique class factory+later EAD lineage; exact SM64DS spelling not preserved
ov095	0x02135ed4	func_ov095_02135ed4	SeesawBsZigZag_Spawn	spawnfunc
ov095	0x02135ed4	SeesawBsZigZag_Spawn	daObjSeesaw_c_classInit_KM3_YOKOSEESAW	reconstructed classInit; ROM RTTI+factory shape+unique class factory+later EAD lineage; exact SM64DS spelling not preserved
ov095	0x02135f04	func_ov095_02135f04	SeesawBsPlank_Spawn	spawnfunc
ov095	0x02135f04	SeesawBsPlank_Spawn	daObjSeesaw_c_classInit_KM3_SEESAW	reconstructed classInit; ROM RTTI+factory shape+unique class factory+later EAD lineage; exact SM64DS spelling not preserved
ov095	0x02135f34	func_ov095_02135f34	SeesawBfs_Spawn	spawnfunc
ov095	0x02135f34	SeesawBfs_Spawn	daObjSeesaw_c_classInit_KM2_YOKOSEESAW	reconstructed classInit; ROM RTTI+factory shape+unique class factory+later EAD lineage; exact SM64DS spelling not preserved
ov095	0x02135f64	func_ov095_02135f64	SeesawBdw_Spawn	spawnfunc
ov095	0x02135f64	SeesawBdw_Spawn	daObjSeesaw_c_classInit_KM1_SEESAW	reconstructed classInit; ROM RTTI+factory shape+unique class factory+later EAD lineage; exact SM64DS spelling not preserved
ov095	0x02135f94	func_ov095_02135f94	SeesawBob_Spawn	spawnfunc
ov095	0x02135f94	SeesawBob_Spawn	daObjSeesaw_c_classInit_BOMB_SEESAW	reconstructed classInit; ROM RTTI+factory shape+unique class factory+later EAD lineage; exact SM64DS spelling not preserved
ov095	0x02135fc4	func_ov095_02135fc4	SeesawUtm_Spawn	spawnfunc
ov095	0x02135fc4	SeesawUtm_Spawn	daObjSeesaw_c_classInit_SEESAW	reconstructed classInit; ROM RTTI+factory shape+unique class factory+later EAD lineage; exact SM64DS spelling not preserved
ov095	0x02135ff4	func_ov095_02135ff4	_ZN13UpDownLiftBbhD1Ev	vtable slot 16
ov095	0x02136038	func_ov095_02136038	_ZN13UpDownLiftBbhD0Ev	vtable slot 17
ov095	0x0213645c	func_ov095_0213645c	_ZN13UpDownLiftBbh16CleanupResourcesEv	vtable slot 3
ov095	0x021364b0	func_ov095_021364b0	_ZN13UpDownLiftBbh6RenderEv	vtable slot 9
ov095	0x021364d8	func_ov095_021364d8	_ZN13UpDownLiftBbh8BehaviorEv	vtable slot 6
ov095	0x021365d8	func_ov095_021365d8	_ZN13UpDownLiftBbh13InitResourcesEv	vtable slot 0
ov095	0x0213679c	func_ov095_0213679c	UpDownLiftRr_Spawn	spawnfunc
ov095	0x0213679c	UpDownLiftRr_Spawn	daUdlift_c_classInit_RC_RIFT02	reconstructed classInit; ROM RTTI+factory shape+unique class factory+later EAD lineage; exact SM64DS spelling not preserved
ov095	0x021367cc	func_ov095_021367cc	UpDownLiftHmc_Spawn	spawnfunc
ov095	0x021367cc	UpDownLiftHmc_Spawn	daUdlift_c_classInit_UDLIFT	reconstructed classInit; ROM RTTI+factory shape+unique class factory+later EAD lineage; exact SM64DS spelling not preserved
ov095	0x021367fc	func_ov095_021367fc	UpDownLiftBbh_Spawn	spawnfunc
ov095	0x021367fc	UpDownLiftBbh_Spawn	daUdlift_c_classInit_UDLIFT_TERESA	reconstructed classInit; ROM RTTI+factory shape+unique class factory+later EAD lineage; exact SM64DS spelling not preserved
ov095	0x0213682c	func_ov095_0213682c	_ZN12FlamethrowerD1Ev	vtable slot 16
ov095	0x02136884	func_ov095_02136884	_ZN12FlamethrowerD0Ev	vtable slot 17
ov095	0x021368f0	func_ov095_021368f0	_ZN12Flamethrower8BehaviorEv	vtable slot 6
ov095	0x02136d60	func_ov095_02136d60	_ZN12Flamethrower13InitResourcesEv	vtable slot 0
ov095	0x02136ed4	func_ov095_02136ed4	Flamethrower_Spawn	spawnfunc
ov095	0x02136ed4	Flamethrower_Spawn	daObjFlamethrower_c_classInit	reconstructed classInit; ROM RTTI+factory shape+unique class factory+later EAD lineage; exact SM64DS spelling not preserved
ov095	0x021373dc	data_ov095_021373dc	SeesawUtm_SpawnInfo	spawninfo
ov095	0x021373dc	SeesawUtm_SpawnInfo	g_profile_SEESAW	reconstructed profile global; literal ROM ID SEESAW+registry role+later EAD lineage; exact SM64DS spelling not preserved
ov095	0x021373f8	data_ov095_021373f8	SeesawBdw_SpawnInfo	spawninfo
ov095	0x021373f8	SeesawBdw_SpawnInfo	g_profile_KM1_SEESAW	reconstructed profile global; literal ROM ID KM1_SEESAW+registry role+later EAD lineage; exact SM64DS spelling not preserved
ov095	0x02137414	data_ov095_02137414	SeesawBfs_SpawnInfo	spawninfo
ov095	0x02137414	SeesawBfs_SpawnInfo	g_profile_KM2_YOKOSEESAW	reconstructed profile global; literal ROM ID KM2_YOKOSEESAW+registry role+later EAD lineage; exact SM64DS spelling not preserved
ov095	0x02137430	data_ov095_02137430	SeesawBsPlank_SpawnInfo	spawninfo
ov095	0x02137430	SeesawBsPlank_SpawnInfo	g_profile_KM3_SEESAW	reconstructed profile global; literal ROM ID KM3_SEESAW+registry role+later EAD lineage; exact SM64DS spelling not preserved
ov095	0x0213744c	data_ov095_0213744c	SeesawBsZigZag_SpawnInfo	spawninfo
ov095	0x0213744c	SeesawBsZigZag_SpawnInfo	g_profile_KM3_YOKOSEESAW	reconstructed profile global; literal ROM ID KM3_YOKOSEESAW+registry role+later EAD lineage; exact SM64DS spelling not preserved
ov095	0x02137468	data_ov095_02137468	SeesawRr_SpawnInfo	spawninfo
ov095	0x02137468	SeesawRr_SpawnInfo	g_profile_RC_SEESAW	reconstructed profile global; literal ROM ID RC_SEESAW+registry role+later EAD lineage; exact SM64DS spelling not preserved
ov095	0x02137484	data_ov095_02137484	SeesawBob_SpawnInfo	spawninfo
ov095	0x02137484	SeesawBob_SpawnInfo	g_profile_BOMB_SEESAW	reconstructed profile global; literal ROM ID BOMB_SEESAW+registry role+later EAD lineage; exact SM64DS spelling not preserved
ov095	0x021374fc	data_ov095_021374fc	_ZTV9SeesawBob	vtable alloc=0x328
ov095	0x021375cc	data_ov095_021375cc	UpDownLiftBbh_SpawnInfo	spawninfo
ov095	0x021375cc	UpDownLiftBbh_SpawnInfo	g_profile_UDLIFT_TERESA	reconstructed profile global; literal ROM ID UDLIFT_TERESA+registry role+later EAD lineage; exact SM64DS spelling not preserved
ov095	0x021375e8	data_ov095_021375e8	UpDownLiftHmc_SpawnInfo	spawninfo
ov095	0x021375e8	UpDownLiftHmc_SpawnInfo	g_profile_UDLIFT	reconstructed profile global; literal ROM ID UDLIFT+registry role+later EAD lineage; exact SM64DS spelling not preserved
ov095	0x02137604	data_ov095_02137604	UpDownLiftRr_SpawnInfo	spawninfo
ov095	0x02137604	UpDownLiftRr_SpawnInfo	g_profile_RC_RIFT02	reconstructed profile global; literal ROM ID RC_RIFT02+registry role+later EAD lineage; exact SM64DS spelling not preserved
ov095	0x02137628	data_ov095_02137628	_ZTV13UpDownLiftBbh	vtable alloc=0x34c
ov095	0x021376cc	data_ov095_021376cc	Flamethrower_SpawnInfo	spawninfo
ov095	0x021376cc	Flamethrower_SpawnInfo	g_profile_OBJ_FLAMETHROWER	reconstructed profile global; literal ROM ID OBJ_FLAMETHROWER+registry role+later EAD lineage; exact SM64DS spelling not preserved
ov095	0x021376f0	data_ov095_021376f0	_ZTV12Flamethrower	vtable alloc=?
ov096	0x02135700	func_ov096_02135700	_ZN5PokeyD1Ev	vtable slot 16
ov096	0x02135748	func_ov096_02135748	_ZN5PokeyD0Ev	vtable slot 17
ov096	0x02136944	func_ov096_02136944	_ZN5Pokey16CleanupResourcesEv	vtable slot 3
ov096	0x021369b0	func_ov096_021369b0	_ZN5Pokey16OnPendingDestroyEv	vtable slot 12
ov096	0x021369fc	func_ov096_021369fc	_ZN5Pokey6RenderEv	vtable slot 9
ov096	0x02136a50	func_ov096_02136a50	_ZN5Pokey8BehaviorEv	vtable slot 6
ov096	0x02136ab0	func_ov096_02136ab0	_ZN5Pokey13InitResourcesEv	vtable slot 0
ov096	0x02136d10	func_ov096_02136d10	PokeySegment_Spawn	spawnfunc
ov096	0x02136d10	PokeySegment_Spawn	daSanbo_c_classInit_SANBO_BODY	reconstructed classInit; ROM RTTI+factory shape+unique class factory+later EAD lineage; exact SM64DS spelling not preserved
ov096	0x02136d60	func_ov096_02136d60	Pokey_Spawn	spawnfunc
ov096	0x02136d60	Pokey_Spawn	daSanbo_c_classInit_SANBO	reconstructed classInit; ROM RTTI+factory shape+unique class factory+later EAD lineage; exact SM64DS spelling not preserved
ov096	0x02136db0	func_ov096_02136db0	_ZN7TornadoD1Ev	vtable slot 16
ov096	0x02136df8	func_ov096_02136df8	_ZN7TornadoD0Ev	vtable slot 17
ov096	0x021373e4	func_ov096_021373e4	_ZN7Tornado16CleanupResourcesEv	vtable slot 3
ov096	0x02137414	func_ov096_02137414	_ZN7Tornado6RenderEv	vtable slot 9
ov096	0x02137448	func_ov096_02137448	_ZN7Tornado8BehaviorEv	vtable slot 6
ov096	0x02137564	func_ov096_02137564	_ZN7Tornado13InitResourcesEv	vtable slot 0
ov096	0x021376bc	func_ov096_021376bc	Tornado_Spawn	spawnfunc
ov096	0x021376bc	Tornado_Spawn	daTor_c_classInit	reconstructed classInit; ROM RTTI+factory shape+unique class factory+later EAD lineage; exact SM64DS spelling not preserved
ov096	0x02137998	data_ov096_02137998	Pokey_SpawnInfo	spawninfo
ov096	0x02137998	Pokey_SpawnInfo	g_profile_SANBO	reconstructed profile global; literal ROM ID SANBO+registry role+later EAD lineage; exact SM64DS spelling not preserved
ov096	0x021379b4	data_ov096_021379b4	PokeySegment_SpawnInfo	spawninfo
ov096	0x021379b4	PokeySegment_SpawnInfo	g_profile_SANBO_BODY	reconstructed profile global; literal ROM ID SANBO_BODY+registry role+later EAD lineage; exact SM64DS spelling not preserved
ov096	0x021379d8	data_ov096_021379d8	_ZTV5Pokey	vtable alloc=0x3b0
ov096	0x02137a6c	data_ov096_02137a6c	Tornado_SpawnInfo	spawninfo
ov096	0x02137a6c	Tornado_SpawnInfo	g_profile_TORNADO	reconstructed profile global; literal ROM ID TORNADO+registry role+later EAD lineage; exact SM64DS spelling not preserved
ov096	0x02137a90	data_ov096_02137a90	_ZTV7Tornado	vtable alloc=0x370
ov098	0x02137be0	func_ov098_02137be0	_ZN14ArrowSignRightD1Ev	vtable slot 16
ov098	0x02137c2c	func_ov098_02137c2c	_ZN14ArrowSignRightD0Ev	vtable slot 17
ov098	0x02137dbc	func_ov098_02137dbc	_ZN14ArrowSignRight16CleanupResourcesEv	vtable slot 3
ov098	0x02137e20	func_ov098_02137e20	_ZN14ArrowSignRight6RenderEv	vtable slot 9
ov098	0x02137e48	func_ov098_02137e48	_ZN14ArrowSignRight8BehaviorEv	vtable slot 6
ov098	0x02137eec	func_ov098_02137eec	_ZN14ArrowSignRight13InitResourcesEv	vtable slot 0
ov098	0x02137fd0	func_ov098_02137fd0	ArrowSignRight_Spawn	spawnfunc
ov098	0x02137fd0	ArrowSignRight_Spawn	daObjYajirusi_c_classInit_YAJIRUSI_R	reconstructed classInit; ROM RTTI+factory shape+unique class factory+later EAD lineage; exact SM64DS spelling not preserved
ov098	0x02138008	func_ov098_02138008	ArrowSignLeft_Spawn	spawnfunc
ov098	0x02138008	ArrowSignLeft_Spawn	daObjYajirusi_c_classInit_YAJIRUSI_L	reconstructed classInit; ROM RTTI+factory shape+unique class factory+later EAD lineage; exact SM64DS spelling not preserved
ov098	0x02138040	func_ov098_02138040	_ZN5CrateD1Ev	vtable slot 16
ov098	0x021380bc	func_ov098_021380bc	_ZN5CrateD0Ev	vtable slot 17
ov098	0x02139a50	func_ov098_02139a50	_ZN5Crate16CleanupResourcesEv	vtable slot 3
ov098	0x02139aa8	func_ov098_02139aa8	_ZN5Crate6RenderEv	vtable slot 9
ov098	0x02139b0c	func_ov098_02139b0c	_ZN5Crate8BehaviorEv	vtable slot 6
ov098	0x02139d14	func_ov098_02139d14	_ZN5Crate13InitResourcesEv	vtable slot 0
ov098	0x02139f04	func_ov098_02139f04	Crate_Spawn	spawnfunc
ov098	0x02139f04	Crate_Spawn	daObjBlockS_c_classInit	reconstructed classInit; ROM RTTI+factory shape+unique class factory+later EAD lineage; exact SM64DS spelling not preserved
ov098	0x0213a900	func_ov098_0213a900	_ZN6CannonD1Ev	vtable slot 16
ov098	0x0213a938	func_ov098_0213a938	_ZN6CannonD0Ev	vtable slot 17
ov098	0x0213b1d8	func_ov098_0213b1d8	_ZN6Cannon16CleanupResourcesEv	vtable slot 3
ov098	0x0213b214	func_ov098_0213b214	_ZN6Cannon6RenderEv	vtable slot 9
ov098	0x0213b26c	func_ov098_0213b26c	_ZN6Cannon8BehaviorEv	vtable slot 6
ov098	0x0213b2d4	func_ov098_0213b2d4	_ZN6Cannon13InitResourcesEv	vtable slot 0
ov098	0x0213b43c	func_ov098_0213b43c	Cannon_Spawn	spawnfunc
ov098	0x0213b43c	Cannon_Spawn	daCnn_c_classInit	reconstructed classInit; ROM RTTI+factory shape+unique class factory+later EAD lineage; exact SM64DS spelling not preserved
ov098	0x0213b47c	func_ov098_0213b47c	_ZN9WaterBombD1Ev	vtable slot 16
ov098	0x0213b4c4	func_ov098_0213b4c4	_ZN9WaterBombD0Ev	vtable slot 17
ov098	0x0213bb9c	func_ov098_0213bb9c	_ZN9WaterBomb16CleanupResourcesEv	vtable slot 3
ov098	0x0213bbe4	func_ov098_0213bbe4	_ZN9WaterBomb6RenderEv	vtable slot 9
ov098	0x0213bc20	func_ov098_0213bc20	_ZN9WaterBomb8BehaviorEv	vtable slot 6
ov098	0x0213bd14	func_ov098_0213bd14	_ZN9WaterBomb13InitResourcesEv	vtable slot 0
ov098	0x0213bf10	func_ov098_0213bf10	WaterBomb_Spawn	spawnfunc
ov098	0x0213bf10	WaterBomb_Spawn	daWbm_c_classInit	reconstructed classInit; ROM RTTI+factory shape+unique class factory+later EAD lineage; exact SM64DS spelling not preserved
ov098	0x0213c398	data_ov098_0213c398	ArrowSignLeft_SpawnInfo	spawninfo
ov098	0x0213c398	ArrowSignLeft_SpawnInfo	g_profile_YAJIRUSI_L	reconstructed profile global; literal ROM ID YAJIRUSI_L+registry role+later EAD lineage; exact SM64DS spelling not preserved
ov098	0x0213c3b4	data_ov098_0213c3b4	ArrowSignRight_SpawnInfo	spawninfo
ov098	0x0213c3b4	ArrowSignRight_SpawnInfo	g_profile_YAJIRUSI_R	reconstructed profile global; literal ROM ID YAJIRUSI_R+registry role+later EAD lineage; exact SM64DS spelling not preserved
ov098	0x0213c3d8	data_ov098_0213c3d8	_ZTV14ArrowSignRight	vtable alloc=0x380
ov098	0x0213c434	data_ov098_0213c434	MgShellSmash_SpawnInfo	spawninfo
ov098	0x0213c510	data_ov098_0213c510	Crate_SpawnInfo	spawninfo
ov098	0x0213c510	Crate_SpawnInfo	g_profile_BLOCK_S	reconstructed profile global; literal ROM ID BLOCK_S+registry role+later EAD lineage; exact SM64DS spelling not preserved
ov098	0x0213c534	data_ov098_0213c534	_ZTV5Crate	vtable alloc=?
ov098	0x0213c67c	data_ov098_0213c67c	Cannon_SpawnInfo	spawninfo
ov098	0x0213c67c	Cannon_SpawnInfo	g_profile_CANNON	reconstructed profile global; literal ROM ID CANNON+registry role+later EAD lineage; exact SM64DS spelling not preserved
ov098	0x0213c6a0	data_ov098_0213c6a0	_ZTV6Cannon	vtable alloc=0x198
ov098	0x0213c74c	data_ov098_0213c74c	WaterBomb_SpawnInfo	spawninfo
ov098	0x0213c74c	WaterBomb_SpawnInfo	g_profile_WATERBOMB	reconstructed profile global; literal ROM ID WATERBOMB+registry role+later EAD lineage; exact SM64DS spelling not preserved
ov098	0x0213c770	data_ov098_0213c770	_ZTV9WaterBomb	vtable alloc=0x3cc
ov100	0x02140d80	func_ov100_02140d80	_ZN9ButterflyD1Ev	vtable slot 16
ov100	0x02140dd8	func_ov100_02140dd8	_ZN9ButterflyD0Ev	vtable slot 17
ov100	0x02140e44	func_ov100_02140e44	_ZN9Butterfly6State7Ev	PMF table index 7
ov100	0x0214109c	func_ov100_0214109c	_ZN9Butterfly6State6Ev	PMF table index 6
ov100	0x0214117c	func_ov100_0214117c	_ZN9Butterfly6State5Ev	PMF table index 5
ov100	0x021412d8	func_ov100_021412d8	_ZN9Butterfly6State4Ev	PMF table index 4
ov100	0x02141470	func_ov100_02141470	_ZN9Butterfly6State3Ev	PMF table index 3
ov100	0x021415bc	func_ov100_021415bc	_ZN9Butterfly6State2Ev	PMF table index 2
ov100	0x02141800	func_ov100_02141800	_ZN9Butterfly6State1Ev	PMF table index 1
ov100	0x02141848	func_ov100_02141848	_ZN9Butterfly6State0Ev	PMF table index 0
ov100	0x02141988	func_ov100_02141988	_ZN9Butterfly16CleanupResourcesEv	vtable slot 3
ov100	0x021419d0	func_ov100_021419d0	_ZN9Butterfly16OnPendingDestroyEv	vtable slot 12
ov100	0x021419d4	func_ov100_021419d4	_ZN9Butterfly6RenderEv	vtable slot 9
ov100	0x02141a40	func_ov100_02141a40	_ZN9Butterfly8BehaviorEv	vtable slot 6
ov100	0x02141c6c	func_ov100_02141c6c	_ZN9Butterfly13InitResourcesEv	vtable slot 0
ov100	0x02141ea4	func_ov100_02141ea4	Butterfly_Spawn	spawnfunc
ov100	0x02141ea4	Butterfly_Spawn	daBtfly_c_classInit	reconstructed classInit; ROM RTTI+factory shape+unique class factory+later EAD lineage; exact SM64DS spelling not preserved
ov100	0x02141f04	func_ov100_02141f04	_ZN15RollingIronBallD1Ev	vtable slot 16
ov100	0x02141f4c	func_ov100_02141f4c	_ZN15RollingIronBallD0Ev	vtable slot 17
ov100	0x02142d1c	func_ov100_02142d1c	_ZN15RollingIronBall16CleanupResourcesEv	vtable slot 3
ov100	0x02142d5c	func_ov100_02142d5c	_ZN15RollingIronBall6RenderEv	vtable slot 9
ov100	0x02142d98	func_ov100_02142d98	_ZN15RollingIronBall8BehaviorEv	vtable slot 6
ov100	0x02142de0	func_ov100_02142de0	_ZN15RollingIronBall13InitResourcesEv	vtable slot 0
ov100	0x0214316c	func_ov100_0214316c	RollingIronBall_Spawn	spawnfunc
ov100	0x0214316c	RollingIronBall_Spawn	daIbl_c_classInit	reconstructed classInit; ROM RTTI+factory shape+unique class factory+later EAD lineage; exact SM64DS spelling not preserved
ov100	0x021431c4	func_ov100_021431c4	_ZN14UnchainedChompD1Ev	vtable slot 16
ov100	0x02143290	func_ov100_02143290	_ZN14UnchainedChompD0Ev	vtable slot 17
ov100	0x02143cb0	func_ov100_02143cb0	_ZN14UnchainedChomp16CleanupResourcesEv	vtable slot 3
ov100	0x02143d08	func_ov100_02143d08	_ZN14UnchainedChomp16OnPendingDestroyEv	vtable slot 12
ov100	0x02143d0c	func_ov100_02143d0c	_ZN14UnchainedChomp6RenderEv	vtable slot 9
ov100	0x02143d64	func_ov100_02143d64	_ZN14UnchainedChomp8BehaviorEv	vtable slot 6
ov100	0x02144088	func_ov100_02144088	_ZN14UnchainedChomp13InitResourcesEv	vtable slot 0
ov100	0x021442dc	func_ov100_021442dc	UnchainedChomp_Spawn	spawnfunc
ov100	0x021442dc	UnchainedChomp_Spawn	daWanwan2_c_classInit	reconstructed classInit; ROM RTTI+factory shape+unique class factory+later EAD lineage; exact SM64DS spelling not preserved
ov100	0x0214589c	func_ov100_0214589c	Door_Spawn	spawnfunc
ov100	0x0214589c	Door_Spawn	daDoor_c_classInit	reconstructed classInit; ROM RTTI+factory shape+unique class factory+later EAD lineage; exact SM64DS spelling not preserved
ov100	0x021458d4	func_ov100_021458d4	_ZN8StarDoorD1Ev	vtable slot 16 (was _ZN4DoorD1Ev)
ov100	0x02145904	func_ov100_02145904	_ZN8StarDoorD0Ev	vtable slot 17 (was _ZN4DoorD0Ev)
ov100	0x02145fbc	func_ov100_02145fbc	_ZN8StarDoor16CleanupResourcesEv	vtable slot 3 (was _ZN4Door16CleanupResourcesEv)
ov100	0x02145fe0	func_ov100_02145fe0	_ZN8StarDoor16OnPendingDestroyEv	vtable slot 12 (was _ZN4Door16OnPendingDestroyEv)
ov100	0x02145fe4	func_ov100_02145fe4	_ZN8StarDoor6RenderEv	vtable slot 9 (was _ZN4Door6RenderEv)
ov100	0x021460dc	func_ov100_021460dc	_ZN8StarDoor8BehaviorEv	vtable slot 6 (was _ZN4Door8BehaviorEv)
ov100	0x0214612c	func_ov100_0214612c	_ZN8StarDoor13InitResourcesEv	vtable slot 0 (was _ZN4Door13InitResourcesEv)
ov100	0x021461d4	func_ov100_021461d4	StarDoor_Spawn	spawnfunc
ov100	0x021461d4	StarDoor_Spawn	daStarGate_c_classInit	reconstructed classInit; ROM RTTI+factory shape+unique class factory+later EAD lineage; exact SM64DS spelling not preserved
ov100	0x0214620c	func_ov100_0214620c	_ZN4FishD1Ev	vtable slot 16
ov100	0x0214623c	func_ov100_0214623c	_ZN4FishD0Ev	vtable slot 17
ov100	0x02146a98	func_ov100_02146a98	_ZN4Fish16CleanupResourcesEv	vtable slot 3
ov100	0x02146b00	func_ov100_02146b00	_ZN4Fish16OnPendingDestroyEv	vtable slot 12
ov100	0x02146b04	func_ov100_02146b04	_ZN4Fish6RenderEv	vtable slot 9
ov100	0x02146b38	func_ov100_02146b38	_ZN4Fish8BehaviorEv	vtable slot 6
ov100	0x02146c68	func_ov100_02146c68	_ZN4Fish13InitResourcesEv	vtable slot 0
ov100	0x02146d38	func_ov100_02146d38	Fish_Spawn	spawnfunc
ov100	0x02146d38	Fish_Spawn	daFish_c_classInit	reconstructed classInit; ROM RTTI+factory shape+unique class factory+later EAD lineage; exact SM64DS spelling not preserved
ov100	0x02147328	func_ov100_02147328	PathLift_Spawn	spawnfunc
ov100	0x02147328	PathLift_Spawn	daObjPathLift_c_classInit	reconstructed classInit; ROM RTTI+factory shape+unique class factory+later EAD lineage; exact SM64DS spelling not preserved; row recorded retroactively -- the rename reached symbols.txt without a ledger entry
ov100	0x02147e78	data_ov100_02147e78	Butterfly_SpawnInfo	spawninfo
ov100	0x02147e78	Butterfly_SpawnInfo	g_profile_BUTTERFLY	reconstructed profile global; literal ROM ID BUTTERFLY+registry role+later EAD lineage; exact SM64DS spelling not preserved
ov100	0x02147e9c	data_ov100_02147e9c	_ZTV9Butterfly	vtable alloc=0x3f4
ov100	0x02147f58	data_ov100_02147f58	RollingIronBall_SpawnInfo	spawninfo
ov100	0x02147f58	RollingIronBall_SpawnInfo	g_profile_IRONBALL	reconstructed profile global; literal ROM ID IRONBALL+registry role+later EAD lineage; exact SM64DS spelling not preserved
ov100	0x02147f7c	data_ov100_02147f7c	_ZTV15RollingIronBall	vtable alloc=0x3fc
ov100	0x02148030	data_ov100_02148030	UnchainedChomp_SpawnInfo	spawninfo
ov100	0x02148030	UnchainedChomp_SpawnInfo	g_profile_WANWAN2	reconstructed profile global; literal ROM ID WANWAN2+registry role+later EAD lineage; exact SM64DS spelling not preserved
ov100	0x02148054	data_ov100_02148054	_ZTV14UnchainedChomp	vtable alloc=?
ov100	0x02148164	data_ov100_02148164	Door_SpawnInfo	spawninfo
ov100	0x02148164	Door_SpawnInfo	g_profile_DOOR	reconstructed profile global; literal ROM ID DOOR+registry role+later EAD lineage; exact SM64DS spelling not preserved
ov100	0x021483a8	data_ov100_021483a8	StarDoor_SpawnInfo	spawninfo
ov100	0x021483a8	StarDoor_SpawnInfo	g_profile_STAR_GATE	reconstructed profile global; literal ROM ID STAR_GATE+registry role+later EAD lineage; exact SM64DS spelling not preserved
ov100	0x021483cc	data_ov100_021483cc	_ZTV8StarDoor	vtable alloc=? (was _ZTV4Door)
ov100	0x02148498	data_ov100_02148498	Fish_SpawnInfo	spawninfo
ov100	0x02148498	Fish_SpawnInfo	g_profile_FISH	reconstructed profile global; literal ROM ID FISH+registry role+later EAD lineage; exact SM64DS spelling not preserved
ov100	0x021484bc	data_ov100_021484bc	_ZTV4Fish	vtable alloc=0x160
ov100	0x02148558	data_ov100_02148558	PathLift_SpawnInfo	spawninfo
ov100	0x02148558	PathLift_SpawnInfo	g_profile_PATH_LIFT	reconstructed profile global; literal ROM ID PATH_LIFT+registry role+later EAD lineage; exact SM64DS spelling not preserved; row recorded retroactively -- the rename reached symbols.txt without a ledger entry
ov102	0x02148a80	func_ov102_02148a80	_ZN13FortressTowerD1Ev	vtable slot 16
ov102	0x02148ac4	func_ov102_02148ac4	_ZN13FortressTowerD0Ev	vtable slot 17
ov102	0x02148b1c	func_ov102_02148b1c	_ZN13FortressTower16CleanupResourcesEv	vtable slot 3
ov102	0x02148b80	func_ov102_02148b80	_ZN13FortressTower6RenderEv	vtable slot 9
ov102	0x02148ba8	func_ov102_02148ba8	_ZN13FortressTower8BehaviorEv	vtable slot 6
ov102	0x02148c94	func_ov102_02148c94	_ZN13FortressTower13InitResourcesEv	vtable slot 0
ov102	0x02148e9c	func_ov102_02148e9c	RopeBarrier_Spawn	spawnfunc
ov102	0x02148e9c	RopeBarrier_Spawn	daObjSimpleBg_c_classInit_MC_HAZAD	reconstructed classInit; ROM RTTI+factory shape+unique class factory+later EAD lineage; exact SM64DS spelling not preserved
ov102	0x02148ecc	func_ov102_02148ecc	CgStairs_Spawn	spawnfunc
ov102	0x02148ecc	CgStairs_Spawn	daObjSimpleBg_c_classInit_MC_DODAI	reconstructed classInit; ROM RTTI+factory shape+unique class factory+later EAD lineage; exact SM64DS spelling not preserved
ov102	0x02148efc	func_ov102_02148efc	WarpPipe_Spawn	spawnfunc
ov102	0x02148efc	WarpPipe_Spawn	daObjSimpleBg_c_classInit_DOKAN	reconstructed classInit; ROM RTTI+factory shape+unique class factory+later EAD lineage; exact SM64DS spelling not preserved
ov102	0x02148f2c	func_ov102_02148f2c	FortressTower_Spawn	spawnfunc
ov102	0x02148f2c	FortressTower_Spawn	daObjSimpleBg_c_classInit_BK_TOWER	reconstructed classInit; ROM RTTI+factory shape+unique class factory+later EAD lineage; exact SM64DS spelling not preserved
ov102	0x02148f5c	func_ov102_02148f5c	RockTriangle_Spawn	spawnfunc
ov102	0x02148f5c	RockTriangle_Spawn	daObjSimpleBg_c_classInit_KI_HASIRA_DAI	reconstructed classInit; ROM RTTI+factory shape+unique class factory+later EAD lineage; exact SM64DS spelling not preserved
ov102	0x02148f8c	func_ov102_02148f8c	StaticRock_Spawn	spawnfunc
ov102	0x02148f8c	StaticRock_Spawn	daObjSimpleBg_c_classInit_KI_IWA	reconstructed classInit; ROM RTTI+factory shape+unique class factory+later EAD lineage; exact SM64DS spelling not preserved
ov102	0x02148fbc	func_ov102_02148fbc	_ZN13QuestionBlockD1Ev	vtable slot 16
ov102	0x02149010	func_ov102_02149010	_ZN13QuestionBlockD0Ev	vtable slot 17
ov102	0x0214a08c	func_ov102_0214a08c	_ZN13QuestionBlock16CleanupResourcesEv	vtable slot 3
ov102	0x0214a2ac	func_ov102_0214a2ac	_ZN13QuestionBlock6RenderEv	vtable slot 9
ov102	0x0214a32c	func_ov102_0214a32c	_ZN13QuestionBlock8BehaviorEv	vtable slot 6
ov102	0x0214a4a4	func_ov102_0214a4a4	_ZN13QuestionBlock13InitResourcesEv	vtable slot 0
ov102	0x0214a7ec	func_ov102_0214a7ec	CapBlockWario_Spawn	spawnfunc
ov102	0x0214a7ec	CapBlockWario_Spawn	daObjHatenaBlock_c_classInit_CAP_BLOCK_W	reconstructed classInit; ROM RTTI+factory shape+unique class factory+later EAD lineage; exact SM64DS spelling not preserved
ov102	0x0214a82c	func_ov102_0214a82c	CapBlockLuigi_Spawn	spawnfunc
ov102	0x0214a82c	CapBlockLuigi_Spawn	daObjHatenaBlock_c_classInit_CAP_BLOCK_L	reconstructed classInit; ROM RTTI+factory shape+unique class factory+later EAD lineage; exact SM64DS spelling not preserved
ov102	0x0214a86c	func_ov102_0214a86c	CapBlockMario_Spawn	spawnfunc
ov102	0x0214a86c	CapBlockMario_Spawn	daObjHatenaBlock_c_classInit_CAP_BLOCK_M	reconstructed classInit; ROM RTTI+factory shape+unique class factory+later EAD lineage; exact SM64DS spelling not preserved
ov102	0x0214a8ac	func_ov102_0214a8ac	ExclamationBlock_Spawn	spawnfunc
ov102	0x0214a8ac	ExclamationBlock_Spawn	daObjHatenaBlock_c_classInit_ITEM_BLOCK	reconstructed classInit; ROM RTTI+factory shape+unique class factory+later EAD lineage; exact SM64DS spelling not preserved
ov102	0x0214a8ec	func_ov102_0214a8ec	QuestionBlock_Spawn	spawnfunc
ov102	0x0214a8ec	QuestionBlock_Spawn	daObjHatenaBlock_c_classInit_HATENA_BLOCK	reconstructed classInit; ROM RTTI+factory shape+unique class factory+later EAD lineage; exact SM64DS spelling not preserved
ov102	0x0214a92c	func_ov102_0214a92c	ExclamationBlockVs_Spawn	spawnfunc
ov102	0x0214a92c	ExclamationBlockVs_Spawn	daObjHatenaBlock_c_classInit_VS_ITEM_BLOCK	reconstructed classInit; ROM RTTI+factory shape+unique class factory+later EAD lineage; exact SM64DS spelling not preserved
ov102	0x0214a96c	func_ov102_0214a96c	_ZN6BobOmbD1Ev	vtable slot 16
ov102	0x0214a9b4	func_ov102_0214a9b4	_ZN6BobOmbD0Ev	vtable slot 17
ov102	0x0214c12c	func_ov102_0214c12c	_ZN6BobOmb16CleanupResourcesEv	vtable slot 3
ov102	0x0214c168	func_ov102_0214c168	_ZN6BobOmb6RenderEv	vtable slot 9
ov102	0x0214c1bc	func_ov102_0214c1bc	_ZN6BobOmb8BehaviorEv	vtable slot 6
ov102	0x0214c510	func_ov102_0214c510	_ZN6BobOmb13InitResourcesEv	vtable slot 0
ov102	0x0214c6f8	func_ov102_0214c6f8	BobOmb_Spawn	spawnfunc
ov102	0x0214c6f8	BobOmb_Spawn	daBmb_c_classInit	reconstructed classInit; ROM RTTI+factory shape+unique class factory+later EAD lineage; exact SM64DS spelling not preserved
ov102	0x0214c748	func_ov102_0214c748	_ZN10KoopaShellD1Ev	vtable slot 16
ov102	0x0214c798	func_ov102_0214c798	_ZN10KoopaShellD0Ev	vtable slot 17
ov102	0x0214d248	func_ov102_0214d248	_ZN10KoopaShell16CleanupResourcesEv	vtable slot 3
ov102	0x0214d274	func_ov102_0214d274	_ZN10KoopaShell16OnPendingDestroyEv	vtable slot 12
ov102	0x0214d278	func_ov102_0214d278	_ZN10KoopaShell6RenderEv	vtable slot 9
ov102	0x0214d2e8	func_ov102_0214d2e8	_ZN10KoopaShell8BehaviorEv	vtable slot 6
ov102	0x0214d54c	func_ov102_0214d54c	_ZN10KoopaShell13InitResourcesEv	vtable slot 0
ov102	0x0214d6b4	func_ov102_0214d6b4	KoopaShell_Spawn	spawnfunc
ov102	0x0214d6b4	KoopaShell_Spawn	daShl_c_classInit	reconstructed classInit; ROM RTTI+factory shape+unique class factory+later EAD lineage; exact SM64DS spelling not preserved
ov102	0x0214e0e0	data_ov102_0214e0e0	StaticRock_SpawnInfo	spawninfo
ov102	0x0214e0e0	StaticRock_SpawnInfo	g_profile_KI_IWA	reconstructed profile global; literal ROM ID KI_IWA+registry role+later EAD lineage; exact SM64DS spelling not preserved
ov102	0x0214e0fc	data_ov102_0214e0fc	RockTriangle_SpawnInfo	spawninfo
ov102	0x0214e0fc	RockTriangle_SpawnInfo	g_profile_KI_HASIRA_DAI	reconstructed profile global; literal ROM ID KI_HASIRA_DAI+registry role+later EAD lineage; exact SM64DS spelling not preserved
ov102	0x0214e118	data_ov102_0214e118	FortressTower_SpawnInfo	spawninfo
ov102	0x0214e118	FortressTower_SpawnInfo	g_profile_BK_TOWER	reconstructed profile global; literal ROM ID BK_TOWER+registry role+later EAD lineage; exact SM64DS spelling not preserved
ov102	0x0214e134	data_ov102_0214e134	WarpPipe_SpawnInfo	spawninfo
ov102	0x0214e134	WarpPipe_SpawnInfo	g_profile_DOKAN	reconstructed profile global; literal ROM ID DOKAN+registry role+later EAD lineage; exact SM64DS spelling not preserved
ov102	0x0214e150	data_ov102_0214e150	CgStairs_SpawnInfo	spawninfo
ov102	0x0214e150	CgStairs_SpawnInfo	g_profile_MC_DODAI	reconstructed profile global; literal ROM ID MC_DODAI+registry role+later EAD lineage; exact SM64DS spelling not preserved
ov102	0x0214e16c	data_ov102_0214e16c	RopeBarrier_SpawnInfo	spawninfo
ov102	0x0214e16c	RopeBarrier_SpawnInfo	g_profile_MC_HAZAD	reconstructed profile global; literal ROM ID MC_HAZAD+registry role+later EAD lineage; exact SM64DS spelling not preserved
ov102	0x0214e1d8	data_ov102_0214e1d8	_ZTV13FortressTower	vtable alloc=0x320
ov102	0x0214e3cc	data_ov102_0214e3cc	ExclamationBlockVs_SpawnInfo	spawninfo
ov102	0x0214e3cc	ExclamationBlockVs_SpawnInfo	g_profile_VS_ITEM_BLOCK	reconstructed profile global; literal ROM ID VS_ITEM_BLOCK+registry role+later EAD lineage; exact SM64DS spelling not preserved
ov102	0x0214e3e8	data_ov102_0214e3e8	QuestionBlock_SpawnInfo	spawninfo
ov102	0x0214e3e8	QuestionBlock_SpawnInfo	g_profile_HATENA_BLOCK	reconstructed profile global; literal ROM ID HATENA_BLOCK+registry role+later EAD lineage; exact SM64DS spelling not preserved
ov102	0x0214e404	data_ov102_0214e404	ExclamationBlock_SpawnInfo	spawninfo
ov102	0x0214e404	ExclamationBlock_SpawnInfo	g_profile_ITEM_BLOCK	reconstructed profile global; literal ROM ID ITEM_BLOCK+registry role+later EAD lineage; exact SM64DS spelling not preserved
ov102	0x0214e420	data_ov102_0214e420	CapBlockMario_SpawnInfo	spawninfo
ov102	0x0214e420	CapBlockMario_SpawnInfo	g_profile_CAP_BLOCK_M	reconstructed profile global; literal ROM ID CAP_BLOCK_M+registry role+later EAD lineage; exact SM64DS spelling not preserved
ov102	0x0214e43c	data_ov102_0214e43c	CapBlockLuigi_SpawnInfo	spawninfo
ov102	0x0214e43c	CapBlockLuigi_SpawnInfo	g_profile_CAP_BLOCK_L	reconstructed profile global; literal ROM ID CAP_BLOCK_L+registry role+later EAD lineage; exact SM64DS spelling not preserved
ov102	0x0214e458	data_ov102_0214e458	CapBlockWario_SpawnInfo	spawninfo
ov102	0x0214e458	CapBlockWario_SpawnInfo	g_profile_CAP_BLOCK_W	reconstructed profile global; literal ROM ID CAP_BLOCK_W+registry role+later EAD lineage; exact SM64DS spelling not preserved
ov102	0x0214e47c	data_ov102_0214e47c	_ZTV13QuestionBlock	vtable alloc=0x3f8
ov102	0x0214e534	data_ov102_0214e534	BobOmb_SpawnInfo	spawninfo
ov102	0x0214e534	BobOmb_SpawnInfo	g_profile_BOMBHEI	reconstructed profile global; literal ROM ID BOMBHEI+registry role+later EAD lineage; exact SM64DS spelling not preserved
ov102	0x0214e558	data_ov102_0214e558	_ZTV6BobOmb	vtable alloc=0x400
ov102	0x0214e62c	data_ov102_0214e62c	KoopaShell_SpawnInfo	spawninfo
ov102	0x0214e62c	KoopaShell_SpawnInfo	g_profile_SHELL	reconstructed profile global; literal ROM ID SHELL+registry role+later EAD lineage; exact SM64DS spelling not preserved
ov102	0x0214e650	data_ov102_0214e650	_ZTV10KoopaShell	vtable alloc=0x3e0
ov072	0x0211f0a4	func_ov072_0211f0a4	_ZN11SnowmanBody18IsPlayerNearCenterEv	SnowmanBody TU helper; direct class-only calls
ov072	0x0211f158	func_ov072_0211f158	_ZN11SnowmanBody15UpdateRollAngleEv	SnowmanBody TU helper; direct class-only calls
ov072	0x0211f1dc	func_ov072_0211f1dc	_ZN11SnowmanBody11AdvancePathEv	SnowmanBody TU helper; direct class-only calls
ov072	0x0211f280	func_ov072_0211f280	_ZN11SnowmanBody10HurtPlayerEv	SnowmanBody TU helper; direct class-only calls
ov072	0x0211f330	func_ov072_0211f330	_ZN11SnowmanBody21UpdateGroundCollisionEP10dBgCh_Actr	SnowmanBody TU helper; r0 owner and r1 collision object
ov072	0x0211f3e4	func_ov072_0211f3e4	_ZN11SnowmanBody11UpdateModelEv	SnowmanBody TU helper; direct class-only calls
ov072	0x0211f48c	func_ov072_0211f48c	_ZN11SnowmanBody6State5Ev	PMF state table behavior index 5
ov072	0x0211f578	func_ov072_0211f578	_ZN11SnowmanBody10InitState5Ev	PMF state table entry index 5
ov072	0x0211f598	func_ov072_0211f598	_ZN11SnowmanBody6State4Ev	PMF state table behavior index 4
ov072	0x0211f63c	func_ov072_0211f63c	_ZN11SnowmanBody10InitState4Ev	PMF state table entry index 4
ov072	0x0211f65c	func_ov072_0211f65c	_ZN11SnowmanBody6State3Ev	PMF state table behavior index 3
ov072	0x0211f804	func_ov072_0211f804	_ZN11SnowmanBody10InitState3Ev	PMF state table entry index 3
ov072	0x0211f81c	func_ov072_0211f81c	_ZN11SnowmanBody6State2Ev	PMF state table behavior index 2
ov072	0x0211f9c4	func_ov072_0211f9c4	_ZN11SnowmanBody10InitState2Ev	PMF state table entry index 2
ov072	0x0211fa08	func_ov072_0211fa08	_ZN11SnowmanBody6State1Ev	PMF state table behavior index 1
ov072	0x0211faf0	func_ov072_0211faf0	_ZN11SnowmanBody10InitState1Ev	PMF state table entry index 1
ov072	0x0211fb14	func_ov072_0211fb14	_ZN11SnowmanBody6State0Ev	PMF state table behavior index 0
ov072	0x0211fb7c	func_ov072_0211fb7c	_ZN11SnowmanBody10InitState0Ev	PMF state table entry index 0
ov072	0x0211fc3c	func_ov072_0211fc3c	_ZN11SnowmanBody17CallStateBehaviorEv	PMF dispatches second entry in current state pair
ov072	0x0211fc78	func_ov072_0211fc78	_ZN11SnowmanBody13CallStateInitEv	PMF dispatches first entry in current state pair
ov072	0x0211fcb0	func_ov072_0211fcb0	_ZN11SnowmanBody8SetStateEi	indexes six-pair PMF table at state times 0x10
ov072	0x0211fedc	SnowmanBody_Spawn	daBgSnmBdy_c_classInit	reconstructed classInit; ROM RTTI+factory shape+unique class factory+later EAD lineage; exact SM64DS spelling not preserved
ov072	0x0211ffd8	func_ov072_0211ffd8	_ZN11SnowmanHead11UpdateModelEv	SnowmanHead TU helper; direct lifecycle callers
ov072	0x0212001c	func_ov072_0212001c	_ZN11SnowmanHead6State3Ev	PMF state table behavior index 3
ov072	0x02120180	func_ov072_02120180	_ZN11SnowmanHead10InitState3Ev	PMF state table entry index 3
ov072	0x021201d4	func_ov072_021201d4	_ZN11SnowmanHead6State2Ev	PMF state table behavior index 2
ov072	0x02120308	func_ov072_02120308	_ZN11SnowmanHead10InitState2Ev	PMF state table entry index 2
ov072	0x02120358	func_ov072_02120358	_ZN11SnowmanHead6State1Ev	PMF state table behavior index 1
ov072	0x02120430	func_ov072_02120430	_ZN11SnowmanHead10InitState1Ev	PMF state table entry index 1
ov072	0x02120450	func_ov072_02120450	_ZN11SnowmanHead6State0Ev	PMF state table behavior index 0
ov072	0x02120514	func_ov072_02120514	_ZN11SnowmanHead10InitState0Ev	PMF state table entry index 0
ov072	0x02120560	func_ov072_02120560	_ZN11SnowmanHead17CallStateBehaviorEv	PMF dispatches second entry in current state pair
ov072	0x0212059c	func_ov072_0212059c	_ZN11SnowmanHead13CallStateInitEv	PMF dispatches first entry in current state pair
ov072	0x021205d4	func_ov072_021205d4	_ZN11SnowmanHead8SetStateEi	indexes four-pair PMF table at state times 0x10
ov072	0x021207d4	SnowmanHead_Spawn	daBgSnmHed_c_classInit	reconstructed classInit; ROM RTTI+factory shape+unique class factory+later EAD lineage; exact SM64DS spelling not preserved
ov072	0x02121fac	BabyPenguin_Spawn	daPgBby_c_classInit	reconstructed classInit; ROM RTTI+factory shape+unique class factory+later EAD lineage; exact SM64DS spelling not preserved
ov072	0x0212279c	SnowmanBody_SpawnInfo	g_profile_BIG_SNOWMAN_BODY	reconstructed profile global; literal ROM ID BIG_SNOWMAN_BODY+registry role+later EAD lineage; exact SM64DS spelling not preserved
ov072	0x02122898	SnowmanHead_SpawnInfo	g_profile_BIG_SNOWMAN_HEAD	reconstructed profile global; literal ROM ID BIG_SNOWMAN_HEAD+registry role+later EAD lineage; exact SM64DS spelling not preserved
ov072	0x02122a6c	BabyPenguin_SpawnInfo	g_profile_PENGUIN_BABY	reconstructed profile global; literal ROM ID PENGUIN_BABY+registry role+later EAD lineage; exact SM64DS spelling not preserved
ov085	0x02129dbc	func_ov085_02129dbc	_ZN13PrincessPeach12UpdateLookAtEv	inferred helper ownership: only PrincessPeach::Behavior caller; this offsets
ov085	0x02129ebc	func_ov085_02129ebc	_ZN13PrincessPeach21UpdateGroundCollisionEP10dBgCh_Actr	inferred helper ownership: PrincessPeach state callers; dBgCh member
ov085	0x02129fdc	func_ov085_02129fdc	_ZN13PrincessPeach11UpdateModelEv	inferred helper ownership: PrincessPeach lifecycle callers; this offsets
ov085	0x0212a0b8	func_ov085_0212a0b8	_ZN13PrincessPeach10InitState0Ev	PMF table state 0 first entry
ov085	0x0212a0e8	func_ov085_0212a0e8	_ZN13PrincessPeach6State0Ev	PMF table state 0 second entry
ov085	0x0212a148	func_ov085_0212a148	_ZN13PrincessPeach6State2Ev	PMF table state 2 second entry
ov085	0x0212a150	func_ov085_0212a150	_ZN13PrincessPeach10InitState2Ev	PMF table state 2 first entry
ov085	0x0212a19c	func_ov085_0212a19c	_ZN13PrincessPeach10InitState4Ev	PMF table state 4 first entry
ov085	0x0212a1d4	func_ov085_0212a1d4	_ZN13PrincessPeach6State1Ev	PMF table state 1 second entry
ov085	0x0212a220	func_ov085_0212a220	_ZN13PrincessPeach6State3Ev	PMF table state 3 second entry
ov085	0x0212a328	func_ov085_0212a328	_ZN13PrincessPeach10InitState1Ev	PMF table state 1 first entry
ov085	0x0212a37c	func_ov085_0212a37c	_ZN13PrincessPeach10InitState3Ev	PMF table state 3 first entry
ov085	0x0212a3ec	func_ov085_0212a3ec	_ZN13PrincessPeach6State4Ev	PMF table state 4 second entry
ov085	0x0212a430	func_ov085_0212a430	_ZN13PrincessPeach17CallStateBehaviorEv	inferred helper ownership: Behavior caller; invokes second PMF
ov085	0x0212a46c	func_ov085_0212a46c	_ZN13PrincessPeach13CallStateInitEv	inferred helper ownership: SetState caller; invokes first PMF
ov085	0x0212a4a4	func_ov085_0212a4a4	_ZN13PrincessPeach8SetStateEi	inferred helper ownership: state table select; calls first PMF
ov027	0x02112158	func_ov027_02112158	_ZN21SnowmanBreathParticleD1Ev	50-element SnowmanBreath helper array destructor target; stride 0x60
ov027	0x02112170	func_ov027_02112170	_ZN21SnowmanBreathParticle9HitPlayerEv	inferred helper name; SnowmanBreath particle owner and this layout proven by TU calls
ov027	0x0211233c	func_ov027_0211233c	_ZN21SnowmanBreathParticle12CheckSnowmanEv	inferred helper name; SnowmanBreath particle owner and this layout proven by TU calls
ov027	0x021123b0	func_ov027_021123b0	_ZN21SnowmanBreathParticle14UpdatePositionEv	inferred helper name; SnowmanBreath particle owner and this layout proven by TU calls
ov027	0x02112424	func_ov027_02112424	_ZN21SnowmanBreathParticle6RenderEv	inferred helper name; SnowmanBreath particle owner and this layout proven by TU calls
ov027	0x02112480	func_ov027_02112480	_ZN21SnowmanBreathParticle8BehaviorEv	inferred helper name; SnowmanBreath particle owner and this layout proven by TU calls
ov027	0x021124e4	func_ov027_021124e4	_ZN21SnowmanBreathParticle8TrySpawnER6Player	inferred helper name and Player reference parameter; owner and call shape proven by TU calls
ov027	0x021125a8	func_ov027_021125a8	_ZN21SnowmanBreathParticleC1Ev	50-element SnowmanBreath helper array constructor target; stride 0x60
ov027	0x02112618	func_ov027_02112618	_ZN13SnowmanBreath15IsPlayerInRangeEv	inferred helper name; SnowmanBreath-only Behavior caller and this owner proven
ov002	0x020b41b8	func_ov002_020b41b8	_ZN10BrickBlock11GetSpawnPosER7Vector3RS_	inferred helper ownership: four BrickBlock action callers; destination and owner references
ov002	0x020b41f8	func_ov002_020b41f8	_ZN10BrickBlock15SpawnKoopaShellEv	PMF action table entry index 2; spawns KoopaShell
ov002	0x020b4250	func_ov002_020b4250	_ZN10BrickBlock17SpawnMegaMushroomEv	PMF action table entry index 1; spawns MegaMushroom
ov002	0x020b429c	func_ov002_020b429c	_ZN10BrickBlock18SpawnOneUpMushroomEv	PMF action table entry index 0; spawns OneUpMushroom
ov002	0x020b42e4	func_ov002_020b42e4	_ZN10BrickBlock15SpawnSilverStarEv	PMF action table entry index 3; spawns SilverStar and marker
ov002	0x020b4714	func_ov002_020b4714	_ZN16daObjKinokoTag_c17SpawnMegaMushroomEv	inferred helper name; class name from ROM RTTI and this ownership proven by exclusive TU callers and field ABI
ov002	0x020b47ec	func_ov002_020b47ec	_ZN16daObjKinokoTag_c20TrySpawnMegaMushroomEv	inferred helper name; class name from ROM RTTI and this ownership proven by exclusive Behavior caller and collider field ABI
ov065	0x0211a550	func_ov065_0211a550	_ZN16daObjCtMecha04_c12UpdateShadowEv	inferred helper name; class name from ROM RTTI and this ownership proven by exclusive Behavior caller, owned shadow fields, and dActor_c shadow call
ov065	0x0211aa38	func_ov065_0211aa38	_ZN16daObjCtMecha04_c15MoveActorOnBeltER8dActor_c	inferred helper name and dActor_c reference parameter; callback forwarding and conveyor/actor field ABI prove ownership and call shape
ov065	0x0211aacc	func_ov065_0211aacc	_ZN16daObjCtMecha04_c17AfterClsnCallbackEP4dBgWP8dActor_cS3_	inferred helper name and callback types; installed as the collider callback and observed forwarding owner and colliding actor
ov072	0x02120c00	func_ov072_02120c00	daBgSnwmn_c_classInit	reconstructed classInit; ROM RTTI+factory shape+unique class factory+later EAD lineage; exact SM64DS spelling not preserved
ov072	0x02122954	data_ov072_02122954	g_profile_BIG_SNOWMAN	reconstructed profile global; literal ROM ID BIG_SNOWMAN+registry role+later EAD lineage; exact SM64DS spelling not preserved
ov072	0x02122978	data_ov072_02122978	_ZTV11daBgSnwmn_c	ROM RTTI class identity; address-point symbol already configured at the same address
ov032	0x0211244c	func_ov032_0211244c	daBakubaku_c_classInit	reconstructed classInit; ROM RTTI+factory shape+unique class factory+later EAD lineage; exact SM64DS spelling not preserved
ov032	0x02113800	data_ov032_02113800	g_profile_BAKUBAKU	reconstructed profile global; descriptor-stored profile ID 228+literal ROM ID BAKUBAKU+registry role+later EAD lineage; exact SM64DS spelling not preserved
ov016	0x02112ef4	_ZN23FloatOnWaterPlatformJrbD1Ev	_ZN13daObjKi_Ita_cD1Ev	ROM RTTI class identity; unchanged function address; vtable slot 16
ov016	0x02112f44	_ZN23FloatOnWaterPlatformJrbD0Ev	_ZN13daObjKi_Ita_cD0Ev	ROM RTTI class identity; unchanged function address; vtable slot 17
ov016	0x02112fa8	_ZN23FloatOnWaterPlatformJrb13InitResourcesEv	_ZN13daObjKi_Ita_c13InitResourcesEv	ROM RTTI class identity; unchanged function address; vtable slot 0
ov016	0x02114bcc	_ZTV23FloatOnWaterPlatformJrb	_ZTV13daObjKi_Ita_c	ROM RTTI class identity; unchanged public vtable address point
ov006	0x020dbd54	MgPicturePoker_Spawn	dScMgCard_c_classInit	reconstructed classInit; unique MG_CARD profile + RTTI-proven class + factory allocation/vtable shape; Picture Poker remains the English minigame identity, while exact original source spelling is not preserved
ov006	0x020f38f0	func_ov006_020f38f0	_ZN13dScMgMemory_c11DrawMessageEv	coined member name; ROM address-only symbol, scene ownership established by contiguous TU and direct scene-member access
ov006	0x020f392c	func_ov006_020f392c	_ZN13dScMgMemory_c10DrawCursorEv	coined member name; ROM address-only symbol, behavior identified from cursor-state writes
ov006	0x020f3964	func_ov006_020f3964	_ZN13dScMgMemory_c12UpdateCursorEv	coined member name; ROM address-only symbol, behavior identified from cursor interpolation
ov006	0x020f39c8	func_ov006_020f39c8	_ZN13dScMgMemory_c10ShowCursorEv	coined member name; ROM address-only symbol, behavior identified from cursor show transition
ov006	0x020f39fc	func_ov006_020f39fc	_ZN13dScMgMemory_c10HideCursorEv	coined member name; ROM address-only symbol, behavior identified from cursor hide transition
ov006	0x020f3a10	func_ov006_020f3a10	_ZN13dScMgMemory_c10PlayerWaitEi	coined state-handler name; player PMF table and no-op wait behavior establish ownership
ov006	0x020f3a14	func_ov006_020f3a14	_ZN13dScMgMemory_c10PlayerMoveEi	coined state-handler name; player PMF table and movement behavior establish ownership
ov006	0x020f3ba0	func_ov006_020f3ba0	_ZN13dScMgMemory_c10PlayerDropEi	coined state-handler name; player PMF table and drop behavior establish ownership
ov006	0x020f3c0c	func_ov006_020f3c0c	_ZN13dScMgMemory_c11InitPlayersEv	coined member name; ROM address-only symbol, initializes the scene player array
ov006	0x020f3c90	func_ov006_020f3c90	_ZN13dScMgMemory_c13CheckFinishedEv	coined member name; ROM address-only symbol, checks the Memory Match completion condition
ov006	0x020f3d34	func_ov006_020f3d34	_ZN13dScMgMemory_c9JudgePairEv	coined member name; ROM address-only symbol, judges the selected card pair
ov006	0x020f3e68	func_ov006_020f3e68	_ZN13dScMgMemory_c9DrawCardsEv	coined member name; ROM address-only symbol, draws the scene card array
ov006	0x020f3f10	func_ov006_020f3f10	_ZN13dScMgMemory_c11UpdateCardsEv	coined member name; ROM address-only symbol, dispatches the card PMF state table
ov006	0x020f3f84	func_ov006_020f3f84	_ZN13dScMgMemory_c11CardFlyAwayEi	coined state-handler name; card PMF table and fly-away behavior establish ownership
ov006	0x020f411c	func_ov006_020f411c	_ZN13dScMgMemory_c12CardFlipDownEi	coined state-handler name; card PMF table and flip-down behavior establish ownership
ov006	0x020f41ac	func_ov006_020f41ac	_ZN13dScMgMemory_c8CardWaitEi	coined state-handler name; card PMF table and no-op wait behavior establish ownership
ov006	0x020f41b0	func_ov006_020f41b0	_ZN13dScMgMemory_c10CardFlipUpEi	coined state-handler name; card PMF table and flip-up behavior establish ownership
ov006	0x020f4248	func_ov006_020f4248	_ZN13dScMgMemory_c10CardSelectEi	coined state-handler name; card PMF table and selection behavior establish ownership
ov006	0x020f43c0	func_ov006_020f43c0	_ZN13dScMgMemory_c8CardIdleEi	coined state-handler name; card PMF table and no-op idle behavior establish ownership
ov006	0x020f43c4	func_ov006_020f43c4	_ZN13dScMgMemory_c8CardMoveEi	coined state-handler name; card PMF table and movement behavior establish ownership
ov006	0x020f456c	func_ov006_020f456c	_ZN13dScMgMemory_c12ResultFinishEv	coined state-handler name; result PMF table and terminal result behavior establish ownership
ov006	0x020f46ec	func_ov006_020f46ec	_ZN13dScMgMemory_c15ResultTurnCardsEv	coined state-handler name; result PMF table and card-turn behavior establish ownership
ov006	0x020f47d8	func_ov006_020f47d8	_ZN13dScMgMemory_c12ResultRewardEv	coined state-handler name; result PMF table and reward behavior establish ownership
ov006	0x020f4888	func_ov006_020f4888	_ZN13dScMgMemory_c10ResultWaitEv	coined state-handler name; result PMF table and wait behavior establish ownership
ov006	0x020f49ac	func_ov006_020f49ac	_ZN13dScMgMemory_c11RoundRevealEv	coined state-handler name; round PMF table and reveal behavior establish ownership
ov006	0x020f4a40	func_ov006_020f4a40	_ZN13dScMgMemory_c13RoundWaitDealEv	coined state-handler name; round PMF table and deal-wait behavior establish ownership
ov006	0x020f4ad4	func_ov006_020f4ad4	_ZN13dScMgMemory_c13RoundDealHardEv	coined state-handler name; round PMF table and hard-deal behavior establish ownership
ov006	0x020f4b30	func_ov006_020f4b30	_ZN13dScMgMemory_c15RoundDealNormalEv	coined state-handler name; round PMF table and normal-deal behavior establish ownership
ov006	0x020f4bbc	func_ov006_020f4bbc	_ZN13dScMgMemory_c13RoundDealEasyEv	coined state-handler name; round PMF table and easy-deal behavior establish ownership
ov006	0x020f4c38	func_ov006_020f4c38	_ZN13dScMgMemory_c10RoundStartEv	coined state-handler name; round PMF table and setup behavior establish ownership
ov006	0x020f4cd8	func_ov006_020f4cd8	_ZN13dScMgMemory_c12ShuffleCardsEv	coined member name; ROM address-only symbol, shuffles the scene card array
ov006	0x020f4f94	func_ov006_020f4f94	_ZN13dScMgMemory_c9ResetGameEv	coined member name; ROM address-only symbol, resets the Memory Match scene state
ov006	0x020f50c0	func_ov006_020f50c0	_ZN13dScMgMemory_c9StateExitEv	coined main-state handler name; main PMF table and exit behavior establish ownership
ov006	0x020f50f8	func_ov006_020f50f8	_ZN13dScMgMemory_c11StateResultEv	coined main-state handler name; main PMF table and result dispatch establish ownership
ov006	0x020f5140	func_ov006_020f5140	_ZN13dScMgMemory_c10StateJudgeEv	coined main-state handler name; main PMF table and pair-judging dispatch establish ownership
ov006	0x020f5164	func_ov006_020f5164	_ZN13dScMgMemory_c9StatePlayEv	coined main-state handler name; main PMF table and round dispatch establish ownership
ov006	0x020f51b0	func_ov006_020f51b0	_ZN13dScMgMemory_c10StateSetupEv	coined main-state handler name; main PMF table and setup behavior establish ownership
ov006	0x020f51f0	func_ov006_020f51f0	_ZN13dScMgMemory_c15SetupDifficultyEv	coined member name; ROM address-only symbol, derives difficulty-specific scene parameters
ov006	0x020f5620	func_ov006_020f5620	_ZN14dScMgMemory2_c11DrawMessageEv	coined member name; ROM address-only symbol, scene ownership established by contiguous TU and direct scene-member access
ov006	0x020f565c	func_ov006_020f565c	_ZN14dScMgMemory2_c10DrawCursorEv	coined member name; ROM address-only symbol, behavior identified from cursor-state reads
ov006	0x020f5694	func_ov006_020f5694	_ZN14dScMgMemory2_c12UpdateCursorEv	coined member name; ROM address-only symbol, behavior identified from cursor animation
ov006	0x020f56f8	func_ov006_020f56f8	_ZN14dScMgMemory2_c10ShowCursorEv	coined member name; ROM address-only symbol, behavior identified from cursor show transition
ov006	0x020f572c	func_ov006_020f572c	_ZN14dScMgMemory2_c10HideCursorEv	coined member name; ROM address-only symbol, behavior identified from cursor hide transition
ov006	0x020f5740	func_ov006_020f5740	_ZN14dScMgMemory2_c10PlayerWaitEi	coined state-handler name; player PMF table and no-op wait behavior establish ownership
ov006	0x020f5744	func_ov006_020f5744	_ZN14dScMgMemory2_c10PlayerMoveEi	coined state-handler name; player PMF table and movement behavior establish ownership
ov006	0x020f58d0	func_ov006_020f58d0	_ZN14dScMgMemory2_c10PlayerDropEi	coined state-handler name; player PMF table and drop behavior establish ownership
ov006	0x020f593c	func_ov006_020f593c	_ZN14dScMgMemory2_c11InitPlayersEv	coined member name; ROM address-only symbol, initializes the scene player array
ov006	0x020f59c0	func_ov006_020f59c0	_ZN14dScMgMemory2_c13CheckFinishedEv	coined member name; ROM address-only symbol, checks Memory Master completion and failure conditions
ov006	0x020f5a64	func_ov006_020f5a64	_ZN14dScMgMemory2_c9JudgePairEv	coined member name; ROM address-only symbol, judges the selected card pair
ov006	0x020f5b98	func_ov006_020f5b98	_ZN14dScMgMemory2_c9DrawCardsEv	coined member name; ROM address-only symbol, draws the scene card array
ov006	0x020f5c40	func_ov006_020f5c40	_ZN14dScMgMemory2_c11UpdateCardsEv	coined member name; ROM address-only symbol, dispatches the card PMF state table
ov006	0x020f5cb4	func_ov006_020f5cb4	_ZN14dScMgMemory2_c11CardFlyAwayEi	coined state-handler name; card PMF table and fly-away behavior establish ownership
ov006	0x020f5de0	func_ov006_020f5de0	_ZN14dScMgMemory2_c12CardFlipDownEi	coined state-handler name; card PMF table and flip-down behavior establish ownership
ov006	0x020f5e70	func_ov006_020f5e70	_ZN14dScMgMemory2_c8CardWaitEi	coined state-handler name; card PMF table and no-op wait behavior establish ownership
ov006	0x020f5e74	func_ov006_020f5e74	_ZN14dScMgMemory2_c10CardFlipUpEi	coined state-handler name; card PMF table and flip-up behavior establish ownership
ov006	0x020f5f0c	func_ov006_020f5f0c	_ZN14dScMgMemory2_c10CardSelectEi	coined state-handler name; card PMF table and selection behavior establish ownership
ov006	0x020f6084	func_ov006_020f6084	_ZN14dScMgMemory2_c8CardIdleEi	coined state-handler name; card PMF table and no-op idle behavior establish ownership
ov006	0x020f6088	func_ov006_020f6088	_ZN14dScMgMemory2_c8CardMoveEi	coined state-handler name; card PMF table and movement behavior establish ownership
ov006	0x020f6230	func_ov006_020f6230	_ZN14dScMgMemory2_c12ResultFinishEv	coined state-handler name; result PMF table and terminal result behavior establish ownership
ov006	0x020f639c	func_ov006_020f639c	_ZN14dScMgMemory2_c15ResultTurnCardsEv	coined state-handler name; result PMF table and card-turn behavior establish ownership
ov006	0x020f6488	func_ov006_020f6488	_ZN14dScMgMemory2_c12ResultRewardEv	coined state-handler name; result PMF table and reward behavior establish ownership
ov006	0x020f6538	func_ov006_020f6538	_ZN14dScMgMemory2_c10ResultWaitEv	coined state-handler name; result PMF table and wait behavior establish ownership
ov006	0x020f6678	func_ov006_020f6678	_ZN14dScMgMemory2_c11RoundRevealEv	coined state-handler name; round PMF table and reveal-to-play transition establish ownership
ov006	0x020f670c	func_ov006_020f670c	_ZN14dScMgMemory2_c13RoundWaitDealEv	coined state-handler name; round PMF table and deal-wait behavior establish ownership
ov006	0x020f67a0	func_ov006_020f67a0	_ZN14dScMgMemory2_c15RoundReadyCardsEv	coined state-handler name; round PMF table and card-ready transition establish ownership
ov006	0x020f6830	func_ov006_020f6830	_ZN14dScMgMemory2_c14RoundHideCardsEv	coined state-handler name; round PMF table and flip-down transition establish ownership
ov006	0x020f6904	func_ov006_020f6904	_ZN14dScMgMemory2_c14RoundShowCardsEv	coined state-handler name; round PMF table and preview-card flip-up behavior establish ownership
ov006	0x020f6a00	func_ov006_020f6a00	_ZN14dScMgMemory2_c15RoundDealFourthEv	coined state-handler name; fourth ready threshold and round PMF-table order establish ownership
ov006	0x020f6a78	func_ov006_020f6a78	_ZN14dScMgMemory2_c13RoundDealHardEv	coined state-handler name; third ready threshold and round PMF-table order establish ownership
ov006	0x020f6b00	func_ov006_020f6b00	_ZN14dScMgMemory2_c15RoundDealNormalEv	coined state-handler name; second ready threshold and round PMF-table order establish ownership
ov006	0x020f6b78	func_ov006_020f6b78	_ZN14dScMgMemory2_c13RoundDealEasyEv	coined state-handler name; first ready threshold and round PMF-table order establish ownership
ov006	0x020f6bf0	func_ov006_020f6bf0	_ZN14dScMgMemory2_c10RoundStartEv	coined state-handler name; round PMF table and setup behavior establish ownership
ov006	0x020f6c90	func_ov006_020f6c90	_ZN14dScMgMemory2_c12ShuffleCardsEv	coined member name; ROM address-only symbol, builds and initializes the difficulty-sized card deck
ov006	0x020f6f88	func_ov006_020f6f88	_ZN14dScMgMemory2_c18ChoosePreviewCardsEv	coined member name; ROM address-only symbol, chooses the unique card indices used by the preview phase
ov006	0x020f7064	func_ov006_020f7064	_ZN14dScMgMemory2_c9ResetGameEv	coined member name; ROM address-only symbol, resets Memory Master scene state
ov006	0x020f7190	func_ov006_020f7190	_ZN14dScMgMemory2_c9StateExitEv	coined main-state handler name; main PMF table and exit behavior establish ownership
ov006	0x020f71c8	func_ov006_020f71c8	_ZN14dScMgMemory2_c11StateResultEv	coined main-state handler name; main PMF table and result dispatch establish ownership
ov006	0x020f7210	func_ov006_020f7210	_ZN14dScMgMemory2_c10StateJudgeEv	coined main-state handler name; main PMF table and pair-judging dispatch establish ownership
ov006	0x020f7234	func_ov006_020f7234	_ZN14dScMgMemory2_c9StatePlayEv	coined main-state handler name; main PMF table and round dispatch establish ownership
ov006	0x020f7280	func_ov006_020f7280	_ZN14dScMgMemory2_c10StateSetupEv	coined main-state handler name; main PMF table and setup behavior establish ownership
ov006	0x020f72c0	func_ov006_020f72c0	_ZN14dScMgMemory2_c15SetupDifficultyEv	coined member name; ROM address-only symbol, derives difficulty-specific pair counts
ov006	0x020f8ff0	func_ov006_020f8ff0	_ZN19dMgMCarlo2CardObj_cD1Ev	compiler-proven D1 for the RTTI-named card element; empty real destructor reproduces the ROM body
ov006	0x020f9000	func_ov006_020f9000	_ZN14dScMgMCarlo2_c11UpdateBoardEv	coined: private static helper named from the matched board update/recycle state machine
ov006	0x020f94f4	func_ov006_020f94f4	_ZN14dScMgMCarlo2_c14FlipDealtCardsEv	coined: private static helper queues each dealt card for its flip-away state
ov006	0x020f9560	func_ov006_020f9560	_ZN14dScMgMCarlo2_c13DrawCardValueEv	coined: private static helper performs the weighted card-face draw
ov006	0x020f95f0	func_ov006_020f95f0	_ZN14dScMgMCarlo2_c10BoardReadyEv	coined: private static helper tests whether the currently dealt board has settled
ov006	0x020f9668	func_ov006_020f9668	_ZN14dScMgMCarlo2_c9BoardBusyEv	coined: private static helper is the complementary in-flight board test
ov006	0x020f96e0	func_ov006_020f96e0	_ZN14dScMgMCarlo2_c16HasRemovablePairEv	coined: private static helper searches the live list for an adjacent matching pair
ov006	0x020f9760	func_ov006_020f9760	_ZN14dScMgMCarlo2_c10SetupBoardEP19dMgMCarlo2CardObj_c	coined: private static helper resets, links, and validates the typed 40-card board
ov006	0x020f98dc	func_ov006_020f98dc	_ZN19dMgMCarlo2CardObj_c6RenderEv	coined slot name; ROM element vtable slot 0 points here and the body renders one card
ov006	0x020f9994	func_ov006_020f9994	_ZN19dMgMCarlo2CardObj_c6UpdateEi	coined slot name; ROM element vtable slot 1 points here and the body advances one card
ov006	0x020f9bec	func_ov006_020f9bec	_ZN19dMgMCarlo2CardObj_c7HitTestEv	coined: nonvirtual card helper tests the stylus against this card
ov006	0x020f9cbc	func_ov006_020f9cbc	_ZN19dMgMCarlo2CardObj_c10IsPairWithEPS_	coined: nonvirtual card helper compares face and board adjacency with another card
ov006	0x020f9d68	func_ov006_020f9d68	_ZN19dMgMCarlo2CardObj_c8FlipAwayEi	coined: nonvirtual card helper arms the staggered flip-away state
ov006	0x020f9db8	func_ov006_020f9db8	_ZN19dMgMCarlo2CardObj_c6DealInEi	coined: nonvirtual card helper sends the card toward a board slot
ov006	0x020f9f40	func_ov006_020f9f40	_ZN19dMgMCarlo2CardObj_c4InitEi	coined: nonvirtual card helper resets one element and assigns its slot and weighted face
ov006	0x020fa740	func_ov006_020fa740	_ZN19dMgMCarlo2CardObj_cC1Ev	compiler-proven C1 for the RTTI-named card element; real constructor reproduces the ROM body
ov006	0x0213d728	data_ov006_0213d728	_ZTV19dMgMCarlo2CardObj_c	RTTI-proven two-slot card-element vtable; slots relocate to Render and Update
ov006	0x02124a04	func_ov006_02124a04	_ZN10dScMgBSC_c9StateDoneEv	coined: ROM symbol is address-only; named from what the state does -- PMF table data_ov006_02142f94 entries 12 and 13
ov006	0x02124a08	func_ov006_02124a08	_ZN10dScMgBSC_c16StateReturnCardsEv	coined: ROM symbol is address-only; named from what the state does -- PMF table data_ov006_02142f94 entry 11
ov006	0x02124ae4	func_ov006_02124ae4	_ZN10dScMgBSC_c14StateWaitTableEv	coined: ROM symbol is address-only; named from what the state does -- PMF table data_ov006_02142f94 entries 9 and 10
ov006	0x02124b58	func_ov006_02124b58	_ZN10dScMgBSC_c18StateTableReactionEv	coined: ROM symbol is address-only; named from what the state does -- PMF table data_ov006_02142f94 entries 7 and 8
ov006	0x02124bb4	func_ov006_02124bb4	_ZN10dScMgBSC_c15StateJudgeCardsEv	coined: ROM symbol is address-only; named from what the state does -- PMF table data_ov006_02142f94 entry 6
ov006	0x02124cb4	func_ov006_02124cb4	_ZN10dScMgBSC_c16StateRevealCardsEv	coined: ROM symbol is address-only; named from what the state does -- PMF table data_ov006_02142f94 entry 5
ov006	0x02124dc0	func_ov006_02124dc0	_ZN10dScMgBSC_c13StateWaitMoveEv	coined: ROM symbol is address-only; named from what the state does -- PMF table data_ov006_02142f94 entry 4
ov006	0x02124e1c	func_ov006_02124e1c	_ZN10dScMgBSC_c14StateMoveCardsEv	coined: ROM symbol is address-only; named from what the state does -- PMF table data_ov006_02142f94 entry 3
ov006	0x02124ec4	func_ov006_02124ec4	_ZN10dScMgBSC_c15StateChooseCardEv	coined: ROM symbol is address-only; named from what the state does -- PMF table data_ov006_02142f94 entry 2
ov006	0x02124fd8	func_ov006_02124fd8	_ZN10dScMgBSC_c13StateWaitDealEv	coined: ROM symbol is address-only; named from what the state does -- PMF table data_ov006_02142f94 entry 1
ov006	0x021250e4	func_ov006_021250e4	_ZN10dScMgBSC_c14StateDealCardsEv	coined: ROM symbol is address-only; named from what the state does -- PMF table data_ov006_02142f94 entry 0
ov006	0x020d96e0	func_ov006_020d96e0	_ZN12dMgCardObj_cD1Ev	RTTI-named card-element D1 ABI callback; a real inline destructor makes the exact body but lands between the scene D1/D0, so the callback spelling is retained at the measured mwccarm section-order wall
ov006	0x020d96f0	func_ov006_020d96f0	_ZN17dMgDilarCardObj_cD1Ev	RTTI-named dealer-card D1 ABI callback; a real destructor makes the exact body only with its base inline, which moves the base D1 between the scene D1/D0, so the callback spelling is retained at the measured mwccarm section-order wall
ov006	0x020d970c	func_ov006_020d970c	_ZN17dMgDilarCardObj_c6RenderEv	coined: vtable slot 0 of the RTTI-proven dMgDilarCardObj_c (the _ZTV this TU emits); ROM symbol is address-only
ov006	0x020d978c	func_ov006_020d978c	_ZN17dMgDilarCardObj_c6UpdateEv	coined: vtable slot 1 of the RTTI-proven dMgDilarCardObj_c (the _ZTV this TU emits); ROM symbol is address-only
ov006	0x020d9998	func_ov006_020d9998	_ZN17dMgDilarCardObj_c13GetOffscreenYEv	coined: vtable slot 2 of the RTTI-proven dMgDilarCardObj_c (the _ZTV this TU emits); ROM symbol is address-only
ov006	0x020d99a4	func_ov006_020d99a4	_ZN12dMgCardObj_c6FlyOffEv	coined: ROM symbol is address-only; named from what the function does
ov006	0x020d99ec	func_ov006_020d99ec	_ZN12dMgCardObj_c7SetHomeEi	coined: ROM symbol is address-only; named from what the function does
ov006	0x020d9a14	func_ov006_020d9a14	_ZN11dScMgCard_c9RenderHudEv	coined: ROM symbol is address-only; named from what the function does
ov006	0x020d9bd0	func_ov006_020d9bd0	_ZN12dMgCardObj_c13GetOffscreenYEv	coined: vtable slot 2 of the RTTI-proven dMgCardObj_c; ROM symbol is address-only
ov006	0x020d9bdc	func_ov006_020d9bdc	_ZN12dMgCardObj_c6RenderEv	coined: vtable slot 0 of the RTTI-proven dMgCardObj_c; ROM symbol is address-only
ov006	0x020d9c5c	func_ov006_020d9c5c	_ZN12dMgCardObj_c6UpdateEv	coined: vtable slot 1 of the RTTI-proven dMgCardObj_c; ROM symbol is address-only
ov006	0x020da00c	func_ov006_020da00c	_ZN12dMgCardObj_c6RedealEv	coined: ROM symbol is address-only; named from what the function does
ov006	0x020da0ac	func_ov006_020da0ac	_ZN12dMgCardObj_c6DealInEPKi	coined: ROM symbol is address-only; named from what the function does
ov006	0x020da154	func_ov006_020da154	_ZN11dScMgCard_c10SettleHandEP12dMgCardObj_c	coined: ROM symbol is address-only; named from what the function does
ov006	0x020da174	func_ov006_020da174	_ZN11dScMgCard_c11ArrangeHandEP12dMgCardObj_c	coined: ROM symbol is address-only; named from what the function does
ov006	0x020da420	func_ov006_020da420	_ZN11dScMgCard_c11MarkSinglesEP12dMgCardObj_c	coined: ROM symbol is address-only; named from what the function does
ov006	0x020da4ac	func_ov006_020da4ac	_ZN11dScMgCard_c12EvaluateHandEPK12dMgCardObj_cPs	coined: ROM symbol is address-only; named from what the function does
ov006	0x020da5e8	func_ov006_020da5e8	_ZN11dScMgCard_c12CompareHandsEPK12dMgCardObj_cS2_	coined: ROM symbol is address-only; named from what the function does
ov006	0x020da834	func_ov006_020da834	_ZN11dScMgCard_c9AllLiftedEPK12dMgCardObj_c	coined: ROM symbol is address-only; named from what the function does
ov006	0x020da860	func_ov006_020da860	_ZN11dScMgCard_c10AllInStateEPK12dMgCardObj_ci	coined: ROM symbol is address-only; named from what the function does
ov006	0x020da88c	func_ov006_020da88c	_ZN11dScMgCard_c12CountInStateEPK12dMgCardObj_ci	coined: ROM symbol is address-only; named from what the function does
ov006	0x020da8b8	func_ov006_020da8b8	_ZN11dScMgCard_c11FindInStateEPK12dMgCardObj_ci	coined: ROM symbol is address-only; named from what the function does
ov006	0x020da8e4	func_ov006_020da8e4	_ZN11dScMgCard_c13DrawCardValueEv	coined: ROM symbol is address-only; named from what the function does
ov006	0x020da974	func_ov006_020da974	_ZN11dScMgCard_c11FillWeightsEi	coined: ROM symbol is address-only; named from what the function does
ov006	0x020dac34	func_ov006_020dac34	_ZN11dScMgCard_c11UpdateStateEv	coined: ROM symbol is address-only; named from what the function does
ov006	0x0213bccc	data_ov006_0213bccc	_ZTV12dMgCardObj_c	vtable alloc=0x30
ov006	0x0213bcf4	data_ov006_0213bcf4	_ZTV17dMgDilarCardObj_c	vtable alloc=0x30
ov006	0x020dbe14	func_ov006_020dbe14	_ZN17dMgDilarCardObj_cC1Ev	RTTI-named dealer-card C1 ABI callback; the factory wall prevents placement construction and the real derived constructor requires the base constructor inline, so the callback spelling preserves the exact two-vptr body and section order
ov006	0x020dbe30	func_ov006_020dbe30	_ZN12dMgCardObj_cC1Ev	RTTI-named card-element C1 ABI callback; retained as the construction-array callback at the measured mwccarm factory wall
ov006	0x020f7730	func_ov006_020f7730	_ZN18dMgMCarloCardObj_cD1Ev	compiler-proven D1 for the RTTI-named card element; a real empty destructor reproduces the ROM body
ov006	0x020f7740	func_ov006_020f7740	_ZN13dScMgMCarlo_c11UpdateBoardEv	coined: ROM symbol is address-only; named from what the function does
ov006	0x020f7994	func_ov006_020f7994	_ZN13dScMgMCarlo_c14FlipDealtCardsEv	coined: ROM symbol is address-only; named from what the function does
ov006	0x020f7a00	func_ov006_020f7a00	_ZN13dScMgMCarlo_c13DrawCardValueEv	coined: ROM symbol is address-only; named from what the function does
ov006	0x020f7a90	func_ov006_020f7a90	_ZN13dScMgMCarlo_c10BoardReadyEv	coined: ROM symbol is address-only; named from what the function does
ov006	0x020f7b10	func_ov006_020f7b10	_ZN13dScMgMCarlo_c9BoardBusyEv	coined: ROM symbol is address-only; named from what the function does
ov006	0x020f7b90	func_ov006_020f7b90	_ZN13dScMgMCarlo_c16HasRemovablePairEv	coined: ROM symbol is address-only; named from what the function does
ov006	0x020f7c10	func_ov006_020f7c10	_ZN13dScMgMCarlo_c10SetupBoardEP18dMgMCarloCardObj_c	coined: ROM symbol is address-only; named from what the function does
ov006	0x020f7e2c	func_ov006_020f7e2c	_ZN18dMgMCarloCardObj_c6RenderEv	coined: vtable slot 0 of the RTTI-proven dMgMCarloCardObj_c (the _ZTV this TU emits); ROM symbol is address-only
ov006	0x020f7ee4	func_ov006_020f7ee4	_ZN18dMgMCarloCardObj_c6UpdateEi	coined: vtable slot 1 of the RTTI-proven dMgMCarloCardObj_c (the _ZTV this TU emits); ROM symbol is address-only
ov006	0x020f8154	func_ov006_020f8154	_ZN18dMgMCarloCardObj_c7HitTestEv	coined: ROM symbol is address-only; named from what the function does
ov006	0x020f8224	func_ov006_020f8224	_ZN18dMgMCarloCardObj_c10IsPairWithEPS_	coined: ROM symbol is address-only; named from what the function does
ov006	0x020f82d0	func_ov006_020f82d0	_ZN18dMgMCarloCardObj_c8FlipAwayEi	coined: ROM symbol is address-only; named from what the function does
ov006	0x020f8320	func_ov006_020f8320	_ZN18dMgMCarloCardObj_c6DealInEi	coined: ROM symbol is address-only; named from what the function does
ov006	0x020f84a8	func_ov006_020f84a8	_ZN18dMgMCarloCardObj_c4InitEi	coined: ROM symbol is address-only; named from what the function does
ov006	0x020f8540	func_ov006_020f8540	_ZN13dScMgMCarlo_c9RenderHudEv	coined: ROM symbol is address-only; named from what the function does
ov006	0x0213d5ac	data_ov006_0213d5ac	_ZTV18dMgMCarloCardObj_c	vtable alloc=0x30
ov006	0x020f8ed8	func_ov006_020f8ed8	_ZN18dMgMCarloCardObj_cC1Ev	compiler-proven C1 for the RTTI-named card element; real constructor reproduces the ROM body
ov006	0x02121774	func_ov006_02121774	_ZN17dScMgTrampoline_c9StateDoneEv	coined: ROM symbol is address-only; PMF descriptor data_ov006_0213faa8 and the empty matched body identify the terminal state
ov006	0x02121778	func_ov006_02121778	_ZN17dScMgTrampoline_c13StateWaitExitEv	coined: ROM symbol is address-only; PMF descriptor data_ov006_0213faa0 and the matched body identify the exit-wait state
ov006	0x02121848	func_ov006_02121848	_ZN17dScMgTrampoline_c12StateResultsEv	coined: ROM symbol is address-only; PMF descriptor data_ov006_0213fac8 and the matched body identify the results transition state
ov006	0x021218fc	func_ov006_021218fc	_ZN17dScMgTrampoline_c9StatePlayEv	coined: ROM symbol is address-only; PMF descriptor data_ov006_0213fac0 and the matched body identify the active-play state
ov006	0x02121d64	func_ov006_02121d64	_ZN17dScMgTrampoline_c10StateIntroEv	coined: ROM symbol is address-only; PMF descriptor data_ov006_0213fab0 and the matched body identify the intro state
ov006	0x021218c4	func_ov006_021218c4	_ZN17dScMgTrampoline_c12BeginResultsEv	coined: ROM symbol is address-only; helper initializes the results timer and installs the StateResults PMF descriptor
ov006	0x02121cf4	func_ov006_02121cf4	_ZN17dScMgTrampoline_c9BeginPlayEv	coined: ROM symbol is address-only; helper enables input, initializes play fields, and installs the StatePlay PMF descriptor
ov006	0x02121f04	func_ov006_02121f04	_ZN17dScMgTrampoline_c10BeginIntroEv	coined: ROM symbol is address-only; helper initializes intro interpolation fields and installs the StateIntro PMF descriptor
ov006	0x0212157c	func_ov006_0212157c	_ZN17dScMgTrampoline_c16UpdateTouchInputEv	coined: ROM symbol is address-only; matched body samples and tracks the stylus drag and records its release edge every frame
ov006	0x02121bc8	func_ov006_02121bc8	_ZN17dScMgTrampoline_c12UpdateScrollEv	coined: ROM symbol is address-only; matched body derives the scroll target from score progress and approaches it every active-play frame
