actor_id	profile_id	profile_id_source	debug_string_address	candidate_ordinal	registry_candidate_count	overlay_ambiguous	overlay	profile_address	current_profile_name	proposed_profile_name	descriptor_layout	profile_index	profile_index_matches_actor_id	execute_order	draw_order	group_flags	group_flags_evidence	actor_flags	clip_offset_y	clip_radius	clip_distance	far_distance	factory_module	factory_address	current_factory_name	current_factory_file	proposed_factory_name	factory_shape	alloc_size	installed_vtable	class_name	class_name_source	proposed_factory_collision	class_filename_candidate	tu_start	tu_end	profile_rename_recommended	factory_rename_recommended	recommendation_evidence
0	BOOT	symbols/actor_debug_names.tsv (literal ROM string table)	0x0208f698	1	1	False	arm9	0x020914a8	data_020914a8	g_profile_BOOT	base_profile_0x08	0	True	0	2		unlocated: no separate group-flags field is read from this descriptor by the recovered fBase_c/dActor_c constructors						arm9	0x02023624	func_02023624	src/func_02023624.c	dScBoot_c_classInit	new_plus_inlined_ctor	0x00000058	0x02091528	dScBoot_c	SM64DS RTTI arm9:0x020914c8		d_sc_boot.cpp	0x20049f0	0x20707a4	yes	yes	eligible=unique_registry_context+rom_profile_id+unique_class_factory
1	DSMT	symbols/actor_debug_names.tsv (literal ROM string table)	0x0208f6a8	1	1	False	ov007	0x02103264	data_ov007_02103264	g_profile_DSMT	base_profile_0x08	1	True	1	3		unlocated: no separate group-flags field is read from this descriptor by the recovered fBase_c/dActor_c constructors						ov007	0x020ccad0	func_ov007_020ccad0	src/func_ov007_020ccad0.c	dScDSMT_c_classInit	new_plus_inlined_ctor	0x00000064	0x021032e8	dScDSMT_c	SM64DS RTTI ov007:0x02103278		d_sc_dsmt.cpp	0x20cc600	0x20ccb54	yes	yes	eligible=unique_registry_context+rom_profile_id+unique_class_factory
2	TITLE	symbols/actor_debug_names.tsv (literal ROM string table)	0x0208f718	1	1	False	ov003	0x020b1380	data_ov003_020b1380	g_profile_TITLE	base_profile_0x08	2	True	2	4		unlocated: no separate group-flags field is read from this descriptor by the recovered fBase_c/dActor_c constructors						ov003	0x020adc10	func_ov003_020adc10	src/func_ov003_020adc10.cpp	dScTitle_c_classInit	new_plus_inlined_ctor	0x00000054	0x020b1650	dScTitle_c	SM64DS RTTI ov003:0x020b1498		d_sc_title.cpp	0x20adc10	0x20addfc	yes	yes	eligible=unique_registry_context+rom_profile_id+unique_class_factory
3	STAGE	symbols/actor_debug_names.tsv (literal ROM string table)	0x0208f708	1	1	False	arm9	0x0209213c	_ZN5Stage9spawnDataE	g_profile_STAGE	base_profile_0x08	3	True	3	6		unlocated: no separate group-flags field is read from this descriptor by the recovered fBase_c/dActor_c constructors						arm9	0x0202e088	Stage_Spawn	src/Stage_Spawn.cpp	dScStage_c_classInit	new_plus_inlined_ctor	0x000009c8	0x020921c0	dScStage_c	SM64DS RTTI arm9:0x02092158		d_sc_stage.cpp	0x20049f0	0x20707a4	yes	yes	eligible=unique_registry_context+rom_profile_id+unique_class_factory
4	STAR_SELECT	symbols/actor_debug_names.tsv (literal ROM string table)	0x02090248	1	1	False	ov003	0x020b16b4	StarSelect_SpawnInfo	g_profile_STAR_SELECT	base_profile_0x08	4	True	4	7		unlocated: no separate group-flags field is read from this descriptor by the recovered fBase_c/dActor_c constructors						ov003	0x020b04f0	StarSelect_Spawn	src/StarSelect_Spawn.cpp	dScStarSel_c_classInit	new_plus_inlined_ctor	0x0000013c	0x020b1704	dScStarSel_c	SM64DS RTTI ov003:0x020b16bc		d_sc_star_sel.cpp	0x20addfc	0x20b0580	yes	yes	eligible=unique_registry_context+rom_profile_id+unique_class_factory
5	MINIGAME	symbols/actor_debug_names.tsv (literal ROM string table)	0x0208fabc	1	1	False	ov005	0x020c2440	data_ov005_020c2440	g_profile_MINIGAME	base_profile_0x08	5	True	5	8		unlocated: no separate group-flags field is read from this descriptor by the recovered fBase_c/dActor_c constructors						ov005	0x020c21ec	func_ov005_020c21ec	src/func_ov005_020c21ec.c	dScMiniGm_c_classInit	new_plus_inlined_ctor	0x000000b0	0x020c2490	dScMiniGm_c	SM64DS RTTI ov005:0x020c2448		d_sc_mini_gm.cpp	0x20c21ec	0x20c2250	yes	yes	eligible=unique_registry_context+rom_profile_id+unique_class_factory
6	ENTRY	symbols/actor_debug_names.tsv (literal ROM string table)	0x0208f768	1	1	False	ov075	0x0211c880	data_ov075_0211c880	g_profile_ENTRY	base_profile_0x08	6	True	6	9		unlocated: no separate group-flags field is read from this descriptor by the recovered fBase_c/dActor_c constructors						ov075	0x0211a854	func_ov075_0211a854	src/func_ov075_0211a854.cpp	dScEntry_c_classInit	new_plus_inlined_ctor	0x00000288	0x0211d304	dScEntry_c	SM64DS RTTI ov075:0x0211c8f8	ov075:0x0211a740;ov075:0x0211a854	d_sc_entry.cpp	0x211a854	0x211b524	yes	no	not_apply=global_classinit_name_collision
7	RESULT	symbols/actor_debug_names.tsv (literal ROM string table)	0x0208f828	1	1	False	ov075	0x0211c788	data_ov075_0211c788	g_profile_RESULT	base_profile_0x08	7	True	7	10		unlocated: no separate group-flags field is read from this descriptor by the recovered fBase_c/dActor_c constructors						ov075	0x0211a740	func_ov075_0211a740	src/func_ov075_0211a740.cpp	dScEntry_c_classInit	new_plus_inlined_ctor	0x00000288	0x0211d304	dScEntry_c	SM64DS RTTI ov075:0x0211c8f8	ov075:0x0211a740;ov075:0x0211a854	d_sc_entry.cpp	0x2115ab8	0x211a854	yes	no	not_apply=global_classinit_name_collision
8	GAME_OVER	symbols/actor_debug_names.tsv (literal ROM string table)	0x0208fd20	1	1	False	ov003	0x020b1750	data_ov003_020b1750	g_profile_GAME_OVER	base_profile_0x08	8	True	8	11		unlocated: no separate group-flags field is read from this descriptor by the recovered fBase_c/dActor_c constructors						ov003	0x020b1118	func_ov003_020b1118	src/func_ov003_020b1118.cpp	dScGameOver_c_classInit	new_plus_inlined_ctor	0x00000098	0x020b179c	dScGameOver_c	SM64DS RTTI ov003:0x020b1758		d_sc_game_over.cpp	0x20b1118	0x20b117c	yes	yes	eligible=unique_registry_context+rom_profile_id+unique_class_factory
9	YOSHI_EGG	symbols/actor_debug_names.tsv (literal ROM string table)	0x0208fd2c	1	1	False	ov002	0x0210ad90	YoshiEgg_SpawnInfo	g_profile_YOSHI_EGG	actor_profile_0x1c	9	True	9	157		unlocated: no separate group-flags field is read from this descriptor by the recovered fBase_c/dActor_c constructors	0x00000002	0x00032000	0x00046000	0x01000000	0x01000000	ov002	0x020ee3d8	YoshiEgg_Spawn	src/YoshiEgg_Spawn.c	daYegg_c_classInit	new_plus_inlined_ctor	0x0000042c	0x0210adb4	daYegg_c	SM64DS RTTI ov002:0x0210ad84		d_a_yegg.cpp	0x20ec56c	0x20ee42c	yes	yes	eligible=unique_registry_context+rom_profile_id+unique_class_factory
10	BC_SWITCH	symbols/actor_debug_names.tsv (literal ROM string table)	0x0208ff0c	1	1	False	ov002	0x0210b248	daObjBC_Switch_c_SpawnInfo	g_profile_BC_SWITCH	actor_profile_0x1c	10	True	10	331		unlocated: no separate group-flags field is read from this descriptor by the recovered fBase_c/dActor_c constructors	0x00000002	0x000c8000	0x000c8000	0x01000000	0x01000000	ov002	0x020f15cc	daObjBC_Switch_c_Spawn	src/daObjBC_Switch_c_Spawn.c	daObjBC_Switch_c_classInit	new_plus_inlined_ctor	0x00000330	0x0210b26c	daObjBC_Switch_c	SM64DS RTTI ov002:0x0210b228		d_a_obj_bc_switch.cpp	0x20f11b0	0x20f15fc	yes	yes	eligible=unique_registry_context+rom_profile_id+unique_class_factory
11	HANSWITCH	symbols/actor_debug_names.tsv (literal ROM string table)	0x0208fd38	1	1	False	ov002	0x02109900	ExclamationSwitch_SpawnInfo	g_profile_HANSWITCH	actor_profile_0x1c	11	True	11	135		unlocated: no separate group-flags field is read from this descriptor by the recovered fBase_c/dActor_c constructors	0x00000002	0x00000000	0x00100000	0x01000000	0x00000000	ov002	0x020baadc	ExclamationSwitch_Spawn	src/ExclamationSwitch_Spawn.c	daObjSwitch_c_classInit	new_plus_inlined_ctor	0x00000354	0x02109940	daObjSwitch_c	SM64DS RTTI ov002:0x021098cc	ov002:0x020baaac;ov002:0x020baadc	d_a_obj_switch.cpp	0x20b9e64	0x20bab0c	yes	no	not_apply=global_classinit_name_collision
12	STAR_SWITCH	symbols/actor_debug_names.tsv (literal ROM string table)	0x02090254	1	1	False	ov002	0x0210991c	StarSwitch_SpawnInfo	g_profile_STAR_SWITCH	actor_profile_0x1c	12	True	12	136		unlocated: no separate group-flags field is read from this descriptor by the recovered fBase_c/dActor_c constructors	0x00000002	0x00000000	0x00100000	0x01000000	0x00000000	ov002	0x020baaac	StarSwitch_Spawn	src/StarSwitch_Spawn.c	daObjSwitch_c_classInit	new_plus_inlined_ctor	0x00000354	0x02109940	daObjSwitch_c	SM64DS RTTI ov002:0x021098cc	ov002:0x020baaac;ov002:0x020baadc	d_a_obj_switch.cpp	0x20b9e64	0x20bab0c	yes	no	not_apply=global_classinit_name_collision
13	TREASURE_BOX	symbols/actor_debug_names.tsv (literal ROM string table)	0x02090418	1	1	False	ov064	0x0211c4e8	TreasureChest_SpawnInfo	g_profile_TREASURE_BOX	actor_profile_0x1c	13	True	13	160		unlocated: no separate group-flags field is read from this descriptor by the recovered fBase_c/dActor_c constructors	0x00000003	0x00064000	0x000c8000	0x01000000	0x00000000	ov064	0x0211a8f0	TreasureChest_Spawn	src/TreasureChest_Spawn.c	daObjTbox_c_classInit	new_plus_inlined_ctor	0x00000178	0x0211c50c	daObjTbox_c	SM64DS RTTI ov064:0x0211c4cc		d_a_obj_tbox.cpp	0x211a200	0x211a930	yes	yes	eligible=unique_registry_context+rom_profile_id+unique_class_factory
14	CANNON_SHUTTER	symbols/actor_debug_names.tsv (literal ROM string table)	0x02090678	1	1	False	ov002	0x02109d14	daObjCannonShutter_c_SpawnInfo	g_profile_CANNON_SHUTTER	actor_profile_0x1c	14	True	14	158		unlocated: no separate group-flags field is read from this descriptor by the recovered fBase_c/dActor_c constructors	0x00800002	0x00000000	0x00100000	0x01000000	0x00000000	ov002	0x020bcccc	daObjCannonShutter_c_Spawn	src/actors/daObjCannonShutter_c.cpp	daObjCannonShutter_c_classInit	new_plus_inlined_ctor	0x00000330	0x02109d38	daObjCannonShutter_c	SM64DS RTTI ov002:0x02109cf0		d_a_obj_cannon_shutter.cpp	0x20bc8f4	0x20bccfc	yes	yes	eligible=unique_registry_context+rom_profile_id+unique_class_factory
15	BLOCK_L	symbols/actor_debug_names.tsv (literal ROM string table)	0x0208f978	1	1	False	ov002	0x02108a24	BrickBlock_SpawnInfo	g_profile_BLOCK_L	actor_profile_0x1c	15	True	15	32		unlocated: no separate group-flags field is read from this descriptor by the recovered fBase_c/dActor_c constructors	0x00000002	0x00064000	0x000c8000	0x01800000	0x01800000	ov002	0x020b412c	BrickBlock_Spawn	src/BrickBlock_Spawn.c	daObjBlockL_c_classInit	new_plus_inlined_ctor	0x00000330	0x02108adc	daObjBlockL_c	SM64DS RTTI ov002:0x021089f8	ov002:0x020b406c;ov002:0x020b409c;ov002:0x020b40cc;ov002:0x020b40fc;ov002:0x020b412c	d_a_obj_block_l.cpp	0x20b35a0	0x20b415c	yes	no	not_apply=global_classinit_name_collision
16	DP_BLOCK_L	symbols/actor_debug_names.tsv (literal ROM string table)	0x0208ffcc	1	1	False	ov002	0x02108a40	BigBrickBlock_SpawnInfo	g_profile_DP_BLOCK_L	actor_profile_0x1c	16	True	16	33		unlocated: no separate group-flags field is read from this descriptor by the recovered fBase_c/dActor_c constructors	0x00000002	0x00096000	0x0012c000	0x04000000	0x04000000	ov002	0x020b40fc	BigBrickBlock_Spawn	src/BigBrickBlock_Spawn.c	daObjBlockL_c_classInit	new_plus_inlined_ctor	0x00000330	0x02108adc	daObjBlockL_c	SM64DS RTTI ov002:0x021089f8	ov002:0x020b406c;ov002:0x020b409c;ov002:0x020b40cc;ov002:0x020b40fc;ov002:0x020b412c	d_a_obj_block_l.cpp	0x20b35a0	0x20b415c	yes	no	not_apply=global_classinit_name_collision
17	BLOCK_LL	symbols/actor_debug_names.tsv (literal ROM string table)	0x0208fbe8	1	1	False	ov002	0x02108a78	BlackBrickBlock_SpawnInfo	g_profile_BLOCK_LL	actor_profile_0x1c	17	True	17	34		unlocated: no separate group-flags field is read from this descriptor by the recovered fBase_c/dActor_c constructors	0x00000002	0x00096000	0x0012c000	0x01800000	0x01800000	ov002	0x020b409c	BlackBrickBlock_Spawn	src/BlackBrickBlock_Spawn.c	daObjBlockL_c_classInit	new_plus_inlined_ctor	0x00000330	0x02108adc	daObjBlockL_c	SM64DS RTTI ov002:0x021089f8	ov002:0x020b406c;ov002:0x020b409c;ov002:0x020b40cc;ov002:0x020b40fc;ov002:0x020b412c	d_a_obj_block_l.cpp	0x20b35a0	0x20b415c	yes	no	not_apply=global_classinit_name_collision
18	ICE_BLOCK_LL	symbols/actor_debug_names.tsv (literal ROM string table)	0x02090438	1	1	False	ov081	0x02128ca0	IceBlock_SpawnInfo	g_profile_ICE_BLOCK_LL	actor_profile_0x1c	18	True	18	35		unlocated: no separate group-flags field is read from this descriptor by the recovered fBase_c/dActor_c constructors	0x00000003	0x00100000	0x00300000	0x01000000	0x01000000	ov081	0x021280a0	IceBlock_Spawn	src/IceBlock_Spawn.c	daObjIceBlock_c_classInit	new_plus_inlined_ctor	0x00000368	0x02128cc4	daObjIceBlock_c	SM64DS RTTI ov081:0x02128c80		d_a_obj_ice_block.cpp	0x2127b34	0x21280d8	yes	yes	eligible=unique_registry_context+rom_profile_id+unique_class_factory
19	SW_BLOCK_L	symbols/actor_debug_names.tsv (literal ROM string table)	0x020900bc	1	1	False	ov002	0x02108a5c	BrickBlockSwitchActivated_SpawnInfo	g_profile_SW_BLOCK_L	actor_profile_0x1c	19	True	19	36		unlocated: no separate group-flags field is read from this descriptor by the recovered fBase_c/dActor_c constructors	0x00000002	0x00064000	0x000c8000	0x01800000	0x01800000	ov002	0x020b40cc	BrickBlockSwitchActivated_Spawn	src/BrickBlockSwitchActivated_Spawn.c	daObjBlockL_c_classInit	new_plus_inlined_ctor	0x00000330	0x02108adc	daObjBlockL_c	SM64DS RTTI ov002:0x021089f8	ov002:0x020b406c;ov002:0x020b409c;ov002:0x020b40cc;ov002:0x020b40fc;ov002:0x020b412c	d_a_obj_block_l.cpp	0x20b35a0	0x20b415c	yes	no	not_apply=global_classinit_name_collision
20	HATENA_BLOCK	symbols/actor_debug_names.tsv (literal ROM string table)	0x02090448	1	1	False	ov102	0x0214e3e8	QuestionBlock_SpawnInfo	g_profile_HATENA_BLOCK	actor_profile_0x1c	20	True	20	38		unlocated: no separate group-flags field is read from this descriptor by the recovered fBase_c/dActor_c constructors	0x00000002	0x00060000	0x00100000	0x01000000	0x01000000	ov102	0x0214a8ec	QuestionBlock_Spawn	src/QuestionBlock_Spawn.c	daObjHatenaBlock_c_classInit	new_plus_inlined_ctor	0x000003f8	0x0214e47c	daObjHatenaBlock_c	SM64DS RTTI ov102:0x0214e3a8	ov102:0x0214a7ec;ov102:0x0214a82c;ov102:0x0214a86c;ov102:0x0214a8ac;ov102:0x0214a8ec;ov102:0x0214a92c	d_a_obj_hatena_block.cpp	0x2148fbc	0x214a96c	yes	no	not_apply=global_classinit_name_collision
21	ITEM_BLOCK	symbols/actor_debug_names.tsv (literal ROM string table)	0x0209017c	1	1	False	ov102	0x0214e404	ExclamationBlock_SpawnInfo	g_profile_ITEM_BLOCK	actor_profile_0x1c	21	True	21	39		unlocated: no separate group-flags field is read from this descriptor by the recovered fBase_c/dActor_c constructors	0x00000002	0x00060000	0x00100000	0x01000000	0x01000000	ov102	0x0214a8ac	ExclamationBlock_Spawn	src/ExclamationBlock_Spawn.c	daObjHatenaBlock_c_classInit	new_plus_inlined_ctor	0x000003f8	0x0214e47c	daObjHatenaBlock_c	SM64DS RTTI ov102:0x0214e3a8	ov102:0x0214a7ec;ov102:0x0214a82c;ov102:0x0214a86c;ov102:0x0214a8ac;ov102:0x0214a8ec;ov102:0x0214a92c	d_a_obj_hatena_block.cpp	0x2148fbc	0x214a96c	yes	no	not_apply=global_classinit_name_collision
22	VS_ITEM_BLOCK	symbols/actor_debug_names.tsv (literal ROM string table)	0x02090568	1	1	False	ov102	0x0214e3cc	ExclamationBlockVs_SpawnInfo	g_profile_VS_ITEM_BLOCK	actor_profile_0x1c	22	True	22	40		unlocated: no separate group-flags field is read from this descriptor by the recovered fBase_c/dActor_c constructors	0x00000002	0x00060000	0x00100000	0x01000000	0x01000000	ov102	0x0214a92c	ExclamationBlockVs_Spawn	src/ExclamationBlockVs_Spawn.c	daObjHatenaBlock_c_classInit	new_plus_inlined_ctor	0x000003f8	0x0214e47c	daObjHatenaBlock_c	SM64DS RTTI ov102:0x0214e3a8	ov102:0x0214a7ec;ov102:0x0214a82c;ov102:0x0214a86c;ov102:0x0214a8ac;ov102:0x0214a8ec;ov102:0x0214a92c	d_a_obj_hatena_block.cpp	0x2148fbc	0x214a96c	yes	no	not_apply=global_classinit_name_collision
23	CAP_BLOCK_M	symbols/actor_debug_names.tsv (literal ROM string table)	0x02090260	1	1	False	ov102	0x0214e420	CapBlockMario_SpawnInfo	g_profile_CAP_BLOCK_M	actor_profile_0x1c	23	True	23	41		unlocated: no separate group-flags field is read from this descriptor by the recovered fBase_c/dActor_c constructors	0x00000002	0x00060000	0x00100000	0x01000000	0x01000000	ov102	0x0214a86c	CapBlockMario_Spawn	src/CapBlockMario_Spawn.c	daObjHatenaBlock_c_classInit	new_plus_inlined_ctor	0x000003f8	0x0214e47c	daObjHatenaBlock_c	SM64DS RTTI ov102:0x0214e3a8	ov102:0x0214a7ec;ov102:0x0214a82c;ov102:0x0214a86c;ov102:0x0214a8ac;ov102:0x0214a8ec;ov102:0x0214a92c	d_a_obj_hatena_block.cpp	0x2148fbc	0x214a96c	yes	no	not_apply=global_classinit_name_collision
24	CAP_BLOCK_W	symbols/actor_debug_names.tsv (literal ROM string table)	0x02090278	1	1	False	ov102	0x0214e458	CapBlockWario_SpawnInfo	g_profile_CAP_BLOCK_W	actor_profile_0x1c	24	True	24	42		unlocated: no separate group-flags field is read from this descriptor by the recovered fBase_c/dActor_c constructors	0x00000002	0x00060000	0x00100000	0x01000000	0x01000000	ov102	0x0214a7ec	CapBlockWario_Spawn	src/CapBlockWario_Spawn.c	daObjHatenaBlock_c_classInit	new_plus_inlined_ctor	0x000003f8	0x0214e47c	daObjHatenaBlock_c	SM64DS RTTI ov102:0x0214e3a8	ov102:0x0214a7ec;ov102:0x0214a82c;ov102:0x0214a86c;ov102:0x0214a8ac;ov102:0x0214a8ec;ov102:0x0214a92c	d_a_obj_hatena_block.cpp	0x2148fbc	0x214a96c	yes	no	not_apply=global_classinit_name_collision
25	CAP_BLOCK_L	symbols/actor_debug_names.tsv (literal ROM string table)	0x0209026c	1	1	False	ov102	0x0214e43c	CapBlockLuigi_SpawnInfo	g_profile_CAP_BLOCK_L	actor_profile_0x1c	25	True	25	43		unlocated: no separate group-flags field is read from this descriptor by the recovered fBase_c/dActor_c constructors	0x00000002	0x00060000	0x00100000	0x01000000	0x01000000	ov102	0x0214a82c	CapBlockLuigi_Spawn	src/CapBlockLuigi_Spawn.c	daObjHatenaBlock_c_classInit	new_plus_inlined_ctor	0x000003f8	0x0214e47c	daObjHatenaBlock_c	SM64DS RTTI ov102:0x0214e3a8	ov102:0x0214a7ec;ov102:0x0214a82c;ov102:0x0214a86c;ov102:0x0214a8ac;ov102:0x0214a8ec;ov102:0x0214a92c	d_a_obj_hatena_block.cpp	0x2148fbc	0x214a96c	yes	no	not_apply=global_classinit_name_collision
26	HATENA_SWITCH	symbols/actor_debug_names.tsv (literal ROM string table)	0x02090588	1	1	False	ov002	0x02108e38	QuestionSwitch_SpawnInfo	g_profile_HATENA_SWITCH	actor_profile_0x1c	26	True	26	294		unlocated: no separate group-flags field is read from this descriptor by the recovered fBase_c/dActor_c constructors	0x00000002	0x00100000	0x00200000	0x01000000	0x00000000	ov002	0x020b56d8	QuestionSwitch_Spawn	src/QuestionSwitch_Spawn.c	daObjHatenaSwitch_c_classInit	new_plus_inlined_ctor	0x00000724	0x02108e5c	daObjHatenaSwitch_c	SM64DS RTTI ov002:0x02108e14		d_a_obj_hatena_switch.cpp	0x20b4ed8	0x20b5734	yes	yes	eligible=unique_registry_context+rom_profile_id+unique_class_factory
27	PILE	symbols/actor_debug_names.tsv (literal ROM string table)	0x0208f6b8	1	1	False	ov091	0x02135298	Stump_SpawnInfo	g_profile_PILE	actor_profile_0x1c	27	True	27	295		unlocated: no separate group-flags field is read from this descriptor by the recovered fBase_c/dActor_c constructors	0x08000002	0x00060000	0x000a0000	0x01000000	0x00000000	ov091	0x02133938	Stump_Spawn	src/Stump_Spawn.c	daObjPile_c_classInit	new_plus_inlined_ctor	0x00000330	0x021352bc	daObjPile_c	SM64DS RTTI ov091:0x0213527c		d_a_obj_pile.cpp	0x21333fc	0x2133968	yes	yes	eligible=unique_registry_context+rom_profile_id+unique_class_factory
28	SEESAW	symbols/actor_debug_names.tsv (literal ROM string table)	0x0208f868	1	1	False	ov095	0x021373dc	SeesawUtm_SpawnInfo	g_profile_SEESAW	actor_profile_0x1c	28	True	28	296		unlocated: no separate group-flags field is read from this descriptor by the recovered fBase_c/dActor_c constructors	0x00000002	0x00000000	0x00500000	0x01850000	0x00000000	ov095	0x02135fc4	SeesawUtm_Spawn	src/SeesawUtm_Spawn.c	daObjSeesaw_c_classInit	new_plus_inlined_ctor	0x00000328	0x021374fc	daObjSeesaw_c	SM64DS RTTI ov095:0x021373c0	ov095:0x02135ea4;ov095:0x02135ed4;ov095:0x02135f04;ov095:0x02135f34;ov095:0x02135f64;ov095:0x02135f94;ov095:0x02135fc4	d_a_obj_seesaw.cpp	0x2135700	0x2135ff4	yes	no	not_apply=global_classinit_name_collision
29	UPDOWN_LIFT	symbols/actor_debug_names.tsv (literal ROM string table)	0x02090290	1	1	False	ov091	0x02134bf8	RotatingUpDownPlatform_SpawnInfo	g_profile_UPDOWN_LIFT	actor_profile_0x1c	29	True	29	297		unlocated: no separate group-flags field is read from this descriptor by the recovered fBase_c/dActor_c constructors	0x01000002	0x00000000	0x00200000	0x01000000	0x01000000	ov091	0x02131bdc	RotatingUpDownPlatform_Spawn	src/RotatingUpDownPlatform_Spawn.c	daObjRotateUpdownLift_c_classInit	new_plus_inlined_ctor	0x000003a8	0x02134c5c	daObjRotateUpdownLift_c	SM64DS RTTI ov091:0x02134bc4	ov091:0x02131ba4;ov091:0x02131bdc	d_a_obj_rotate_updown_lift.cpp	0x2130f00	0x2131c14	yes	no	not_apply=global_classinit_name_collision
30	HS_UPDOWN_LIFT	symbols/actor_debug_names.tsv (literal ROM string table)	0x02090688	1	1	False	ov091	0x02134c14	RotatingUpDownPlatformUtm_SpawnInfo	g_profile_HS_UPDOWN_LIFT	actor_profile_0x1c	30	True	30	298		unlocated: no separate group-flags field is read from this descriptor by the recovered fBase_c/dActor_c constructors	0x00000002	0x00000000	0x00500000	0x01000000	0x00000000	ov091	0x02131ba4	RotatingUpDownPlatformUtm_Spawn	src/RotatingUpDownPlatformUtm_Spawn.c	daObjRotateUpdownLift_c_classInit	new_plus_inlined_ctor	0x000003a8	0x02134c5c	daObjRotateUpdownLift_c	SM64DS RTTI ov091:0x02134bc4	ov091:0x02131ba4;ov091:0x02131bdc	d_a_obj_rotate_updown_lift.cpp	0x2130f00	0x2131c14	yes	no	not_apply=global_classinit_name_collision
31	PATH_LIFT	symbols/actor_debug_names.tsv (literal ROM string table)	0x0208fd50	1	1	False	ov100	0x02148558	PathLift_SpawnInfo	g_profile_PATH_LIFT	actor_profile_0x1c	31	True	31	299		unlocated: no separate group-flags field is read from this descriptor by the recovered fBase_c/dActor_c constructors	0x00000002	0x00000000	0x00300000	0x01000000	0x01000000	ov100	0x02147328	PathLift_Spawn	src/PathLift_Spawn.cpp	daObjPathLift_c_classInit	new_plus_inlined_ctor	0x000004b4	0x0214857c	daObjPathLift_c	SM64DS RTTI ov100:0x02148538		d_a_obj_path_lift.cpp	0x2146d7c	0x21473a4	yes	yes	eligible=unique_registry_context+rom_profile_id+unique_class_factory
32	UDLIFT_TERESA	symbols/actor_debug_names.tsv (literal ROM string table)	0x02090598	1	1	False	ov095	0x021375cc	UpDownLiftBbh_SpawnInfo	g_profile_UDLIFT_TERESA	actor_profile_0x1c	32	True	32	300		unlocated: no separate group-flags field is read from this descriptor by the recovered fBase_c/dActor_c constructors	0x01000002	0x00000000	0x001f4000	0x00af0000	0x004b0000	ov095	0x021367fc	UpDownLiftBbh_Spawn	src/UpDownLiftBbh_Spawn.c	daUdlift_c_classInit	new_plus_inlined_ctor	0x0000034c	0x02137628	daUdlift_c	SM64DS RTTI ov095:0x021375b0	ov095:0x0213679c;ov095:0x021367cc;ov095:0x021367fc	d_a_udlift.cpp	0x2135ff4	0x213682c	yes	no	not_apply=global_classinit_name_collision
33	UDLIFT	symbols/actor_debug_names.tsv (literal ROM string table)	0x0208f7c8	1	1	False	ov095	0x021375e8	UpDownLiftHmc_SpawnInfo	g_profile_UDLIFT	actor_profile_0x1c	33	True	33	301		unlocated: no separate group-flags field is read from this descriptor by the recovered fBase_c/dActor_c constructors	0x01000002	0x00000000	0x001f4000	0x00af0000	0x004b0000	ov095	0x021367cc	UpDownLiftHmc_Spawn	src/UpDownLiftHmc_Spawn.c	daUdlift_c_classInit	new_plus_inlined_ctor	0x0000034c	0x02137628	daUdlift_c	SM64DS RTTI ov095:0x021375b0	ov095:0x0213679c;ov095:0x021367cc;ov095:0x021367fc	d_a_udlift.cpp	0x2135ff4	0x213682c	yes	no	not_apply=global_classinit_name_collision
34	C0_SWITCH	symbols/actor_debug_names.tsv (literal ROM string table)	0x0208fd5c	1	1	False	ov012	0x02112320	SwitchPillar_SpawnInfo	g_profile_C0_SWITCH	actor_profile_0x1c	34	True	34	228		unlocated: no separate group-flags field is read from this descriptor by the recovered fBase_c/dActor_c constructors	0x00000002	0x00060000	0x00250000	0x01000000	0x00000000	ov012	0x02111420	SwitchPillar_Spawn	src/SwitchPillar_Spawn.c	daObjC0_Switch_c_classInit	new_plus_inlined_ctor	0x00000320	0x02112344	daObjC0_Switch_c	SM64DS RTTI ov012:0x02112300		d_a_obj_c0_switch.cpp	0x21111a0	0x2111450	yes	yes	eligible=unique_registry_context+rom_profile_id+unique_class_factory
35	C0_WATER	symbols/actor_debug_names.tsv (literal ROM string table)	0x0208fb1c	1	1	False	ov012	0x021123e4	BasementWater_SpawnInfo	g_profile_C0_WATER	actor_profile_0x1c	35	True	35	229		unlocated: no separate group-flags field is read from this descriptor by the recovered fBase_c/dActor_c constructors	0x00000000	0x00000000	0x01000000	0x00000000	0x00000000	ov012	0x02111730	BasementWater_Spawn	src/BasementWater_Spawn.c	daObjC0Water_c_classInit	new_plus_inlined_ctor	0x00000340	0x02112408	daObjC0Water_c	SM64DS RTTI ov012:0x021123c4		d_a_obj_c0_water.cpp	0x2111450	0x2111768	yes	yes	eligible=unique_registry_context+rom_profile_id+unique_class_factory
36	C1_TRAP	symbols/actor_debug_names.tsv (literal ROM string table)	0x0208f958	1	2	True	ov010	0x02112ac0	Trap_SpawnInfo	g_profile_C1_TRAP	actor_profile_0x1c	36	True	36	323		unlocated: no separate group-flags field is read from this descriptor by the recovered fBase_c/dActor_c constructors	0x00000000	0x00000000	0x001f4000	0x00000000	0x00000000	ov010	0x02111998	Trap_Spawn	src/actors/daObjC1_Trap_c.cpp	daObjC1_Trap_c_classInit	new_plus_inlined_ctor	0x000003b0	0x02112ae4	daObjC1_Trap_c	SM64DS RTTI ov010:0x02112aa0		d_a_obj_c1_trap.cpp	0x21111a0	0x21119d0	no	no	not_apply=overlay_multiplexed_registry_pointer
36	C1_TRAP	symbols/actor_debug_names.tsv (literal ROM string table)	0x0208f958	2	2	True	ov035	0x02112ac0	data_ov035_02112ac0	g_profile_C1_TRAP	actor_profile_0x1c	121	False	121	244		unlocated: no separate group-flags field is read from this descriptor by the recovered fBase_c/dActor_c constructors	0x00000003	0x00060000	0x00250000	0x01000000	0x00000000	ov035	0x0211168c	func_ov035_0211168c	src/func_ov035_0211168c.c	daObjCtMecha10_c_classInit	new_plus_inlined_ctor	0x00000330	0x02112b00	daObjCtMecha10_c	SM64DS RTTI ov035:0x02112a84	ov035:0x0211165c;ov035:0x0211168c;ov035:0x021116bc	d_a_obj_ct_mecha10.cpp	0x21111a0	0x21116ec	no	no	not_apply=overlay_multiplexed_registry_pointer+global_classinit_name_collision
37	C1_HIKARI	symbols/actor_debug_names.tsv (literal ROM string table)	0x0208fd68	1	1	False	ov010	0x02112b84	LightBeam_SpawnInfo	g_profile_C1_HIKARI	actor_profile_0x1c	37	True	37	324		unlocated: no separate group-flags field is read from this descriptor by the recovered fBase_c/dActor_c constructors	0x00000003	0x00000000	0x007d0000	0x00fa0000	0x00000000	ov010	0x02111dd0	LightBeam_Spawn	src/LightBeam_Spawn.c	daObjC1Hikari_c_classInit	new_plus_inlined_ctor	0x0000016c	0x02112ba8	daObjC1Hikari_c	SM64DS RTTI ov010:0x02112b64		d_a_obj_c1_hikari.cpp	0x21119d0	0x2111e10	yes	yes	eligible=unique_registry_context+rom_profile_id+unique_class_factory
38	C1_PEACH	symbols/actor_debug_names.tsv (literal ROM string table)	0x0208fb70	1	1	False	ov010	0x02112c44	PeachPainting_SpawnInfo	g_profile_C1_PEACH	actor_profile_0x1c	38	True	38	325		unlocated: no separate group-flags field is read from this descriptor by the recovered fBase_c/dActor_c constructors	0x00000000	0x00000000	0x00001000	0x00000000	0x00000000	ov010	0x02112004	PeachPainting_Spawn	src/PeachPainting_Spawn.c	daObjC1Peach_c_classInit	new_plus_inlined_ctor	0x00000128	0x02112c68	daObjC1Peach_c	SM64DS RTTI ov010:0x02112c24		d_a_obj_c1_peach.cpp	0x2111e10	0x211203c	yes	yes	eligible=unique_registry_context+rom_profile_id+unique_class_factory
39	BOMB_SEESAW	symbols/actor_debug_names.tsv (literal ROM string table)	0x020902b4	1	1	False	ov095	0x02137484	SeesawBob_SpawnInfo	g_profile_BOMB_SEESAW	actor_profile_0x1c	39	True	39	173		unlocated: no separate group-flags field is read from this descriptor by the recovered fBase_c/dActor_c constructors	0x00000002	0x00000000	0x00400000	0x01000000	0x00000000	ov095	0x02135f94	SeesawBob_Spawn	src/SeesawBob_Spawn.c	daObjSeesaw_c_classInit	new_plus_inlined_ctor	0x00000328	0x021374fc	daObjSeesaw_c	SM64DS RTTI ov095:0x021373c0	ov095:0x02135ea4;ov095:0x02135ed4;ov095:0x02135f04;ov095:0x02135f34;ov095:0x02135f64;ov095:0x02135f94;ov095:0x02135fc4	d_a_obj_seesaw.cpp	0x2135700	0x2135ff4	yes	no	not_apply=global_classinit_name_collision
40	SWITCHDOOR	symbols/actor_debug_names.tsv (literal ROM string table)	0x0208fffc	1	1	False	ov014	0x021145e4	daObjBSwdoor_c_SpawnInfo	g_profile_SWITCHDOOR	actor_profile_0x1c	40	True	40	137		unlocated: no separate group-flags field is read from this descriptor by the recovered fBase_c/dActor_c constructors	0x00000003	0x00120000	0x00400000	0x01000000	0x00000000	ov014	0x021112cc	daObjBSwdoor_c_Spawn	src/daObjBSwdoor_c_Spawn.c	daObjBSwdoor_c_classInit	new_plus_inlined_ctor	0x00000324	0x02114608	daObjBSwdoor_c	SM64DS RTTI ov014:0x021145b8		d_a_obj_b_swdoor.cpp	0x21111a0	0x2111308	yes	yes	eligible=unique_registry_context+rom_profile_id+unique_class_factory
41	WANWAN_SHUTTER	symbols/actor_debug_names.tsv (literal ROM string table)	0x02090698	1	1	False	ov014	0x0211488c	ChainChompFence_SpawnInfo	g_profile_WANWAN_SHUTTER	actor_profile_0x1c	41	True	41	68		unlocated: no separate group-flags field is read from this descriptor by the recovered fBase_c/dActor_c constructors	0x00000002	0x00100000	0x00800000	0x02000000	0x00000000	ov014	0x0211307c	ChainChompFence_Spawn	src/ChainChompFence_Spawn.c	daObjWanwanShutter_c_classInit	new_plus_inlined_ctor	0x00000320	0x021148b0	daObjWanwanShutter_c	SM64DS RTTI ov014:0x02114868		d_a_obj_wanwan_shutter.cpp	0x2112e0c	0x21130ac	yes	yes	eligible=unique_registry_context+rom_profile_id+unique_class_factory
42	BK_BILLBOARD	symbols/actor_debug_names.tsv (literal ROM string table)	0x02090468	1	1	False	ov015	0x0211433c	PoleBillboard_SpawnInfo	g_profile_BK_BILLBOARD	actor_profile_0x1c	42	True	42	195		unlocated: no separate group-flags field is read from this descriptor by the recovered fBase_c/dActor_c constructors	0x00000000	0x00000000	0x00010000	0x00000000	0x00000000	ov015	0x021112dc	PoleBillboard_Spawn	src/PoleBillboard_Spawn.c	daObjBkBillboard_c_classInit	new_plus_inlined_ctor	0x00000124	0x02114360	daObjBkBillboard_c	SM64DS RTTI ov015:0x02114318		d_a_obj_bk_billboard.cpp	0x21111a0	0x2111314	yes	yes	eligible=unique_registry_context+rom_profile_id+unique_class_factory
43	BK_KILLER_DAI	symbols/actor_debug_names.tsv (literal ROM string table)	0x020905a8	1	1	False	ov079	0x02127f94	BillBlaster_SpawnInfo	g_profile_BK_KILLER_DAI	actor_profile_0x1c	43	True	43	196		unlocated: no separate group-flags field is read from this descriptor by the recovered fBase_c/dActor_c constructors	0x00000002	0x00000000	0x00200000	0x01000000	0x00000000	ov079	0x021271b4	BillBlaster_Spawn	src/BillBlaster_Spawn.c	daObjBkKillerdai_c_classInit	new_plus_inlined_ctor	0x00000324	0x02127fb8	daObjBkKillerdai_c	SM64DS RTTI ov079:0x02127f70		d_a_obj_bk_killerdai.cpp	0x2126dbc	0x21271e4	yes	yes	eligible=unique_registry_context+rom_profile_id+unique_class_factory
44	BK_BOTAOSI	symbols/actor_debug_names.tsv (literal ROM string table)	0x02090008	1	1	False	ov015	0x021143fc	KnockDownPlank_SpawnInfo	g_profile_BK_BOTAOSI	actor_profile_0x1c	44	True	44	197		unlocated: no separate group-flags field is read from this descriptor by the recovered fBase_c/dActor_c constructors	0x00000002	0x00000000	0x01000000	0x01000000	0x01000000	ov015	0x02111b68	KnockDownPlank_Spawn	src/KnockDownPlank_Spawn.c	daObjBk_Botaosi_c_classInit	new_plus_inlined_ctor	0x0000039c	0x02114420	daObjBk_Botaosi_c	SM64DS RTTI ov015:0x021143dc		d_a_obj_bk_botaosi.cpp	0x2111314	0x2111ba0	yes	yes	eligible=unique_registry_context+rom_profile_id+unique_class_factory
45	BK_DOWN_B	symbols/actor_debug_names.tsv (literal ROM string table)	0x0208fd80	1	1	False	ov015	0x021148b8	daObjBk_Fall_Block_c_SpawnInfo	g_profile_BK_DOWN_B	actor_profile_0x1c	45	True	45	198		unlocated: no separate group-flags field is read from this descriptor by the recovered fBase_c/dActor_c constructors	0x00000002	0x00000000	0x000f0000	0x01000000	0x00000000	ov015	0x02112dd0	daObjBk_Fall_Block_c_Spawn	src/daObjBk_Fall_Block_c_Spawn.c	daObjBk_Fall_Block_c_classInit	new_plus_inlined_ctor	0x0000034c	0x021148dc	daObjBk_Fall_Block_c	SM64DS RTTI ov015:0x02114868		d_a_obj_bk_fall_block.cpp	0x2112cf4	0x2112e0c	yes	yes	eligible=unique_registry_context+rom_profile_id+unique_class_factory
46	BK_FUTA	symbols/actor_debug_names.tsv (literal ROM string table)	0x0208f898	1	1	False	ov002	0x02108a94	FortressTowerWall_SpawnInfo	g_profile_BK_FUTA	actor_profile_0x1c	46	True	46	199		unlocated: no separate group-flags field is read from this descriptor by the recovered fBase_c/dActor_c constructors	0x00000002	0x00064000	0x000c8000	0x01800000	0x01800000	ov002	0x020b406c	FortressTowerWall_Spawn	src/FortressTowerWall_Spawn.c	daObjBlockL_c_classInit	new_plus_inlined_ctor	0x00000330	0x02108adc	daObjBlockL_c	SM64DS RTTI ov002:0x021089f8	ov002:0x020b406c;ov002:0x020b409c;ov002:0x020b40cc;ov002:0x020b40fc;ov002:0x020b412c	d_a_obj_block_l.cpp	0x20b35a0	0x20b415c	yes	no	not_apply=global_classinit_name_collision
47	BK_KABE01	symbols/actor_debug_names.tsv (literal ROM string table)	0x0208fd8c	1	1	False	ov079	0x0212808c	FortressWall_SpawnInfo	g_profile_BK_KABE01	actor_profile_0x1c	47	True	47	200		unlocated: no separate group-flags field is read from this descriptor by the recovered fBase_c/dActor_c constructors	0x00000000	0x00000000	0x00001000	0x00000000	0x00000000	ov079	0x0212757c	FortressWall_Spawn	src/FortressWall_Spawn.c	daObjBk_Kabe_c_classInit	new_plus_inlined_ctor	0x00000324	0x021280b0	daObjBk_Kabe_c	SM64DS RTTI ov079:0x02128038	ov079:0x0212757c;ov079:0x021275ac	d_a_obj_bk_kabe.cpp	0x21271e4	0x21275dc	yes	no	not_apply=global_classinit_name_collision
48	BK_KABE00	symbols/actor_debug_names.tsv (literal ROM string table)	0x0208fd98	1	1	False	ov079	0x02128070	FortressWallBreakable_SpawnInfo	g_profile_BK_KABE00	actor_profile_0x1c	48	True	48	201		unlocated: no separate group-flags field is read from this descriptor by the recovered fBase_c/dActor_c constructors	0x00000000	0x00000000	0x00001000	0x00000000	0x00000000	ov079	0x021275ac	FortressWallBreakable_Spawn	src/FortressWallBreakable_Spawn.c	daObjBk_Kabe_c_classInit	new_plus_inlined_ctor	0x00000324	0x021280b0	daObjBk_Kabe_c	SM64DS RTTI ov079:0x02128038	ov079:0x0212757c;ov079:0x021275ac	d_a_obj_bk_kabe.cpp	0x21271e4	0x21275dc	yes	no	not_apply=global_classinit_name_collision
49	BK_TOWER	symbols/actor_debug_names.tsv (literal ROM string table)	0x0208fbd0	1	1	False	ov102	0x0214e118	FortressTower_SpawnInfo	g_profile_BK_TOWER	actor_profile_0x1c	49	True	49	202		unlocated: no separate group-flags field is read from this descriptor by the recovered fBase_c/dActor_c constructors	0x00000000	0x00300000	0x00800000	0x01000000	0x00000000	ov102	0x02148f2c	FortressTower_Spawn	src/FortressTower_Spawn.c	daObjSimpleBg_c_classInit	new_plus_inlined_ctor	0x00000320	0x0214e1d8	daObjSimpleBg_c	SM64DS RTTI ov102:0x0214e0c0	ov102:0x02148e9c;ov102:0x02148ecc;ov102:0x02148efc;ov102:0x02148f2c;ov102:0x02148f5c;ov102:0x02148f8c	d_a_obj_simple_bg.cpp	0x2148a80	0x2148fbc	yes	no	not_apply=global_classinit_name_collision
50	BK_UKISIMA	symbols/actor_debug_names.tsv (literal ROM string table)	0x02090014	1	1	False	ov015	0x021147c4	RotatingPlatformWf_SpawnInfo	g_profile_BK_UKISIMA	actor_profile_0x1c	50	True	50	203		unlocated: no separate group-flags field is read from this descriptor by the recovered fBase_c/dActor_c constructors	0x00000002	0x003e8000	0x007d0000	0x02000000	0x00cd0000	ov015	0x02112cb8	RotatingPlatformWf_Spawn	src/RotatingPlatformWf_Spawn.c	daObjBk_Ukisima_c_classInit	new_plus_inlined_ctor	0x00000320	0x021147e8	daObjBk_Ukisima_c	SM64DS RTTI ov015:0x02114798		d_a_obj_bk_ukisima.cpp	0x2112bd0	0x2112cf4	yes	yes	eligible=unique_registry_context+rom_profile_id+unique_class_factory
51	BK_ROTEBAR	symbols/actor_debug_names.tsv (literal ROM string table)	0x02090020	1	1	False	ov015	0x021146f0	RotatingBridge_SpawnInfo	g_profile_BK_ROTEBAR	actor_profile_0x1c	51	True	51	204		unlocated: no separate group-flags field is read from this descriptor by the recovered fBase_c/dActor_c constructors	0x00000002	0x00000000	0x00350000	0x01000000	0x00000000	ov015	0x02112ba0	RotatingBridge_Spawn	src/RotatingBridge_Spawn.c	daObjBk_Rotebar_c_classInit	new_plus_inlined_ctor	0x00000324	0x02114714	daObjBk_Rotebar_c	SM64DS RTTI ov015:0x021146d0		d_a_obj_bk_rotebar.cpp	0x2112944	0x2112bd0	yes	yes	eligible=unique_registry_context+rom_profile_id+unique_class_factory
52	BK_LIFT01	symbols/actor_debug_names.tsv (literal ROM string table)	0x0208fdb0	1	1	False	ov015	0x0211462c	TowerStep_SpawnInfo	g_profile_BK_LIFT01	actor_profile_0x1c	52	True	52	205		unlocated: no separate group-flags field is read from this descriptor by the recovered fBase_c/dActor_c constructors	0x00000002	0x00030000	0x00180000	0x01000000	0x01000000	ov015	0x0211290c	TowerStep_Spawn	src/TowerStep_Spawn.c	daObjBk_Lift_c_classInit	new_plus_inlined_ctor	0x00000394	0x02114650	daObjBk_Lift_c	SM64DS RTTI ov015:0x0211460c		d_a_obj_bk_lift.cpp	0x2112290	0x2112944	yes	yes	eligible=unique_registry_context+rom_profile_id+unique_class_factory
53	BK_DOSSUNBAR_L	symbols/actor_debug_names.tsv (literal ROM string table)	0x020906a8	1	1	False	ov015	0x02114568	MovingBarBig_SpawnInfo	g_profile_BK_DOSSUNBAR_L	actor_profile_0x1c	53	True	53	207		unlocated: no separate group-flags field is read from this descriptor by the recovered fBase_c/dActor_c constructors	0x00000002	0x00000000	0x00500000	0x01000000	0x00000000	ov015	0x02112230	MovingBarBig_Spawn	src/MovingBarBig_Spawn.c	daObjBk_Dossunbar_c_classInit	new_plus_inlined_ctor	0x00000338	0x0211458c	daObjBk_Dossunbar_c	SM64DS RTTI ov015:0x02114510	ov015:0x02112230;ov015:0x02112260	d_a_obj_bk_dossunbar.cpp	0x2111ba0	0x2112290	yes	no	not_apply=global_classinit_name_collision
54	BK_DOSSUNBAR_S	symbols/actor_debug_names.tsv (literal ROM string table)	0x020906b8	1	1	False	ov015	0x0211454c	MovingBarSmall_SpawnInfo	g_profile_BK_DOSSUNBAR_S	actor_profile_0x1c	54	True	54	206		unlocated: no separate group-flags field is read from this descriptor by the recovered fBase_c/dActor_c constructors	0x00000002	0x00000000	0x00500000	0x01000000	0x00000000	ov015	0x02112260	MovingBarSmall_Spawn	src/MovingBarSmall_Spawn.c	daObjBk_Dossunbar_c_classInit	new_plus_inlined_ctor	0x00000338	0x0211458c	daObjBk_Dossunbar_c	SM64DS RTTI ov015:0x02114510	ov015:0x02112230;ov015:0x02112260	d_a_obj_bk_dossunbar.cpp	0x2111ba0	0x2112290	yes	no	not_apply=global_classinit_name_collision
55	BK_TRANSBAR	symbols/actor_debug_names.tsv (literal ROM string table)	0x020902cc	1	1	False	ov091	0x02135008	SlidingPlatformWf_SpawnInfo	g_profile_BK_TRANSBAR	actor_profile_0x1c	55	True	55	208		unlocated: no separate group-flags field is read from this descriptor by the recovered fBase_c/dActor_c constructors	0x00000002	0x00000000	0x00350000	0x01000000	0x00000000	ov091	0x021327e8	SlidingPlatformWf_Spawn	src/SlidingPlatformWf_Spawn.c	daObjSimpleLift_c_classInit	new_plus_inlined_ctor	0x00000330	0x02135080	daObjSimpleLift_c	SM64DS RTTI ov091:0x02134f40	ov091:0x021327e8;ov091:0x02132818;ov091:0x02132848;ov091:0x02132878;ov091:0x021328a8;ov091:0x021328d8;ov091:0x02132908	d_a_obj_simple_lift.cpp	0x2132404	0x2132938	yes	no	not_apply=global_classinit_name_collision
56	KI_FUNE	symbols/actor_debug_names.tsv (literal ROM string table)	0x0208f900	1	1	False	ov016	0x021149fc	ShipDown_SpawnInfo	g_profile_KI_FUNE	actor_profile_0x1c	56	True	56	180		unlocated: no separate group-flags field is read from this descriptor by the recovered fBase_c/dActor_c constructors	0x00000002	0x00600000	0x01500000	0x03000000	0x00000000	ov016	0x021129d0	ShipDown_Spawn	src/ShipDown_Spawn.c	daObjKi_Fune_c_classInit	new_plus_inlined_ctor	0x0000032c	0x02114a3c	daObjKi_Fune_c	SM64DS RTTI ov016:0x021149dc	ov016:0x021129a0;ov016:0x021129d0	d_a_obj_ki_fune.cpp	0x211260c	0x2112a00	yes	no	not_apply=global_classinit_name_collision
57	KI_FUNE_UP	symbols/actor_debug_names.tsv (literal ROM string table)	0x0209002c	1	1	False	ov016	0x02114a18	ShipUp_SpawnInfo	g_profile_KI_FUNE_UP	actor_profile_0x1c	57	True	57	181		unlocated: no separate group-flags field is read from this descriptor by the recovered fBase_c/dActor_c constructors	0x00000002	0x00600000	0x01500000	0x03000000	0x00000000	ov016	0x021129a0	ShipUp_Spawn	src/ShipUp_Spawn.c	daObjKi_Fune_c_classInit	new_plus_inlined_ctor	0x0000032c	0x02114a3c	daObjKi_Fune_c	SM64DS RTTI ov016:0x021149dc	ov016:0x021129a0;ov016:0x021129d0	d_a_obj_ki_fune.cpp	0x211260c	0x2112a00	yes	no	not_apply=global_classinit_name_collision
58	KI_HASIRA	symbols/actor_debug_names.tsv (literal ROM string table)	0x0208fdc8	1	1	False	ov016	0x02114adc	RockPillar_SpawnInfo	g_profile_KI_HASIRA	actor_profile_0x1c	58	True	58	182		unlocated: no separate group-flags field is read from this descriptor by the recovered fBase_c/dActor_c constructors	0x02000002	0x00100000	0x00500000	0x02000000	0x00000000	ov016	0x02112ec4	RockPillar_Spawn	src/RockPillar_Spawn.c	daObjKi_Hasira_c_classInit	new_plus_inlined_ctor	0x00000328	0x02114b00	daObjKi_Hasira_c	SM64DS RTTI ov016:0x02114abc		d_a_obj_ki_hasira.cpp	0x2112a00	0x2112ef4	yes	yes	eligible=unique_registry_context+rom_profile_id+unique_class_factory
59	KI_HASIRA_DAI	symbols/actor_debug_names.tsv (literal ROM string table)	0x020905c8	1	1	False	ov102	0x0214e0fc	RockTriangle_SpawnInfo	g_profile_KI_HASIRA_DAI	actor_profile_0x1c	59	True	59	183		unlocated: no separate group-flags field is read from this descriptor by the recovered fBase_c/dActor_c constructors	0x00000002	0x00000000	0x00200000	0x02000000	0x00000000	ov102	0x02148f5c	RockTriangle_Spawn	src/RockTriangle_Spawn.c	daObjSimpleBg_c_classInit	new_plus_inlined_ctor	0x00000320	0x0214e1d8	daObjSimpleBg_c	SM64DS RTTI ov102:0x0214e0c0	ov102:0x02148e9c;ov102:0x02148ecc;ov102:0x02148efc;ov102:0x02148f2c;ov102:0x02148f5c;ov102:0x02148f8c	d_a_obj_simple_bg.cpp	0x2148a80	0x2148fbc	yes	no	not_apply=global_classinit_name_collision
60	KI_ITA	symbols/actor_debug_names.tsv (literal ROM string table)	0x0208f7e8	1	1	False	ov016	0x02114ba8	FloatOnWaterPlatformJrb_SpawnInfo	g_profile_KI_ITA	actor_profile_0x1c	60	True	60	184		unlocated: no separate group-flags field is read from this descriptor by the recovered fBase_c/dActor_c constructors	0x00000002	0x00000000	0x00250000	0x02000000	0x00000000	ov016	0x02112fbc	FloatOnWaterPlatformJrb_Spawn	src/FloatOnWaterPlatformJrb_Spawn.c	daObjKi_Ita_c_classInit	new_plus_inlined_ctor	0x00000348	0x02114bcc	daObjKi_Ita_c	SM64DS RTTI ov016:0x02114b80		d_a_obj_ki_ita.cpp	0x2112ef4	0x2112ff8	yes	yes	eligible=unique_registry_context+rom_profile_id+unique_class_factory
61	KI_IWA	symbols/actor_debug_names.tsv (literal ROM string table)	0x0208f7a0	1	1	False	ov102	0x0214e0e0	StaticRock_SpawnInfo	g_profile_KI_IWA	actor_profile_0x1c	61	True	61	185		unlocated: no separate group-flags field is read from this descriptor by the recovered fBase_c/dActor_c constructors	0x00000002	0x00000000	0x00500000	0x02000000	0x00000000	ov102	0x02148f8c	StaticRock_Spawn	src/StaticRock_Spawn.c	daObjSimpleBg_c_classInit	new_plus_inlined_ctor	0x00000320	0x0214e1d8	daObjSimpleBg_c	SM64DS RTTI ov102:0x0214e0c0	ov102:0x02148e9c;ov102:0x02148ecc;ov102:0x02148efc;ov102:0x02148f2c;ov102:0x02148f5c;ov102:0x02148f8c	d_a_obj_simple_bg.cpp	0x2148a80	0x2148fbc	yes	no	not_apply=global_classinit_name_collision
62	KS_MIZU	symbols/actor_debug_names.tsv (literal ROM string table)	0x0208f8d0	1	1	False	ov017	0x02111bd4	ShipWater_SpawnInfo	g_profile_KS_MIZU	actor_profile_0x1c	62	True	62	186		unlocated: no separate group-flags field is read from this descriptor by the recovered fBase_c/dActor_c constructors	0x00000000	0x00000000	0x0000a000	0x00000000	0x00000000	ov017	0x02111480	ShipWater_Spawn	src/ShipWater_Spawn.c	daObjKsWater_c_classInit	new_plus_inlined_ctor	0x00000340	0x02111bf8	daObjKsWater_c	SM64DS RTTI ov017:0x02111bb4		d_a_obj_ks_water.cpp	0x21111a0	0x21114b8	yes	yes	eligible=unique_registry_context+rom_profile_id+unique_class_factory
63	SM_LIFT	symbols/actor_debug_names.tsv (literal ROM string table)	0x0208f8e0	1	1	False	ov018	0x021138a8	SkiLift_SpawnInfo	g_profile_SM_LIFT	actor_profile_0x1c	63	True	63	230		unlocated: no separate group-flags field is read from this descriptor by the recovered fBase_c/dActor_c constructors	0x00000002	0x00000000	0x00300000	0x01000000	0x00000000	ov018	0x02111818	SkiLift_Spawn	src/SkiLift_Spawn.c	daObjSm_Lift_c_classInit	new_plus_inlined_ctor	0x00000354	0x021138cc	daObjSm_Lift_c	SM64DS RTTI ov018:0x02113888		d_a_obj_sm_lift.cpp	0x21111a0	0x2111848	yes	yes	eligible=unique_registry_context+rom_profile_id+unique_class_factory
64	CASKET	symbols/actor_debug_names.tsv (literal ROM string table)	0x0208f800	1	1	False	ov071	0x02122eb0	Coffin_SpawnInfo	g_profile_CASKET	actor_profile_0x1c	64	True	64	159		unlocated: no separate group-flags field is read from this descriptor by the recovered fBase_c/dActor_c constructors	0x02000002	0x00100000	0x00300000	0x01000000	0x00000000	ov071	0x02122670	Coffin_Spawn	src/Coffin_Spawn.c	daObjCasket_c_classInit	new_plus_inlined_ctor	0x0000032c	0x02122efc	daObjCasket_c	SM64DS RTTI ov071:0x02122e94		d_a_obj_casket.cpp	0x2121fe4	0x21226a0	yes	yes	eligible=unique_registry_context+rom_profile_id+unique_class_factory
65	KAIDAN	symbols/actor_debug_names.tsv (literal ROM string table)	0x0208f808	1	1	False	ov063	0x0211ea10	MansionSteps_SpawnInfo	g_profile_KAIDAN	actor_profile_0x1c	65	True	65	53		unlocated: no separate group-flags field is read from this descriptor by the recovered fBase_c/dActor_c constructors	0x00000000	0x00064000	0x00064000	0x01000000	0x00a00000	ov063	0x0211d360	MansionSteps_Spawn	src/actors/MansionSteps/MansionSteps_Spawn.c	daTrsTrap_c_classInit	new_plus_inlined_ctor	0x00000354	0x0211ea88	daTrsTrap_c	SM64DS RTTI ov063:0x0211e9cc	ov063:0x0211d2a0;ov063:0x0211d2e0;ov063:0x0211d320;ov063:0x0211d360	d_a_trs_trap.cpp	0x211c600	0x211d3a0	yes	no	not_apply=global_classinit_name_collision
66	TH_DOWN_B	symbols/actor_debug_names.tsv (literal ROM string table)	0x0208fdd4	1	1	False	ov063	0x0211eb34	FallBlockBbh_SpawnInfo	g_profile_TH_DOWN_B	actor_profile_0x1c	66	True	66	209		unlocated: no separate group-flags field is read from this descriptor by the recovered fBase_c/dActor_c constructors	0x00000002	0x00000000	0x00080000	0x01000000	0x00000000	ov063	0x0211d47c	FallBlockBbh_Spawn	src/actors/FallBlockBbh/FallBlockBbh_Spawn.c	daObjTh_Fall_Block_c_classInit	new_plus_inlined_ctor	0x0000034c	0x0211eb58	daObjTh_Fall_Block_c	SM64DS RTTI ov063:0x0211eb04		d_a_obj_th_fall_block.cpp	0x211d3a0	0x211d4b8	yes	yes	eligible=unique_registry_context+rom_profile_id+unique_class_factory
67	CV_SHUTTER	symbols/actor_debug_names.tsv (literal ROM string table)	0x02090050	1	1	False	ov021	0x021148f0	ShutterHmc_SpawnInfo	g_profile_CV_SHUTTER	actor_profile_0x1c	67	True	67	138		unlocated: no separate group-flags field is read from this descriptor by the recovered fBase_c/dActor_c constructors	0x00000002	0x00120000	0x00400000	0x01000000	0x00000000	ov021	0x02112ed4	ShutterHmc_Spawn	src/ShutterHmc_Spawn.c	daObjCvShutter_c_classInit	new_plus_inlined_ctor	0x00000324	0x02114914	daObjCvShutter_c	SM64DS RTTI ov021:0x021148c4		d_a_obj_cv_shutter.cpp	0x2112db4	0x2112f10	yes	yes	eligible=unique_registry_context+rom_profile_id+unique_class_factory
68	CV_NEWS_LIFT	symbols/actor_debug_names.tsv (literal ROM string table)	0x02090498	1	1	False	ov021	0x02114768	WorkElevator_SpawnInfo	g_profile_CV_NEWS_LIFT	actor_profile_0x1c	68	True	68	139		unlocated: no separate group-flags field is read from this descriptor by the recovered fBase_c/dActor_c constructors	0x00000006	0x00000000	0x002a8000	0x01900000	0x01900000	ov021	0x02112168	WorkElevator_Spawn	src/WorkElevator_Spawn.cpp	daObjCvNewsLift_c_classInit	new_plus_inlined_ctor	0x00000c80	0x0211478c	daObjCvNewsLift_c	SM64DS RTTI ov021:0x02114748		d_a_obj_cv_news_lift.cpp	0x21111a0	0x21121e8	yes	yes	eligible=unique_registry_context+rom_profile_id+unique_class_factory
69	FL_AMILIFT	symbols/actor_debug_names.tsv (literal ROM string table)	0x0209005c	1	1	False	ov064	0x0211bc44	MetalNetLift_SpawnInfo	g_profile_FL_AMILIFT	actor_profile_0x1c	69	True	69	303		unlocated: no separate group-flags field is read from this descriptor by the recovered fBase_c/dActor_c constructors	0x00000002	0x00080000	0x001d0000	0x02000000	0x02000000	ov064	0x02117fe8	MetalNetLift_Spawn	src/MetalNetLift_Spawn.c	daObjFl_Amilift_c_classInit	new_plus_inlined_ctor	0x00000368	0x0211bc68	daObjFl_Amilift_c	SM64DS RTTI ov064:0x0211bc24		d_a_obj_fl_amilift.cpp	0x2117978	0x2118020	yes	yes	eligible=unique_registry_context+rom_profile_id+unique_class_factory
70	FL_MARUTA	symbols/actor_debug_names.tsv (literal ROM string table)	0x0208fdec	1	1	False	ov022	0x02114380	RollingLogLll_SpawnInfo	g_profile_FL_MARUTA	actor_profile_0x1c	70	True	70	278		unlocated: no separate group-flags field is read from this descriptor by the recovered fBase_c/dActor_c constructors	0x00000002	0x00000000	0x00500000	0x02000000	0x00000000	ov022	0x021125a4	RollingLogLll_Spawn	src/RollingLogLll_Spawn.c	daObjFlMaruta_c_classInit	new_plus_inlined_ctor	0x00000344	0x021143a4	daObjFlMaruta_c	SM64DS RTTI ov022:0x02114344		d_a_obj_fl_maruta.cpp	0x2112498	0x21125e0	yes	yes	eligible=unique_registry_context+rom_profile_id+unique_class_factory
71	FL_RING	symbols/actor_debug_names.tsv (literal ROM string table)	0x0208f970	1	1	False	ov022	0x02113cf4	VolcanoRing_SpawnInfo	g_profile_FL_RING	actor_profile_0x1c	71	True	71	279		unlocated: no separate group-flags field is read from this descriptor by the recovered fBase_c/dActor_c constructors	0x00000002	0x00000000	0x00780000	0x02000000	0x00000000	ov022	0x02111578	VolcanoRing_Spawn	src/VolcanoRing_Spawn.c	daObjFl_Ring_c_classInit	new_plus_inlined_ctor	0x00000328	0x02113d18	daObjFl_Ring_c	SM64DS RTTI ov022:0x02113cd4		d_a_obj_fl_ring.cpp	0x21111a0	0x21115a8	yes	yes	eligible=unique_registry_context+rom_profile_id+unique_class_factory
72	FL_GURA	symbols/actor_debug_names.tsv (literal ROM string table)	0x0208f940	1	1	False	ov064	0x0211bd08	TiltingPlatformLll_SpawnInfo	g_profile_FL_GURA	actor_profile_0x1c	72	True	72	280		unlocated: no separate group-flags field is read from this descriptor by the recovered fBase_c/dActor_c constructors	0x00000002	0x00080000	0x001a0000	0x02000000	0x00000000	ov064	0x021180fc	TiltingPlatformLll_Spawn	src/TiltingPlatformLll_Spawn.c	daObjFl_Gura_c_classInit	new_plus_inlined_ctor	0x00000350	0x0211bd2c	daObjFl_Gura_c	SM64DS RTTI ov064:0x0211bce8		d_a_obj_fl_gura.cpp	0x2118020	0x2118138	yes	yes	eligible=unique_registry_context+rom_profile_id+unique_class_factory
73	FL_LONDON	symbols/actor_debug_names.tsv (literal ROM string table)	0x0208fdf8	1	1	False	ov022	0x02113f4c	LavaBridge_SpawnInfo	g_profile_FL_LONDON	actor_profile_0x1c	73	True	73	281		unlocated: no separate group-flags field is read from this descriptor by the recovered fBase_c/dActor_c constructors	0x00000002	0x00100000	0x00300000	0x02000000	0x00000000	ov022	0x02111c7c	LavaBridge_Spawn	src/LavaBridge_Spawn.c	daObjFl_London_c_classInit	new_plus_inlined_ctor	0x00000320	0x02113f70	daObjFl_London_c	SM64DS RTTI ov022:0x02113f2c		d_a_obj_fl_london.cpp	0x2111980	0x2111cac	yes	yes	eligible=unique_registry_context+rom_profile_id+unique_class_factory
74	FL_BLOCK	symbols/actor_debug_names.tsv (literal ROM string table)	0x0208fbf4	1	1	False	ov022	0x02113e88	FloatOnLavaPlatform_SpawnInfo	g_profile_FL_BLOCK	actor_profile_0x1c	74	True	74	282		unlocated: no separate group-flags field is read from this descriptor by the recovered fBase_c/dActor_c constructors	0x00000002	0x00080000	0x00150000	0x02000000	0x02000000	ov022	0x02111950	FloatOnLavaPlatform_Spawn	src/FloatOnLavaPlatform_Spawn.c	daObjFl_Block_c_classInit	new_plus_inlined_ctor	0x00000328	0x02113eac	daObjFl_Block_c	SM64DS RTTI ov022:0x02113e68		d_a_obj_fl_block.cpp	0x21116c4	0x2111980	yes	yes	eligible=unique_registry_context+rom_profile_id+unique_class_factory
75	FL_UKIYUKA	symbols/actor_debug_names.tsv (literal ROM string table)	0x02090068	1	1	False	ov022	0x021140ec	FloatingFloorLllBig_SpawnInfo	g_profile_FL_UKIYUKA	actor_profile_0x1c	75	True	75	283		unlocated: no separate group-flags field is read from this descriptor by the recovered fBase_c/dActor_c constructors	0x00000002	0x00000000	0x00650000	0x02000000	0x00000000	ov022	0x021120f4	FloatingFloorLllBig_Spawn	src/FloatingFloorLllBig_Spawn.c	daObjFl_Ukiyuka_c_classInit	new_plus_inlined_ctor	0x00000330	0x0211412c	daObjFl_Ukiyuka_c	SM64DS RTTI ov022:0x021140b4	ov022:0x021120b8;ov022:0x021120f4	d_a_obj_fl_ukiyuka.cpp	0x2111f6c	0x2112130	yes	no	not_apply=global_classinit_name_collision
76	FL_UKIYUKA_L	symbols/actor_debug_names.tsv (literal ROM string table)	0x020904a8	1	1	False	ov022	0x02114108	FloatingFloorLllSmall_SpawnInfo	g_profile_FL_UKIYUKA_L	actor_profile_0x1c	76	True	76	284		unlocated: no separate group-flags field is read from this descriptor by the recovered fBase_c/dActor_c constructors	0x00000002	0x00000000	0x01000000	0x02000000	0x00000000	ov022	0x021120b8	FloatingFloorLllSmall_Spawn	src/FloatingFloorLllSmall_Spawn.c	daObjFl_Ukiyuka_c_classInit	new_plus_inlined_ctor	0x00000330	0x0211412c	daObjFl_Ukiyuka_c	SM64DS RTTI ov022:0x021140b4	ov022:0x021120b8;ov022:0x021120f4	d_a_obj_fl_ukiyuka.cpp	0x2111f6c	0x2112130	yes	no	not_apply=global_classinit_name_collision
77	FL_SEESAW	symbols/actor_debug_names.tsv (literal ROM string table)	0x0208fe1c	1	1	False	ov022	0x02114010	LavaSeesaw_SpawnInfo	g_profile_FL_SEESAW	actor_profile_0x1c	77	True	77	285		unlocated: no separate group-flags field is read from this descriptor by the recovered fBase_c/dActor_c constructors	0x00000002	0x00000000	0x00650000	0x02000000	0x00000000	ov022	0x02111f3c	LavaSeesaw_Spawn	src/LavaSeesaw_Spawn.c	daObjFl_Seesaw_c_classInit	new_plus_inlined_ctor	0x00000324	0x02114034	daObjFl_Seesaw_c	SM64DS RTTI ov022:0x02113ff0		d_a_obj_fl_seesaw.cpp	0x2111cac	0x2111f6c	yes	yes	eligible=unique_registry_context+rom_profile_id+unique_class_factory
78	FL_PUZZLE	symbols/actor_debug_names.tsv (literal ROM string table)	0x0208fe7c	1	1	False	ov064	0x0211c160	BowserPuzzlePiece_SpawnInfo	g_profile_FL_PUZZLE	actor_profile_0x1c	78	True	78	286		unlocated: no separate group-flags field is read from this descriptor by the recovered fBase_c/dActor_c constructors	0x00000002	0x00000000	0x00180000	0x02000000	0x02000000	ov064	0x02119300	BowserPuzzlePiece_Spawn	src/BowserPuzzlePiece_Spawn.c	daObjFl_Puzzle_c_classInit	new_plus_inlined_ctor	0x0000033c	0x0211c25c	daObjFl_Puzzle_c	SM64DS RTTI ov064:0x0211bfa4		d_a_obj_fl_puzzle.cpp	0x2118b50	0x2119330	yes	yes	eligible=unique_registry_context+rom_profile_id+unique_class_factory
79	FL_COIN	symbols/actor_debug_names.tsv (literal ROM string table)	0x0208f960	1	1	False	ov064	0x0211c17c	BowserPuzzleManager_SpawnInfo	g_profile_FL_COIN	actor_profile_0x1c	79	True	79	287		unlocated: no separate group-flags field is read from this descriptor by the recovered fBase_c/dActor_c constructors	0x00000000	0x00000000	0x00400000	0x02000000	0x02000000	ov064	0x021192d0	BowserPuzzleManager_Spawn	src/BowserPuzzleManager_Spawn.c	daObjFl_Coin_c_classInit	new_plus_inlined_ctor	0x000000d8	0x0211c1d8	daObjFl_Coin_c	SM64DS RTTI ov064:0x0211bf98		d_a_obj_fl_coin.cpp	0x2118b50	0x2119330	yes	yes	eligible=unique_registry_context+rom_profile_id+unique_class_factory
80	FL_KOMA_D	symbols/actor_debug_names.tsv (literal ROM string table)	0x0208fe34	1	1	False	ov022	0x02113dc4	RotatingPlatformLll_SpawnInfo	g_profile_FL_KOMA_D	actor_profile_0x1c	80	True	80	288		unlocated: no separate group-flags field is read from this descriptor by the recovered fBase_c/dActor_c constructors	0x00000002	0x00060000	0x00380000	0x02000000	0x00000000	ov022	0x02111688	RotatingPlatformLll_Spawn	src/RotatingPlatformLll_Spawn.c	daObjFl_Koma_D_c_classInit	new_plus_inlined_ctor	0x00000320	0x02113de8	daObjFl_Koma_D_c	SM64DS RTTI ov022:0x02113d98		d_a_obj_fl_koma_d.cpp	0x21115a8	0x21116c4	yes	yes	eligible=unique_registry_context+rom_profile_id+unique_class_factory
81	FL_KOMA_U	symbols/actor_debug_names.tsv (literal ROM string table)	0x0208fe40	1	1	False	ov064	0x0211bdec	RotatingFirebar_SpawnInfo	g_profile_FL_KOMA_U	actor_profile_0x1c	81	True	81	289		unlocated: no separate group-flags field is read from this descriptor by the recovered fBase_c/dActor_c constructors	0x00000002	0x00060000	0x00380000	0x02000000	0x00000000	ov064	0x02118564	RotatingFirebar_Spawn	src/RotatingFirebar_Spawn.cpp	daObjFl_KomaU_c_classInit	new_plus_inlined_ctor	0x00000540	0x0211be10	daObjFl_KomaU_c	SM64DS RTTI ov064:0x0211bdcc		d_a_obj_fl_koma_u.cpp	0x2118138	0x21185c0	yes	yes	eligible=unique_registry_context+rom_profile_id+unique_class_factory
82	FL_UKI_KI	symbols/actor_debug_names.tsv (literal ROM string table)	0x0208ff24	1	1	False	ov022	0x021141cc	LavaPlank_SpawnInfo	g_profile_FL_UKI_KI	actor_profile_0x1c	82	True	82	290		unlocated: no separate group-flags field is read from this descriptor by the recovered fBase_c/dActor_c constructors	0x00000006	0x00080000	0x00200000	0x02000000	0x00000000	ov022	0x02112350	LavaPlank_Spawn	src/LavaPlank_Spawn.c	daObjFl_UkiKi_c_classInit	new_plus_inlined_ctor	0x00000328	0x021141f0	daObjFl_UkiKi_c	SM64DS RTTI ov022:0x021141ac		d_a_obj_fl_uki_ki.cpp	0x2112130	0x2112380	yes	yes	eligible=unique_registry_context+rom_profile_id+unique_class_factory
83	FL_KUZURE	symbols/actor_debug_names.tsv (literal ROM string table)	0x0208fe4c	1	1	False	ov022	0x021142a0	FallBlockLll_SpawnInfo	g_profile_FL_KUZURE	actor_profile_0x1c	83	True	83	291		unlocated: no separate group-flags field is read from this descriptor by the recovered fBase_c/dActor_c constructors	0x00000002	0x00060000	0x00150000	0x01000000	0x00000000	ov022	0x0211245c	FallBlockLll_Spawn	src/FallBlockLll_Spawn.c	daObjFl_Fall_Block_c_classInit	new_plus_inlined_ctor	0x0000034c	0x021142c4	daObjFl_Fall_Block_c	SM64DS RTTI ov022:0x02114270		d_a_obj_fl_fall_block.cpp	0x2112380	0x2112498	yes	yes	eligible=unique_registry_context+rom_profile_id+unique_class_factory
84	FM_BATTAN	symbols/actor_debug_names.tsv (literal ROM string table)	0x0208fe58	1	1	False	ov023	0x02111fc0	Squasher_SpawnInfo	g_profile_FM_BATTAN	actor_profile_0x1c	84	True	84	292		unlocated: no separate group-flags field is read from this descriptor by the recovered fBase_c/dActor_c constructors	0x02000000	0x00000000	0x00500000	0x01000000	0x01000000	ov023	0x02111728	Squasher_Spawn	src/actors/daObjFm_Battan_c.cpp	daObjFm_Battan_c_classInit	new_plus_inlined_ctor	0x0000037c	0x02111fe4	daObjFm_Battan_c	SM64DS RTTI ov023:0x02111fa0		d_a_obj_fm_battan.cpp	0x21111a0	0x2111760	yes	yes	eligible=unique_registry_context+rom_profile_id+unique_class_factory
85	DL_PYRAMID	symbols/actor_debug_names.tsv (literal ROM string table)	0x02090074	1	1	False	ov024	0x02113804	PyramidTop_SpawnInfo	g_profile_DL_PYRAMID	actor_profile_0x1c	85	True	85	248		unlocated: no separate group-flags field is read from this descriptor by the recovered fBase_c/dActor_c constructors	0x00000000	0x00064000	0x000fa000	0x00c80000	0x00640000	ov024	0x02111874	PyramidTop_Spawn	src/PyramidTop_Spawn.c	daObjDlPyramid_c_classInit	new_plus_inlined_ctor	0x000003b8	0x021138c8	daObjDlPyramid_c	SM64DS RTTI ov024:0x021137cc		d_a_obj_dl_pyramid.cpp	0x21111a0	0x21118ac	yes	yes	eligible=unique_registry_context+rom_profile_id+unique_class_factory
86	DL_PYRAMID_DUMMY	symbols/actor_debug_names.tsv (literal ROM string table)	0x020907c0	1	1	False	ov024	0x02113820	PyramidTag_SpawnInfo	g_profile_DL_PYRAMID_DUMMY	actor_profile_0x1c	86	True	86	249		unlocated: no separate group-flags field is read from this descriptor by the recovered fBase_c/dActor_c constructors	0x00000001	0x00064000	0x000fa000	0x00c80000	0x00640000	ov024	0x0211183c	PyramidTag_Spawn	src/PyramidTag_Spawn.c	daObjDlPyramidDummy_c_classInit	new_plus_inlined_ctor	0x0000010c	0x02113844	daObjDlPyramidDummy_c	SM64DS RTTI ov024:0x021137c0		d_a_obj_dl_pyramid_dummy.cpp	0x21111a0	0x21118ac	yes	yes	eligible=unique_registry_context+rom_profile_id+unique_class_factory
87	DP_BROCK	symbols/actor_debug_names.tsv (literal ROM string table)	0x0208fb04	1	1	False	ov025	0x021138f0	PyramidStep_SpawnInfo	g_profile_DP_BROCK	actor_profile_0x1c	87	True	87	246		unlocated: no separate group-flags field is read from this descriptor by the recovered fBase_c/dActor_c constructors	0x00000002	0x000fa000	0x001f4000	0x01900000	0x00c80000	ov025	0x021120ac	PyramidStep_Spawn	src/PyramidStep_Spawn.c	daObjDpBrock_c_classInit	new_plus_inlined_ctor	0x000003a4	0x02113914	daObjDpBrock_c	SM64DS RTTI ov025:0x021138d0		d_a_obj_dp_brock.cpp	0x2111d40	0x21120e4	yes	yes	eligible=unique_registry_context+rom_profile_id+unique_class_factory
88	DP_LIFT	symbols/actor_debug_names.tsv (literal ROM string table)	0x0208f8b0	1	1	False	ov025	0x021139b0	PyramidLift_SpawnInfo	g_profile_DP_LIFT	actor_profile_0x1c	88	True	88	247		unlocated: no separate group-flags field is read from this descriptor by the recovered fBase_c/dActor_c constructors	0x00000000	0x00000000	0x002bc000	0x00af0000	0x004b0000	ov025	0x021125f0	PyramidLift_Spawn	src/PyramidLift_Spawn.cpp	daDpLift_c_classInit	new_plus_inlined_ctor	0x000003fc	0x021139d4	daDpLift_c	SM64DS RTTI ov025:0x02113994		d_a_dp_lift.cpp	0x21120e4	0x2112654	yes	yes	eligible=unique_registry_context+rom_profile_id+unique_class_factory
89	WL_POLELIFT	symbols/actor_debug_names.tsv (literal ROM string table)	0x02090308	1	2	True	ov009	0x02113abc	MetalNet_SpawnInfo	g_profile_WL_POLELIFT	actor_profile_0x1c	339	False	339	339		unlocated: no separate group-flags field is read from this descriptor by the recovered fBase_c/dActor_c constructors	0x00000002	0x00000000	0x00500000	0x01000000	0x00000000	ov009	0x02112048	MetalNet_Spawn	src/MetalNet_Spawn.c	daObjMc_Metalnet_c_classInit	new_plus_inlined_ctor	0x00000320	0x02113ae0	daObjMc_Metalnet_c	SM64DS RTTI ov009:0x02113a98		d_a_obj_mc_metalnet.cpp	0x2111dc4	0x2112078	no	no	not_apply=overlay_multiplexed_registry_pointer
89	WL_POLELIFT	symbols/actor_debug_names.tsv (literal ROM string table)	0x02090308	2	2	True	ov026	0x02113abc	data_ov026_02113abc	g_profile_WL_POLELIFT	actor_profile_0x1c	89	True	89	250		unlocated: no separate group-flags field is read from this descriptor by the recovered fBase_c/dActor_c constructors	0x00000000	0x00000000	0x00400000	0x01000000	0x01000000	ov026	0x02111678	func_ov026_02111678	src/func_ov026_02111678.cpp	daObjWlPolelift_c_classInit	new_plus_inlined_ctor	0x000001e4	0x02113ae0	daObjWlPolelift_c	SM64DS RTTI ov026:0x02113a90		d_a_obj_wl_polelift.cpp	0x2111678	0x21116c8	no	no	not_apply=overlay_multiplexed_registry_pointer
90	WL_SUBMARINE	symbols/actor_debug_names.tsv (literal ROM string table)	0x020904c8	1	1	False	ov026	0x02113c48	Submarine_SpawnInfo	g_profile_WL_SUBMARINE	actor_profile_0x1c	90	True	90	251		unlocated: no separate group-flags field is read from this descriptor by the recovered fBase_c/dActor_c constructors	0x00000000	0x00000000	0x01000000	0x00000000	0x00000000	ov026	0x02111a70	Submarine_Spawn	src/Submarine_Spawn.c	daObjWlSubmarine_c_classInit	new_plus_inlined_ctor	0x00000320	0x02113c6c	daObjWlSubmarine_c	SM64DS RTTI ov026:0x02113c24		d_a_obj_wl_submarine.cpp	0x21118b8	0x2111aa0	yes	yes	eligible=unique_registry_context+rom_profile_id+unique_class_factory
91	WL_KOOPA_SHUTTER	symbols/actor_debug_names.tsv (literal ROM string table)	0x020907d4	1	1	False	ov026	0x02113b80	BowserShutter_SpawnInfo	g_profile_WL_KOOPA_SHUTTER	actor_profile_0x1c	91	True	91	252		unlocated: no separate group-flags field is read from this descriptor by the recovered fBase_c/dActor_c constructors	0x00000000	0x00000000	0x00000000	0x00000000	0x00000000	ov026	0x02111888	BowserShutter_Spawn	src/BowserShutter_Spawn.c	daObjWlKoopaShutter_c_classInit	new_plus_inlined_ctor	0x00000320	0x02113ba4	daObjWlKoopaShutter_c	SM64DS RTTI ov026:0x02113b5c		d_a_obj_wl_koopa_shutter.cpp	0x21116c8	0x21118b8	yes	yes	eligible=unique_registry_context+rom_profile_id+unique_class_factory
92	SL_ICEBLOCK	symbols/actor_debug_names.tsv (literal ROM string table)	0x02090314	1	1	False	ov027	0x021137e4	SlidingIceSpawner_SpawnInfo	g_profile_SL_ICEBLOCK	actor_profile_0x1c	92	True	92	263		unlocated: no separate group-flags field is read from this descriptor by the recovered fBase_c/dActor_c constructors	0x00000002	0x00060000	0x00500000	0x01500000	0x00000000	ov027	0x02111594	SlidingIceSpawner_Spawn	src/SlidingIceSpawner_Spawn.c	daObjSlIceBlock_c_classInit	new_plus_inlined_ctor	0x0000032c	0x02113824	daObjSlIceBlock_c	SM64DS RTTI ov027:0x021137c4	ov027:0x02111564;ov027:0x02111594	d_a_obj_sl_ice_block.cpp	0x21111a0	0x21115c4	yes	no	not_apply=global_classinit_name_collision
93	SL_ICEBLOCK_SHOT	symbols/actor_debug_names.tsv (literal ROM string table)	0x020907e8	1	2	True	ov027	0x02113800	SlidingIce_SpawnInfo	g_profile_SL_ICEBLOCK_SHOT	actor_profile_0x1c	93	True	93	264		unlocated: no separate group-flags field is read from this descriptor by the recovered fBase_c/dActor_c constructors	0x00000002	0x00060000	0x00500000	0x01500000	0x00000000	ov027	0x02111564	SlidingIce_Spawn	src/SlidingIce_Spawn.c	daObjSlIceBlock_c_classInit	new_plus_inlined_ctor	0x0000032c	0x02113824	daObjSlIceBlock_c	SM64DS RTTI ov027:0x021137c4	ov027:0x02111564;ov027:0x02111594	d_a_obj_sl_ice_block.cpp	0x21111a0	0x21115c4	no	no	not_apply=overlay_multiplexed_registry_pointer+global_classinit_name_collision
93	SL_ICEBLOCK_SHOT	symbols/actor_debug_names.tsv (literal ROM string table)	0x020907e8	2	2	True	ov032	0x02113800	data_ov032_02113800	g_profile_SL_ICEBLOCK_SHOT	actor_profile_0x1c	228	False	228	82		unlocated: no separate group-flags field is read from this descriptor by the recovered fBase_c/dActor_c constructors	0x00000003	0x00000000	0x003e8000	0x01000000	0x01000000	ov032	0x0211244c	func_ov032_0211244c	src/func_ov032_0211244c.c	daBakubaku_c_classInit	new_plus_inlined_ctor	0x00000438	0x02113824	daBakubaku_c	SM64DS RTTI ov032:0x021137e4		d_a_bakubaku.cpp	0x211244c	0x21124a8	no	no	not_apply=overlay_multiplexed_registry_pointer
94	WC_UKISIMA	symbols/actor_debug_names.tsv (literal ROM string table)	0x02090098	1	1	False	ov029	0x02113ff4	daObjWc_Obj07_c_SpawnInfo	g_profile_WC_UKISIMA	actor_profile_0x1c	94	True	94	270		unlocated: no separate group-flags field is read from this descriptor by the recovered fBase_c/dActor_c constructors	0x00000002	0x00000000	0x00110000	0x01c20000	0x00640000	ov029	0x02112168	daObjWc_Obj07_c_Spawn	src/daObjWc_Obj07_c_Spawn.c	daObjWc_Obj07_c_classInit	new_plus_inlined_ctor	0x00000320	0x02114018	daObjWc_Obj07_c	SM64DS RTTI ov029:0x02113fc8		d_a_obj_wc_obj07.cpp	0x2112080	0x21121a4	yes	yes	eligible=unique_registry_context+rom_profile_id+unique_class_factory
95	WC_OBJ01	symbols/actor_debug_names.tsv (literal ROM string table)	0x0208fb28	1	1	False	ov029	0x02113c08	FloatOnWaterPlatformWdwSquare_SpawnInfo	g_profile_WC_OBJ01	actor_profile_0x1c	95	True	95	271		unlocated: no separate group-flags field is read from this descriptor by the recovered fBase_c/dActor_c constructors	0x00000002	0x00060000	0x00300000	0x02000000	0x00000000	ov029	0x02111340	FloatOnWaterPlatformWdwSquare_Spawn	src/FloatOnWaterPlatformWdwSquare_Spawn.c	daObjWcObj01_c_classInit	new_plus_inlined_ctor	0x00000348	0x02113c2c	daObjWcObj01_c	SM64DS RTTI ov029:0x02113bdc		d_a_obj_wc_obj01.cpp	0x21111a0	0x211137c	yes	yes	eligible=unique_registry_context+rom_profile_id+unique_class_factory
96	WC_OBJ02	symbols/actor_debug_names.tsv (literal ROM string table)	0x0208fa8c	1	1	False	ov029	0x02113ccc	ArrowLift_SpawnInfo	g_profile_WC_OBJ02	actor_profile_0x1c	96	True	96	272		unlocated: no separate group-flags field is read from this descriptor by the recovered fBase_c/dActor_c constructors	0x00000002	0x00000000	0x00100000	0x01000000	0x01000000	ov029	0x021116f8	ArrowLift_Spawn	src/ArrowLift_Spawn.c	daObjWc_Obj02_c_classInit	new_plus_inlined_ctor	0x00000328	0x02113cf0	daObjWc_Obj02_c	SM64DS RTTI ov029:0x02113cac		d_a_obj_wc_obj02.cpp	0x211137c	0x2111728	yes	yes	eligible=unique_registry_context+rom_profile_id+unique_class_factory
97	WC_OBJ03	symbols/actor_debug_names.tsv (literal ROM string table)	0x0208fb34	1	1	False	ov029	0x02113d90	daObjWc_Obj03_c_SpawnInfo	g_profile_WC_OBJ03	actor_profile_0x1c	97	True	97	273		unlocated: no separate group-flags field is read from this descriptor by the recovered fBase_c/dActor_c constructors	0x00000002	0x00000000	0x00040000	0x01000000	0x00000000	ov029	0x02111a84	daObjWc_Obj03_c_Spawn	src/daObjWc_Obj03_c_Spawn.c	daObjWc_Obj03_c_classInit	new_plus_inlined_ctor	0x00000160	0x02113db4	daObjWc_Obj03_c	SM64DS RTTI ov029:0x02113d70		d_a_obj_wc_obj03.cpp	0x2111728	0x2111ac4	yes	yes	eligible=unique_registry_context+rom_profile_id+unique_class_factory
98	WC_OBJ04	symbols/actor_debug_names.tsv (literal ROM string table)	0x0208fa98	1	1	False	ov029	0x0211417c	SwitchActivatedPlank_SpawnInfo	g_profile_WC_OBJ04	actor_profile_0x1c	98	True	98	274		unlocated: no separate group-flags field is read from this descriptor by the recovered fBase_c/dActor_c constructors	0x00000002	0x00060000	0x00100000	0x01000000	0x01000000	ov029	0x02112964	SwitchActivatedPlank_Spawn	src/SwitchActivatedPlank_Spawn.c	daObjWc_Obj04_c_classInit	new_plus_inlined_ctor	0x000003a8	0x021141a0	daObjWc_Obj04_c	SM64DS RTTI ov029:0x0211415c		d_a_obj_wc_obj04.cpp	0x2112630	0x211299c	yes	yes	eligible=unique_registry_context+rom_profile_id+unique_class_factory
99	WC_OBJ05	symbols/actor_debug_names.tsv (literal ROM string table)	0x0208fb88	1	1	False	ov029	0x02113e50	daObjWc_Obj05_c_SpawnInfo	g_profile_WC_OBJ05	actor_profile_0x1c	99	True	99	275		unlocated: no separate group-flags field is read from this descriptor by the recovered fBase_c/dActor_c constructors	0x00000002	0x00000000	0x00250000	0x02000000	0x02000000	ov029	0x02111e74	daObjWc_Obj05_c_Spawn	src/daObjWc_Obj05_c_Spawn.c	daObjWc_Obj05_c_classInit	new_plus_inlined_ctor	0x00000330	0x02113e74	daObjWc_Obj05_c	SM64DS RTTI ov029:0x02113e30		d_a_obj_wc_obj05.cpp	0x2111ac4	0x2111ea4	yes	yes	eligible=unique_registry_context+rom_profile_id+unique_class_factory
100	WC_OBJ06	symbols/actor_debug_names.tsv (literal ROM string table)	0x0208fb40	1	1	False	ov029	0x02113f20	FloatOnWaterPlatformWdwRectangle_SpawnInfo	g_profile_WC_OBJ06	actor_profile_0x1c	100	True	100	276		unlocated: no separate group-flags field is read from this descriptor by the recovered fBase_c/dActor_c constructors	0x00000002	0x00060000	0x00300000	0x02000000	0x00000000	ov029	0x02112044	FloatOnWaterPlatformWdwRectangle_Spawn	src/FloatOnWaterPlatformWdwRectangle_Spawn.c	daObjWcObj06_c_classInit	new_plus_inlined_ctor	0x00000348	0x02113f44	daObjWcObj06_c	SM64DS RTTI ov029:0x02113ef4		d_a_obj_wc_obj06.cpp	0x2111ea4	0x2112080	yes	yes	eligible=unique_registry_context+rom_profile_id+unique_class_factory
101	WC_MIZU	symbols/actor_debug_names.tsv (literal ROM string table)	0x0208f9a0	1	1	False	ov029	0x021140b8	WDW_Water_SpawnInfo	g_profile_WC_MIZU	actor_profile_0x1c	101	True	101	277		unlocated: no separate group-flags field is read from this descriptor by the recovered fBase_c/dActor_c constructors	0x00000000	0x00096000	0x00096000	0x00fa0000	0x00fa0000	ov029	0x021125f8	WDW_Water_Spawn	src/WDW_Water_Spawn.c	daObjWc_Mizu_c_classInit	new_plus_inlined_ctor	0x00000348	0x021140dc	daObjWc_Mizu_c	SM64DS RTTI ov029:0x02114098		d_a_obj_wc_mizu.cpp	0x21121a4	0x2112630	yes	yes	eligible=unique_registry_context+rom_profile_id+unique_class_factory
102	HM_MARUTA	symbols/actor_debug_names.tsv (literal ROM string table)	0x0208fe64	1	1	False	ov030	0x02115a24	RollingLogTtm_SpawnInfo	g_profile_HM_MARUTA	actor_profile_0x1c	102	True	102	265		unlocated: no separate group-flags field is read from this descriptor by the recovered fBase_c/dActor_c constructors	0x00000002	0x00000000	0x00500000	0x02000000	0x00000000	ov030	0x0211164c	RollingLogTtm_Spawn	src/RollingLogTtm_Spawn.c	daObjHmMaruta_c_classInit	new_plus_inlined_ctor	0x00000344	0x02115a48	daObjHmMaruta_c	SM64DS RTTI ov030:0x021159f8		d_a_obj_hm_maruta.cpp	0x211155c	0x2111688	yes	yes	eligible=unique_registry_context+rom_profile_id+unique_class_factory
103	HM_BASKET	symbols/actor_debug_names.tsv (literal ROM string table)	0x0208fe70	1	1	False	ov030	0x02115950	UkikiCage_SpawnInfo	g_profile_HM_BASKET	actor_profile_0x1c	103	True	103	128		unlocated: no separate group-flags field is read from this descriptor by the recovered fBase_c/dActor_c constructors	0x00000003	0x000be000	0x000be000	0x01000000	0x01000000	ov030	0x02111524	UkikiCage_Spawn	src/UkikiCage_Spawn.c	daObjHmBskt_c_classInit	new_plus_inlined_ctor	0x000004e0	0x02115974	daObjHmBskt_c	SM64DS RTTI ov030:0x02115934		d_a_obj_hm_bskt.cpp	0x21111a0	0x211155c	yes	yes	eligible=unique_registry_context+rom_profile_id+unique_class_factory
104	TT_FUTA	symbols/actor_debug_names.tsv (literal ROM string table)	0x0208f938	1	2	True	ov033	0x02112358	TinyCover_SpawnInfo	g_profile_TT_FUTA	actor_profile_0x1c	104	True	104	266		unlocated: no separate group-flags field is read from this descriptor by the recovered fBase_c/dActor_c constructors	0x00000002	0x00000000	0x00200000	0x01000000	0x00000000	ov033	0x021113a4	TinyCover_Spawn	src/TinyCover_Spawn.c	daObjTtFuta_c_classInit	new_plus_inlined_ctor	0x00000320	0x0211237c	daObjTtFuta_c	SM64DS RTTI ov033:0x0211233c		d_a_obj_tt_futa.cpp	0x21111a0	0x21113d4	no	no	not_apply=overlay_multiplexed_registry_pointer
104	TT_FUTA	symbols/actor_debug_names.tsv (literal ROM string table)	0x0208f938	2	2	True	ov047	0x02112358	data_ov047_02112358	g_profile_TT_FUTA	actor_profile_0x1c	156	False	156	227		unlocated: no separate group-flags field is read from this descriptor by the recovered fBase_c/dActor_c constructors	0x00000002	0x00000000	0x00380000	0x02000000	0x00000000	ov047	0x021113bc	func_ov047_021113bc	src/actors/daObjKm3_Kaitendai_c.cpp	daObjKm3_Kaitendai_c_classInit	new_plus_inlined_ctor	0x00000320	0x0211237c	daObjKm3_Kaitendai_c	SM64DS RTTI ov047:0x02112328		d_a_obj_km3_kaitendai.cpp	0x21113bc	0x21113f8	no	no	not_apply=overlay_multiplexed_registry_pointer
105	TT_WATER	symbols/actor_debug_names.tsv (literal ROM string table)	0x0208fb64	1	1	False	ov033	0x0211241c	TinyWater_SpawnInfo	g_profile_TT_WATER	actor_profile_0x1c	105	True	105	267		unlocated: no separate group-flags field is read from this descriptor by the recovered fBase_c/dActor_c constructors	0x00000000	0x00064000	0x000fa000	0x00c80000	0x00640000	ov033	0x02111690	TinyWater_Spawn	src/TinyWater_Spawn.c	daObjTtWater_c_classInit	new_plus_inlined_ctor	0x00000340	0x02112440	daObjTtWater_c	SM64DS RTTI ov033:0x021123fc		d_a_obj_tt_water.cpp	0x21113d4	0x21116c8	yes	yes	eligible=unique_registry_context+rom_profile_id+unique_class_factory
106	TD_FUTA	symbols/actor_debug_names.tsv (literal ROM string table)	0x0208f988	1	1	False	ov032	0x021138bc	HugeCover_SpawnInfo	g_profile_TD_FUTA	actor_profile_0x1c	106	True	106	268		unlocated: no separate group-flags field is read from this descriptor by the recovered fBase_c/dActor_c constructors	0x00000006	0x00064000	0x000fa000	0x00c80000	0x00640000	ov032	0x02112668	HugeCover_Spawn	src/HugeCover_Spawn.c	daObjTdFuta_c_classInit	new_plus_inlined_ctor	0x00000320	0x021138e0	daObjTdFuta_c	SM64DS RTTI ov032:0x021138a0		d_a_obj_td_futa.cpp	0x21124a8	0x2112698	yes	yes	eligible=unique_registry_context+rom_profile_id+unique_class_factory
107	TD_WATER	symbols/actor_debug_names.tsv (literal ROM string table)	0x0208fb7c	1	1	False	ov032	0x02113980	HugeWater_SpawnInfo	g_profile_TD_WATER	actor_profile_0x1c	107	True	107	269		unlocated: no separate group-flags field is read from this descriptor by the recovered fBase_c/dActor_c constructors	0x00000000	0x00064000	0x00258000	0x01f40000	0x00050000	ov032	0x021128b8	HugeWater_Spawn	src/HugeWater_Spawn.c	daObjTdWater_c_classInit	new_plus_inlined_ctor	0x00000334	0x021139a4	daObjTdWater_c	SM64DS RTTI ov032:0x02113960		d_a_obj_td_water.cpp	0x2112698	0x21128f0	yes	yes	eligible=unique_registry_context+rom_profile_id+unique_class_factory
108	CT_MECHA01	symbols/actor_debug_names.tsv (literal ROM string table)	0x020900c8	1	1	False	ov065	0x0211cfe8	TtcRotatingCube_SpawnInfo	g_profile_CT_MECHA01	actor_profile_0x1c	108	True	108	231		unlocated: no separate group-flags field is read from this descriptor by the recovered fBase_c/dActor_c constructors	0x00000000	0x00000000	0x001c0000	0x01000000	0x02000000	ov065	0x02119efc	TtcRotatingCube_Spawn	src/TtcRotatingCube_Spawn.c	daObjCtRotateBlock_c_classInit	new_plus_inlined_ctor	0x000003d8	0x0211d028	daObjCtRotateBlock_c	SM64DS RTTI ov065:0x0211cfac	ov065:0x02119ebc;ov065:0x02119efc	d_a_obj_ct_rotate_block.cpp	0x21196d8	0x2119f3c	yes	no	not_apply=global_classinit_name_collision
109	CT_MECHA02	symbols/actor_debug_names.tsv (literal ROM string table)	0x020900d4	1	1	False	ov065	0x0211d004	TtcRotatingPrism_SpawnInfo	g_profile_CT_MECHA02	actor_profile_0x1c	109	True	109	232		unlocated: no separate group-flags field is read from this descriptor by the recovered fBase_c/dActor_c constructors	0x00000000	0x00000000	0x00200000	0x01000000	0x02000000	ov065	0x02119ebc	TtcRotatingPrism_Spawn	src/TtcRotatingPrism_Spawn.c	daObjCtRotateBlock_c_classInit	new_plus_inlined_ctor	0x000003d8	0x0211d028	daObjCtRotateBlock_c	SM64DS RTTI ov065:0x0211cfac	ov065:0x02119ebc;ov065:0x02119efc	d_a_obj_ct_rotate_block.cpp	0x21196d8	0x2119f3c	yes	no	not_apply=global_classinit_name_collision
110	CT_MECHA03	symbols/actor_debug_names.tsv (literal ROM string table)	0x020900e0	1	1	False	ov065	0x0211d0c8	data_ov065_0211d0c8	g_profile_CT_MECHA03	actor_profile_0x1c	110	True	110	233		unlocated: no separate group-flags field is read from this descriptor by the recovered fBase_c/dActor_c constructors						ov065	0x0211a45c	func_ov065_0211a45c	src/func_ov065_0211a45c.c	daObjCtMecha03_c_classInit	new_plus_inlined_ctor	0x00000388	0x0211d0ec	daObjCtMecha03_c	SM64DS RTTI ov065:0x0211d0a8		d_a_obj_ct_mecha03.cpp	0x211a45c	0x211a494	yes	yes	eligible=unique_registry_context+rom_profile_id+unique_class_factory
111	CT_MECHA04L	symbols/actor_debug_names.tsv (literal ROM string table)	0x02090320	1	1	False	ov065	0x0211d1c8	TtcConveyorBeltLarge_SpawnInfo	g_profile_CT_MECHA04L	actor_profile_0x1c	111	True	111	234		unlocated: no separate group-flags field is read from this descriptor by the recovered fBase_c/dActor_c constructors	0x00000002	0x00060000	0x00600000	0x01000000	0x01000000	ov065	0x0211aae0	TtcConveyorBeltLarge_Spawn	src/TtcConveyorBeltLarge_Spawn.cpp	daObjCtMecha04_c_classInit	new_plus_inlined_ctor	0x000003a0	0x0211d1ec	daObjCtMecha04_c	SM64DS RTTI ov065:0x0211d174	ov065:0x0211aae0;ov065:0x0211ab20	d_a_obj_ct_mecha04.cpp	0x211a494	0x211ab60	yes	no	not_apply=global_classinit_name_collision
112	CT_MECHA04S	symbols/actor_debug_names.tsv (literal ROM string table)	0x02090338	1	1	False	ov065	0x0211d1ac	TtcConveyorBeltSmall_SpawnInfo	g_profile_CT_MECHA04S	actor_profile_0x1c	112	True	112	235		unlocated: no separate group-flags field is read from this descriptor by the recovered fBase_c/dActor_c constructors	0x00000002	0x00060000	0x00400000	0x01000000	0x01000000	ov065	0x0211ab20	TtcConveyorBeltSmall_Spawn	src/TtcConveyorBeltSmall_Spawn.cpp	daObjCtMecha04_c_classInit	new_plus_inlined_ctor	0x000003a0	0x0211d1ec	daObjCtMecha04_c	SM64DS RTTI ov065:0x0211d174	ov065:0x0211aae0;ov065:0x0211ab20	d_a_obj_ct_mecha04.cpp	0x211a494	0x211ab60	yes	no	not_apply=global_classinit_name_collision
113	CT_MECHA05	symbols/actor_debug_names.tsv (literal ROM string table)	0x020900ec	1	1	False	ov065	0x0211d290	TTC_MovingBar_SpawnInfo	g_profile_CT_MECHA05	actor_profile_0x1c	113	True	113	236		unlocated: no separate group-flags field is read from this descriptor by the recovered fBase_c/dActor_c constructors	0x00000002	0x00000000	0x00600000	0x01000000	0x02000000	ov065	0x0211b328	TTC_MovingBar_Spawn	src/TTC_MovingBar_Spawn.cpp	daObjCtMecha05_c_classInit	new_plus_inlined_ctor	0x00000394	0x0211d2b4	daObjCtMecha05_c	SM64DS RTTI ov065:0x0211d270		d_a_obj_ct_mecha05.cpp	0x211ab60	0x211b360	yes	yes	eligible=unique_registry_context+rom_profile_id+unique_class_factory
114	CT_MECHA06	symbols/actor_debug_names.tsv (literal ROM string table)	0x020900f8	1	1	False	ov065	0x0211d374	TtcRotatingGear_SpawnInfo	g_profile_CT_MECHA06	actor_profile_0x1c	114	True	114	237		unlocated: no separate group-flags field is read from this descriptor by the recovered fBase_c/dActor_c constructors	0x00000002	0x00000000	0x00180000	0x01000000	0x01000000	ov065	0x0211b7b8	TtcRotatingGear_Spawn	src/TtcRotatingGear_Spawn.c	daObjCtKaitendai_c_classInit	new_plus_inlined_ctor	0x0000037c	0x0211d3b4	daObjCtKaitendai_c	SM64DS RTTI ov065:0x0211d338	ov065:0x0211b780;ov065:0x0211b7b8	d_a_obj_ct_kaitendai.cpp	0x211b360	0x211b7f0	yes	no	not_apply=global_classinit_name_collision
115	CT_MECHA07	symbols/actor_debug_names.tsv (literal ROM string table)	0x02090104	1	1	False	ov065	0x0211d390	TtcRotatingTriangle_SpawnInfo	g_profile_CT_MECHA07	actor_profile_0x1c	115	True	115	238		unlocated: no separate group-flags field is read from this descriptor by the recovered fBase_c/dActor_c constructors	0x00000002	0x00060000	0x00300000	0x01000000	0x01000000	ov065	0x0211b780	TtcRotatingTriangle_Spawn	src/TtcRotatingTriangle_Spawn.c	daObjCtKaitendai_c_classInit	new_plus_inlined_ctor	0x0000037c	0x0211d3b4	daObjCtKaitendai_c	SM64DS RTTI ov065:0x0211d338	ov065:0x0211b780;ov065:0x0211b7b8	d_a_obj_ct_kaitendai.cpp	0x211b360	0x211b7f0	yes	no	not_apply=global_classinit_name_collision
116	CT_MECHA08A	symbols/actor_debug_names.tsv (literal ROM string table)	0x02090350	1	1	False	ov065	0x0211d454	TtcMovingCubeA_SpawnInfo	g_profile_CT_MECHA08A	actor_profile_0x1c	116	True	116	239		unlocated: no separate group-flags field is read from this descriptor by the recovered fBase_c/dActor_c constructors	0x00000002	0x00060000	0x00300000	0x01000000	0x00000000	ov065	0x0211bbac	TtcMovingCubeA_Spawn	src/TtcMovingCubeA_Spawn.c	daObjCtMecha08_c_classInit	new_plus_inlined_ctor	0x00000330	0x0211d494	daObjCtMecha08_c	SM64DS RTTI ov065:0x0211d434	ov065:0x0211bb7c;ov065:0x0211bbac	d_a_obj_ct_mecha08.cpp	0x211b7f0	0x211bbdc	yes	no	not_apply=global_classinit_name_collision
117	CT_MECHA08B	symbols/actor_debug_names.tsv (literal ROM string table)	0x0209035c	1	1	False	ov065	0x0211d470	TtcMovingCubeB_SpawnInfo	g_profile_CT_MECHA08B	actor_profile_0x1c	117	True	117	240		unlocated: no separate group-flags field is read from this descriptor by the recovered fBase_c/dActor_c constructors	0x00000002	0x00060000	0x00300000	0x01000000	0x00000000	ov065	0x0211bb7c	TtcMovingCubeB_Spawn	src/TtcMovingCubeB_Spawn.c	daObjCtMecha08_c_classInit	new_plus_inlined_ctor	0x00000330	0x0211d494	daObjCtMecha08_c	SM64DS RTTI ov065:0x0211d434	ov065:0x0211bb7c;ov065:0x0211bbac	d_a_obj_ct_mecha08.cpp	0x211b7f0	0x211bbdc	yes	no	not_apply=global_classinit_name_collision
118	CT_MECHA09	symbols/actor_debug_names.tsv (literal ROM string table)	0x02090110	1	1	False	ov065	0x0211d544	TTC_MovingBeam_SpawnInfo	g_profile_CT_MECHA09	actor_profile_0x1c	118	True	118	241		unlocated: no separate group-flags field is read from this descriptor by the recovered fBase_c/dActor_c constructors	0x00000002	0x00000000	0x001a0000	0x01000000	0x01000000	ov065	0x0211c040	TTC_MovingBeam_Spawn	src/TTC_MovingBeam_Spawn.c	daObjCtMecha09_c_classInit	new_plus_inlined_ctor	0x0000038c	0x0211d568	daObjCtMecha09_c	SM64DS RTTI ov065:0x0211d514		d_a_obj_ct_mecha09.cpp	0x211bbdc	0x211c078	yes	yes	eligible=unique_registry_context+rom_profile_id+unique_class_factory
119	CT_MECHA10	symbols/actor_debug_names.tsv (literal ROM string table)	0x0209011c	1	1	False	ov035	0x02112aa4	RotatingClockHand_SpawnInfo	g_profile_CT_MECHA10	actor_profile_0x1c	119	True	119	242		unlocated: no separate group-flags field is read from this descriptor by the recovered fBase_c/dActor_c constructors	0x00000002	0x00060000	0x01000000	0x01000000	0x00000000	ov035	0x021116bc	RotatingClockHand_Spawn	src/RotatingClockHand_Spawn.c	daObjCtMecha10_c_classInit	new_plus_inlined_ctor	0x00000330	0x02112b00	daObjCtMecha10_c	SM64DS RTTI ov035:0x02112a84	ov035:0x0211165c;ov035:0x0211168c;ov035:0x021116bc	d_a_obj_ct_mecha10.cpp	0x21111a0	0x21116ec	yes	no	not_apply=global_classinit_name_collision
120	CT_MECHA11	symbols/actor_debug_names.tsv (literal ROM string table)	0x02090128	1	1	False	ov035	0x02112ba8	SpinningPlatform_SpawnInfo	g_profile_CT_MECHA11	actor_profile_0x1c	120	True	120	243		unlocated: no separate group-flags field is read from this descriptor by the recovered fBase_c/dActor_c constructors	0x00000002	0x00060000	0x00350000	0x01000000	0x01000000	ov035	0x02111b98	SpinningPlatform_Spawn	src/SpinningPlatform_Spawn.c	daObjCtMecha11_c_classInit	new_plus_inlined_ctor	0x00000380	0x02112bcc	daObjCtMecha11_c	SM64DS RTTI ov035:0x02112b88		d_a_obj_ct_mecha11.cpp	0x21116ec	0x2111bd0	yes	yes	eligible=unique_registry_context+rom_profile_id+unique_class_factory
121	CT_MECHA12L	symbols/actor_debug_names.tsv (literal ROM string table)	0x02090368	1	2	True	ov010	0x02112ac0	Trap_SpawnInfo	g_profile_CT_MECHA12L	actor_profile_0x1c	36	False	36	323		unlocated: no separate group-flags field is read from this descriptor by the recovered fBase_c/dActor_c constructors	0x00000000	0x00000000	0x001f4000	0x00000000	0x00000000	ov010	0x02111998	Trap_Spawn	src/actors/daObjC1_Trap_c.cpp	daObjC1_Trap_c_classInit	new_plus_inlined_ctor	0x000003b0	0x02112ae4	daObjC1_Trap_c	SM64DS RTTI ov010:0x02112aa0		d_a_obj_c1_trap.cpp	0x21111a0	0x21119d0	no	no	not_apply=overlay_multiplexed_registry_pointer
121	CT_MECHA12L	symbols/actor_debug_names.tsv (literal ROM string table)	0x02090368	2	2	True	ov035	0x02112ac0	data_ov035_02112ac0	g_profile_CT_MECHA12L	actor_profile_0x1c	121	True	121	244		unlocated: no separate group-flags field is read from this descriptor by the recovered fBase_c/dActor_c constructors	0x00000003	0x00060000	0x00250000	0x01000000	0x00000000	ov035	0x0211168c	func_ov035_0211168c	src/func_ov035_0211168c.c	daObjCtMecha10_c_classInit	new_plus_inlined_ctor	0x00000330	0x02112b00	daObjCtMecha10_c	SM64DS RTTI ov035:0x02112a84	ov035:0x0211165c;ov035:0x0211168c;ov035:0x021116bc	d_a_obj_ct_mecha10.cpp	0x21111a0	0x21116ec	no	no	not_apply=overlay_multiplexed_registry_pointer+global_classinit_name_collision
122	CT_MECHA12S	symbols/actor_debug_names.tsv (literal ROM string table)	0x02090374	1	1	False	ov035	0x02112adc	RotatingCogSmall_SpawnInfo	g_profile_CT_MECHA12S	actor_profile_0x1c	122	True	122	245		unlocated: no separate group-flags field is read from this descriptor by the recovered fBase_c/dActor_c constructors	0x00000003	0x00060000	0x00250000	0x01000000	0x00000000	ov035	0x0211165c	RotatingCogSmall_Spawn	src/RotatingCogSmall_Spawn.c	daObjCtMecha10_c_classInit	new_plus_inlined_ctor	0x00000330	0x02112b00	daObjCtMecha10_c	SM64DS RTTI ov035:0x02112a84	ov035:0x0211165c;ov035:0x0211168c;ov035:0x021116bc	d_a_obj_ct_mecha10.cpp	0x21111a0	0x21116ec	yes	no	not_apply=global_classinit_name_collision
123	RC_DORIFU	symbols/actor_debug_names.tsv (literal ROM string table)	0x0208fea0	1	1	False	ov036	0x02113e6c	TrickyTriangles_SpawnInfo	g_profile_RC_DORIFU	actor_profile_0x1c	123	True	123	253		unlocated: no separate group-flags field is read from this descriptor by the recovered fBase_c/dActor_c constructors	0x00000000	0x00500000	0x01000000	0x02000000	0x00000000	ov036	0x021120c8	TrickyTriangles_Spawn	src/TrickyTriangles_Spawn.cpp	daObjRc_Dorifu_c_classInit	new_plus_inlined_ctor	0x00000dcc	0x02113ecc	daObjRc_Dorifu_c	SM64DS RTTI ov036:0x02113e4c		d_a_obj_rc_dorifu.cpp	0x2111f8c	0x2112158	yes	yes	eligible=unique_registry_context+rom_profile_id+unique_class_factory
124	RC_RIFT01	symbols/actor_debug_names.tsv (literal ROM string table)	0x0208feac	1	1	False	ov091	0x02134fb4	SlidingPlatformRr_SpawnInfo	g_profile_RC_RIFT01	actor_profile_0x1c	124	True	124	254		unlocated: no separate group-flags field is read from this descriptor by the recovered fBase_c/dActor_c constructors	0x00000002	0x00000000	0x00350000	0x01000000	0x00000000	ov091	0x02132878	SlidingPlatformRr_Spawn	src/SlidingPlatformRr_Spawn.c	daObjSimpleLift_c_classInit	new_plus_inlined_ctor	0x00000330	0x02135080	daObjSimpleLift_c	SM64DS RTTI ov091:0x02134f40	ov091:0x021327e8;ov091:0x02132818;ov091:0x02132848;ov091:0x02132878;ov091:0x021328a8;ov091:0x021328d8;ov091:0x02132908	d_a_obj_simple_lift.cpp	0x2132404	0x2132938	yes	no	not_apply=global_classinit_name_collision
125	RC_HANE	symbols/actor_debug_names.tsv (literal ROM string table)	0x0208f968	1	1	False	ov036	0x02113c14	ShipWing_SpawnInfo	g_profile_RC_HANE	actor_profile_0x1c	125	True	125	255		unlocated: no separate group-flags field is read from this descriptor by the recovered fBase_c/dActor_c constructors	0x00000002	0x00000000	0x001f4000	0x01f40000	0x01f40000	ov036	0x02111904	ShipWing_Spawn	src/ShipWing_Spawn.c	daObjRc_Hane_c_classInit	new_plus_inlined_ctor	0x0000011c	0x02113c38	daObjRc_Hane_c	SM64DS RTTI ov036:0x02113bf4		d_a_obj_rc_hane.cpp	0x2111580	0x211193c	yes	yes	eligible=unique_registry_context+rom_profile_id+unique_class_factory
126	RC_TIKUWA	symbols/actor_debug_names.tsv (literal ROM string table)	0x0208fec4	1	1	False	ov036	0x02113cd4	DonutBlock_SpawnInfo	g_profile_RC_TIKUWA	actor_profile_0x1c	126	True	126	256		unlocated: no separate group-flags field is read from this descriptor by the recovered fBase_c/dActor_c constructors	0x02000006	0x0004b000	0x001f4000	0x01f40000	0x00320000	ov036	0x02111cd8	DonutBlock_Spawn	src/DonutBlock_Spawn.c	daObjRc_Tikuwa_c_classInit	new_plus_inlined_ctor	0x000004ec	0x02113cf8	daObjRc_Tikuwa_c	SM64DS RTTI ov036:0x02113cb4		d_a_obj_rc_tikuwa.cpp	0x211193c	0x2111d14	yes	yes	eligible=unique_registry_context+rom_profile_id+unique_class_factory
127	RC_BURANKO	symbols/actor_debug_names.tsv (literal ROM string table)	0x02090140	1	1	False	ov036	0x02113a74	SwingingPlatform_SpawnInfo	g_profile_RC_BURANKO	actor_profile_0x1c	127	True	127	257		unlocated: no separate group-flags field is read from this descriptor by the recovered fBase_c/dActor_c constructors	0x00000002	0x00000000	0x01000000	0x02000000	0x00000000	ov036	0x02111414	SwingingPlatform_Spawn	src/SwingingPlatform_Spawn.c	daObjRcBuranko_c_classInit	new_plus_inlined_ctor	0x00000320	0x02113a98	daObjRcBuranko_c	SM64DS RTTI ov036:0x02113a54		d_a_obj_rc_buranko.cpp	0x21111a0	0x2111444	yes	yes	eligible=unique_registry_context+rom_profile_id+unique_class_factory
128	RC_SEESAW	symbols/actor_debug_names.tsv (literal ROM string table)	0x0208fed0	1	1	False	ov095	0x02137468	SeesawRr_SpawnInfo	g_profile_RC_SEESAW	actor_profile_0x1c	128	True	128	258		unlocated: no separate group-flags field is read from this descriptor by the recovered fBase_c/dActor_c constructors	0x00000002	0x00000000	0x00400000	0x01000000	0x00000000	ov095	0x02135ea4	SeesawRr_Spawn	src/SeesawRr_Spawn.c	daObjSeesaw_c_classInit	new_plus_inlined_ctor	0x00000328	0x021374fc	daObjSeesaw_c	SM64DS RTTI ov095:0x021373c0	ov095:0x02135ea4;ov095:0x02135ed4;ov095:0x02135f04;ov095:0x02135f34;ov095:0x02135f64;ov095:0x02135f94;ov095:0x02135fc4	d_a_obj_seesaw.cpp	0x2135700	0x2135ff4	yes	no	not_apply=global_classinit_name_collision
129	RC_KAITEN	symbols/actor_debug_names.tsv (literal ROM string table)	0x0208fedc	1	1	False	ov036	0x02113b50	RotatingPlatformRr_SpawnInfo	g_profile_RC_KAITEN	actor_profile_0x1c	129	True	129	259		unlocated: no separate group-flags field is read from this descriptor by the recovered fBase_c/dActor_c constructors	0x00000002	0x00064000	0x003e8000	0x01c20000	0x00640000	ov036	0x02111544	RotatingPlatformRr_Spawn	src/RotatingPlatformRr_Spawn.c	daObjRc_Kaitendai_c_classInit	new_plus_inlined_ctor	0x00000320	0x02113b74	daObjRc_Kaitendai_c	SM64DS RTTI ov036:0x02113b20		d_a_obj_rc_kaitendai.cpp	0x2111444	0x2111580	yes	yes	eligible=unique_registry_context+rom_profile_id+unique_class_factory
130	RC_CARPET	symbols/actor_debug_names.tsv (literal ROM string table)	0x0208fef4	1	1	False	ov036	0x02113f78	FlyingCarpet_SpawnInfo	g_profile_RC_CARPET	actor_profile_0x1c	130	True	130	260		unlocated: no separate group-flags field is read from this descriptor by the recovered fBase_c/dActor_c constructors	0x00000002	0x00000000	0x00300000	0x01000000	0x00000000	ov036	0x02112538	FlyingCarpet_Spawn	src/FlyingCarpet_Spawn.cpp	daObjRcCarpet_c_classInit	new_plus_inlined_ctor	0x000004c0	0x02113f9c	daObjRcCarpet_c	SM64DS RTTI ov036:0x02113f4c		d_a_obj_rc_carpet.cpp	0x2112158	0x21125b0	yes	yes	eligible=unique_registry_context+rom_profile_id+unique_class_factory
131	RC_RIFT02	symbols/actor_debug_names.tsv (literal ROM string table)	0x0208ff00	1	1	False	ov095	0x02137604	UpDownLiftRr_SpawnInfo	g_profile_RC_RIFT02	actor_profile_0x1c	131	True	131	261		unlocated: no separate group-flags field is read from this descriptor by the recovered fBase_c/dActor_c constructors	0x01000002	0x00000000	0x001f4000	0x00af0000	0x004b0000	ov095	0x0213679c	UpDownLiftRr_Spawn	src/UpDownLiftRr_Spawn.c	daUdlift_c_classInit	new_plus_inlined_ctor	0x0000034c	0x02137628	daUdlift_c	SM64DS RTTI ov095:0x021375b0	ov095:0x0213679c;ov095:0x021367cc;ov095:0x021367fc	d_a_udlift.cpp	0x2135ff4	0x213682c	yes	no	not_apply=global_classinit_name_collision
132	RC_GURUGURU	symbols/actor_debug_names.tsv (literal ROM string table)	0x02090398	1	1	False	ov036	0x02113da8	ArmedRotatingPlatform_SpawnInfo	g_profile_RC_GURUGURU	actor_profile_0x1c	132	True	132	262		unlocated: no separate group-flags field is read from this descriptor by the recovered fBase_c/dActor_c constructors	0x00000002	0x00000000	0x00800000	0x02000000	0x00000000	ov036	0x02111f5c	ArmedRotatingPlatform_Spawn	src/ArmedRotatingPlatform_Spawn.c	daObjRc_Guruguru_c_classInit	new_plus_inlined_ctor	0x00000320	0x02113dcc	daObjRc_Guruguru_c	SM64DS RTTI ov036:0x02113d84		d_a_obj_rc_guruguru.cpp	0x2111d14	0x2111f8c	yes	yes	eligible=unique_registry_context+rom_profile_id+unique_class_factory
133	KM1_SEESAW	symbols/actor_debug_names.tsv (literal ROM string table)	0x02090158	1	1	False	ov095	0x021373f8	SeesawBdw_SpawnInfo	g_profile_KM1_SEESAW	actor_profile_0x1c	133	True	133	174		unlocated: no separate group-flags field is read from this descriptor by the recovered fBase_c/dActor_c constructors	0x00000002	0x00000000	0x00400000	0x01000000	0x00000000	ov095	0x02135f64	SeesawBdw_Spawn	src/SeesawBdw_Spawn.c	daObjSeesaw_c_classInit	new_plus_inlined_ctor	0x00000328	0x021374fc	daObjSeesaw_c	SM64DS RTTI ov095:0x021373c0	ov095:0x02135ea4;ov095:0x02135ed4;ov095:0x02135f04;ov095:0x02135f34;ov095:0x02135f64;ov095:0x02135f94;ov095:0x02135fc4	d_a_obj_seesaw.cpp	0x2135700	0x2135ff4	yes	no	not_apply=global_classinit_name_collision
134	KM1_DORIFU	symbols/actor_debug_names.tsv (literal ROM string table)	0x02090164	1	2	True	ov043	0x021124fc	StairsBdw_SpawnInfo	g_profile_KM1_DORIFU	actor_profile_0x1c	134	True	134	175		unlocated: no separate group-flags field is read from this descriptor by the recovered fBase_c/dActor_c constructors	0x00000000	0x00500000	0x01000000	0x02000000	0x00000000	ov043	0x0211176c	StairsBdw_Spawn	src/StairsBdw_Spawn.cpp	daObjKm1_Dorifu_c_classInit	new_plus_inlined_ctor	0x00000dcc	0x0211255c	daObjKm1_Dorifu_c	SM64DS RTTI ov043:0x021124dc		d_a_obj_km1_dorifu.cpp	0x2111630	0x21117fc	no	no	not_apply=overlay_multiplexed_registry_pointer
134	KM1_DORIFU	symbols/actor_debug_names.tsv (literal ROM string table)	0x02090164	2	2	True	ov052	0x021124fc	data_ov052_021124fc	g_profile_KM1_DORIFU	actor_profile_0x1c	174	False	174	16		unlocated: no separate group-flags field is read from this descriptor by the recovered fBase_c/dActor_c constructors						ov052	0x02111410	daObjEmmLog_c_Spawn	src/daObjEmmLog_c_Spawn.c	daObjEmmLog_c_classInit	new_plus_inlined_ctor	0x00000328	0x02112520	daObjEmmLog_c	SM64DS RTTI ov052:0x021124e0		d_a_obj_emm_log.cpp	0x21111a0	0x2111440	no	no	not_apply=overlay_multiplexed_registry_pointer
135	KM1_UKISHIMA	symbols/actor_debug_names.tsv (literal ROM string table)	0x02090528	1	1	False	ov043	0x02112294	DiamondLift_SpawnInfo	g_profile_KM1_UKISHIMA	actor_profile_0x1c	135	True	135	176		unlocated: no separate group-flags field is read from this descriptor by the recovered fBase_c/dActor_c constructors	0x00000002	0x00000000	0x00300000	0x01000000	0x00000000	ov043	0x021113cc	DiamondLift_Spawn	src/DiamondLift_Spawn.c	daObjKm1_Ukishima_c_classInit	new_plus_inlined_ctor	0x00000320	0x021122b8	daObjKm1_Ukishima_c	SM64DS RTTI ov043:0x02112270		d_a_obj_km1_ukishima.cpp	0x21111a0	0x21113fc	yes	yes	eligible=unique_registry_context+rom_profile_id+unique_class_factory
136	KM1_KURUMA	symbols/actor_debug_names.tsv (literal ROM string table)	0x02090170	1	1	False	ov043	0x02112438	RickshawPlatformBdw_SpawnInfo	g_profile_KM1_KURUMA	actor_profile_0x1c	136	True	136	177		unlocated: no separate group-flags field is read from this descriptor by the recovered fBase_c/dActor_c constructors	0x00000002	0x00000000	0x00200000	0x01000000	0x00000000	ov043	0x021115f4	RickshawPlatformBdw_Spawn	src/RickshawPlatformBdw_Spawn.c	daObjKm1_Kuruma_c_classInit	new_plus_inlined_ctor	0x00000320	0x0211245c	daObjKm1_Kuruma_c	SM64DS RTTI ov043:0x0211240c		d_a_obj_km1_kuruma.cpp	0x2111518	0x2111630	yes	yes	eligible=unique_registry_context+rom_profile_id+unique_class_factory
137	KM1_KURUMAJIKU	symbols/actor_debug_names.tsv (literal ROM string table)	0x02090718	1	1	False	ov043	0x02112368	RickshawBdw_SpawnInfo	g_profile_KM1_KURUMAJIKU	actor_profile_0x1c	137	True	137	178		unlocated: no separate group-flags field is read from this descriptor by the recovered fBase_c/dActor_c constructors	0x00000002	0x00000000	0x00300000	0x01000000	0x00000000	ov043	0x021114dc	RickshawBdw_Spawn	src/RickshawBdw_Spawn.c	daObjKm1_Kurumajiku_c_classInit	new_plus_inlined_ctor	0x00000330	0x0211238c	daObjKm1_Kurumajiku_c	SM64DS RTTI ov043:0x02112338		d_a_obj_km1_kurumajiku.cpp	0x21113fc	0x2111518	yes	yes	eligible=unique_registry_context+rom_profile_id+unique_class_factory
138	KM1_DERU	symbols/actor_debug_names.tsv (literal ROM string table)	0x0208faf8	1	1	False	ov091	0x02134f60	SlidingPlatformBdw_SpawnInfo	g_profile_KM1_DERU	actor_profile_0x1c	138	True	138	179		unlocated: no separate group-flags field is read from this descriptor by the recovered fBase_c/dActor_c constructors	0x00000002	0x00000000	0x00400000	0x02000000	0x00000000	ov091	0x02132908	SlidingPlatformBdw_Spawn	src/SlidingPlatformBdw_Spawn.c	daObjSimpleLift_c_classInit	new_plus_inlined_ctor	0x00000330	0x02135080	daObjSimpleLift_c	SM64DS RTTI ov091:0x02134f40	ov091:0x021327e8;ov091:0x02132818;ov091:0x02132848;ov091:0x02132878;ov091:0x021328a8;ov091:0x021328d8;ov091:0x02132908	d_a_obj_simple_lift.cpp	0x2132404	0x2132938	yes	no	not_apply=global_classinit_name_collision
139	KM2_KUZURE	symbols/actor_debug_names.tsv (literal ROM string table)	0x0208ff30	1	1	False	ov045	0x021130d0	FallBlockBfs_SpawnInfo	g_profile_KM2_KUZURE	actor_profile_0x1c	139	True	139	210		unlocated: no separate group-flags field is read from this descriptor by the recovered fBase_c/dActor_c constructors	0x00000002	0x00060000	0x00150000	0x01000000	0x00000000	ov045	0x02111e24	FallBlockBfs_Spawn	src/FallBlockBfs_Spawn.c	daObjKm2_Fall_Block_c_classInit	new_plus_inlined_ctor	0x0000034c	0x021130f4	daObjKm2_Fall_Block_c	SM64DS RTTI ov045:0x021130a0		d_a_obj_km2_fall_block.cpp	0x2111d48	0x2111e60	yes	yes	eligible=unique_registry_context+rom_profile_id+unique_class_factory
140	KM2_AGARU	symbols/actor_debug_names.tsv (literal ROM string table)	0x0208fc0c	1	1	False	ov045	0x02112cd0	FireSeaElevator_SpawnInfo	g_profile_KM2_AGARU	actor_profile_0x1c	140	True	140	211		unlocated: no separate group-flags field is read from this descriptor by the recovered fBase_c/dActor_c constructors	0x00000002	0x000fa000	0x000fa000	0x00fa0000	0x00fa0000	ov045	0x021114dc	FireSeaElevator_Spawn	src/FireSeaElevator_Spawn.c	daObjKm2_Agaru_c_classInit	new_plus_inlined_ctor	0x00000328	0x02112cf4	daObjKm2_Agaru_c	SM64DS RTTI ov045:0x02112cb0		d_a_obj_km2_agaru.cpp	0x21111a0	0x211150c	yes	yes	eligible=unique_registry_context+rom_profile_id+unique_class_factory
141	KM2_GURA	symbols/actor_debug_names.tsv (literal ROM string table)	0x0208fbdc	1	1	False	ov045	0x02112ffc	TiltingPlatformBfs_SpawnInfo	g_profile_KM2_GURA	actor_profile_0x1c	141	True	141	212		unlocated: no separate group-flags field is read from this descriptor by the recovered fBase_c/dActor_c constructors	0x00000002	0x00120000	0x00200000	0x02000000	0x00000000	ov045	0x02111d0c	TiltingPlatformBfs_Spawn	src/TiltingPlatformBfs_Spawn.c	daObjKm2_Gura_c_classInit	new_plus_inlined_ctor	0x00000350	0x02113020	daObjKm2_Gura_c	SM64DS RTTI ov045:0x02112fd0		d_a_obj_km2_gura.cpp	0x2111c30	0x2111d48	yes	yes	eligible=unique_registry_context+rom_profile_id+unique_class_factory
142	KM2_AMI_BOU	symbols/actor_debug_names.tsv (literal ROM string table)	0x02090188	1	1	False	ov045	0x02112d98	PoleLift_SpawnInfo	g_profile_KM2_AMI_BOU	actor_profile_0x1c	142	True	142	213		unlocated: no separate group-flags field is read from this descriptor by the recovered fBase_c/dActor_c constructors	0x00000002	0x00100000	0x00300000	0x01000000	0x00000000	ov045	0x02111808	PoleLift_Spawn	src/PoleLift_Spawn.c	daObjKm2_Ami_Bou_c_classInit	new_plus_inlined_ctor	0x00000358	0x02112dbc	daObjKm2_Ami_Bou_c	SM64DS RTTI ov045:0x02112d74		d_a_obj_km2_ami_bou.cpp	0x211150c	0x2111840	yes	yes	eligible=unique_registry_context+rom_profile_id+unique_class_factory
143	KM2_YOKOSEESAW	symbols/actor_debug_names.tsv (literal ROM string table)	0x02090618	1	1	False	ov095	0x02137414	SeesawBfs_SpawnInfo	g_profile_KM2_YOKOSEESAW	actor_profile_0x1c	143	True	143	214		unlocated: no separate group-flags field is read from this descriptor by the recovered fBase_c/dActor_c constructors	0x00000002	0x00000000	0x00400000	0x01000000	0x00000000	ov095	0x02135f34	SeesawBfs_Spawn	src/SeesawBfs_Spawn.c	daObjSeesaw_c_classInit	new_plus_inlined_ctor	0x00000328	0x021374fc	daObjSeesaw_c	SM64DS RTTI ov095:0x021373c0	ov095:0x02135ea4;ov095:0x02135ed4;ov095:0x02135f04;ov095:0x02135f34;ov095:0x02135f64;ov095:0x02135f94;ov095:0x02135fc4	d_a_obj_seesaw.cpp	0x2135700	0x2135ff4	yes	no	not_apply=global_classinit_name_collision
144	KM2_SUSUMU	symbols/actor_debug_names.tsv (literal ROM string table)	0x0208ff48	1	1	False	ov091	0x02134e9c	SquareMetalNetLift_SpawnInfo	g_profile_KM2_SUSUMU	actor_profile_0x1c	144	True	144	215		unlocated: no separate group-flags field is read from this descriptor by the recovered fBase_c/dActor_c constructors	0x00000002	0x00100000	0x00300000	0x01000000	0x00000000	ov091	0x02132394	SquareMetalNetLift_Spawn	src/SquareMetalNetLift_Spawn.c	daLinelift2_c_classInit	new_plus_inlined_ctor	0x00000358	0x02134ec0	daLinelift2_c	SM64DS RTTI ov091:0x02134e64	ov091:0x02132394;ov091:0x021323cc	d_a_linelift2.cpp	0x2131c14	0x2132404	yes	no	not_apply=global_classinit_name_collision
145	KM2_UKISHIMA	symbols/actor_debug_names.tsv (literal ROM string table)	0x020903d8	1	1	False	ov045	0x02112f2c	FloatingFloorBfs_SpawnInfo	g_profile_KM2_UKISHIMA	actor_profile_0x1c	145	True	145	216		unlocated: no separate group-flags field is read from this descriptor by the recovered fBase_c/dActor_c constructors	0x00000002	0x00060000	0x01000000	0x02000000	0x00000000	ov045	0x02111bf4	FloatingFloorBfs_Spawn	src/FloatingFloorBfs_Spawn.c	daObjKm2_Ukishima_c_classInit	new_plus_inlined_ctor	0x0000032c	0x02112f50	daObjKm2_Ukishima_c	SM64DS RTTI ov045:0x02112efc		d_a_obj_km2_ukishima.cpp	0x2111b14	0x2111c30	yes	yes	eligible=unique_registry_context+rom_profile_id+unique_class_factory
146	KM2_RIFUT02	symbols/actor_debug_names.tsv (literal ROM string table)	0x020901ac	1	1	False	ov091	0x02134fec	SlidingPlatformBfsRectangle_SpawnInfo	g_profile_KM2_RIFUT02	actor_profile_0x1c	146	True	146	217		unlocated: no separate group-flags field is read from this descriptor by the recovered fBase_c/dActor_c constructors	0x00000002	0x00000000	0x00350000	0x01000000	0x00000000	ov091	0x02132818	SlidingPlatformBfsRectangle_Spawn	src/SlidingPlatformBfsRectangle_Spawn.c	daObjSimpleLift_c_classInit	new_plus_inlined_ctor	0x00000330	0x02135080	daObjSimpleLift_c	SM64DS RTTI ov091:0x02134f40	ov091:0x021327e8;ov091:0x02132818;ov091:0x02132848;ov091:0x02132878;ov091:0x021328a8;ov091:0x021328d8;ov091:0x02132908	d_a_obj_simple_lift.cpp	0x2132404	0x2132938	yes	no	not_apply=global_classinit_name_collision
147	KM2_RIFUT01	symbols/actor_debug_names.tsv (literal ROM string table)	0x020901b8	1	1	False	ov091	0x02134fd0	SlidingPlatformBfsSquare_SpawnInfo	g_profile_KM2_RIFUT01	actor_profile_0x1c	147	True	147	218		unlocated: no separate group-flags field is read from this descriptor by the recovered fBase_c/dActor_c constructors	0x00000002	0x00000000	0x00350000	0x01000000	0x00000000	ov091	0x02132848	SlidingPlatformBfsSquare_Spawn	src/SlidingPlatformBfsSquare_Spawn.c	daObjSimpleLift_c_classInit	new_plus_inlined_ctor	0x00000330	0x02135080	daObjSimpleLift_c	SM64DS RTTI ov091:0x02134f40	ov091:0x021327e8;ov091:0x02132818;ov091:0x02132848;ov091:0x02132878;ov091:0x021328a8;ov091:0x021328d8;ov091:0x02132908	d_a_obj_simple_lift.cpp	0x2132404	0x2132938	yes	no	not_apply=global_classinit_name_collision
148	KM2_NOBIRU	symbols/actor_debug_names.tsv (literal ROM string table)	0x0208ff54	1	1	False	ov045	0x02112e5c	ExtendingPlatform_SpawnInfo	g_profile_KM2_NOBIRU	actor_profile_0x1c	148	True	148	219		unlocated: no separate group-flags field is read from this descriptor by the recovered fBase_c/dActor_c constructors	0x00000007	0x003e8000	0x007d0000	0x03e80000	0x00050000	ov045	0x02111ad4	ExtendingPlatform_Spawn	src/ExtendingPlatform_Spawn.c	daObjKm2_Nobiru_c_classInit	new_plus_inlined_ctor	0x00000328	0x02112e80	daObjKm2_Nobiru_c	SM64DS RTTI ov045:0x02112e3c		d_a_obj_km2_nobiru.cpp	0x2111840	0x2111b14	yes	yes	eligible=unique_registry_context+rom_profile_id+unique_class_factory
149	KM3_SEESAW	symbols/actor_debug_names.tsv (literal ROM string table)	0x0208ff60	1	1	False	ov095	0x02137430	SeesawBsPlank_SpawnInfo	g_profile_KM3_SEESAW	actor_profile_0x1c	149	True	149	220		unlocated: no separate group-flags field is read from this descriptor by the recovered fBase_c/dActor_c constructors	0x00000002	0x00000000	0x00400000	0x01000000	0x00000000	ov095	0x02135f04	SeesawBsPlank_Spawn	src/SeesawBsPlank_Spawn.c	daObjSeesaw_c_classInit	new_plus_inlined_ctor	0x00000328	0x021374fc	daObjSeesaw_c	SM64DS RTTI ov095:0x021373c0	ov095:0x02135ea4;ov095:0x02135ed4;ov095:0x02135f04;ov095:0x02135f34;ov095:0x02135f64;ov095:0x02135f94;ov095:0x02135fc4	d_a_obj_seesaw.cpp	0x2135700	0x2135ff4	yes	no	not_apply=global_classinit_name_collision
150	KM3_YOKOSEESAW	symbols/actor_debug_names.tsv (literal ROM string table)	0x02090628	1	1	False	ov095	0x0213744c	SeesawBsZigZag_SpawnInfo	g_profile_KM3_YOKOSEESAW	actor_profile_0x1c	150	True	150	221		unlocated: no separate group-flags field is read from this descriptor by the recovered fBase_c/dActor_c constructors	0x00000002	0x00000000	0x00800000	0x02000000	0x00000000	ov095	0x02135ed4	SeesawBsZigZag_Spawn	src/SeesawBsZigZag_Spawn.c	daObjSeesaw_c_classInit	new_plus_inlined_ctor	0x00000328	0x021374fc	daObjSeesaw_c	SM64DS RTTI ov095:0x021373c0	ov095:0x02135ea4;ov095:0x02135ed4;ov095:0x02135f04;ov095:0x02135f34;ov095:0x02135f64;ov095:0x02135f94;ov095:0x02135fc4	d_a_obj_seesaw.cpp	0x2135700	0x2135ff4	yes	no	not_apply=global_classinit_name_collision
151	KM3_KURUMA	symbols/actor_debug_names.tsv (literal ROM string table)	0x0208ff6c	1	1	False	ov047	0x02112428	daObjKm3_Dorifu_c_SpawnInfo	g_profile_KM3_KURUMA	actor_profile_0x1c	151	True	151	222		unlocated: no separate group-flags field is read from this descriptor by the recovered fBase_c/dActor_c constructors	0x00000002	0x00000000	0x00200000	0x01000000	0x00000000	ov047	0x021114d4	daObjKm3_Dorifu_c_Spawn	src/daObjKm3_Dorifu_c_Spawn.c	daObjKm3_Kuruma_c_classInit	new_plus_inlined_ctor	0x00000320	0x0211244c	daObjKm3_Kuruma_c	SM64DS RTTI ov047:0x021123fc		d_a_obj_km3_kuruma.cpp	0x21113f8	0x2111510	yes	yes	eligible=unique_registry_context+rom_profile_id+unique_class_factory
152	KM3_KURUMAJIKU	symbols/actor_debug_names.tsv (literal ROM string table)	0x02090638	1	1	False	ov047	0x0211227c	RickshawBs_SpawnInfo	g_profile_KM3_KURUMAJIKU	actor_profile_0x1c	152	True	152	223		unlocated: no separate group-flags field is read from this descriptor by the recovered fBase_c/dActor_c constructors	0x00000002	0x00000000	0x00300000	0x01000000	0x00000000	ov047	0x02111280	RickshawBs_Spawn	src/actors/daObjKm3_Kurumajiku_c.cpp	daObjKm3_Kurumajiku_c_classInit	new_plus_inlined_ctor	0x00000330	0x021122a0	daObjKm3_Kurumajiku_c	SM64DS RTTI ov047:0x0211224c		d_a_obj_km3_kurumajiku.cpp	0x21111a0	0x21112bc	yes	yes	eligible=unique_registry_context+rom_profile_id+unique_class_factory
153	KM3_DORIFU	symbols/actor_debug_names.tsv (literal ROM string table)	0x0208ff84	1	1	False	ov047	0x021124ec	StairsBs_SpawnInfo	g_profile_KM3_DORIFU	actor_profile_0x1c	153	True	153	224		unlocated: no separate group-flags field is read from this descriptor by the recovered fBase_c/dActor_c constructors	0x00000000	0x00500000	0x01000000	0x02000000	0x00000000	ov047	0x0211164c	StairsBs_Spawn	src/StairsBs_Spawn.cpp	daObjKm3_Dorifu_c_classInit	new_plus_inlined_ctor	0x00000dcc	0x0211254c	daObjKm3_Dorifu_c	SM64DS RTTI ov047:0x021124cc		d_a_obj_km3_dorifu.cpp	0x2111510	0x21116dc	yes	yes	eligible=unique_registry_context+rom_profile_id+unique_class_factory
154	KM3_DERU01	symbols/actor_debug_names.tsv (literal ROM string table)	0x0208ff90	1	1	False	ov091	0x02134f7c	SlidingPlatformBsWide_SpawnInfo	g_profile_KM3_DERU01	actor_profile_0x1c	154	True	154	225		unlocated: no separate group-flags field is read from this descriptor by the recovered fBase_c/dActor_c constructors	0x00000002	0x00000000	0x00350000	0x02000000	0x00000000	ov091	0x021328d8	SlidingPlatformBsWide_Spawn	src/SlidingPlatformBsWide_Spawn.c	daObjSimpleLift_c_classInit	new_plus_inlined_ctor	0x00000330	0x02135080	daObjSimpleLift_c	SM64DS RTTI ov091:0x02134f40	ov091:0x021327e8;ov091:0x02132818;ov091:0x02132848;ov091:0x02132878;ov091:0x021328a8;ov091:0x021328d8;ov091:0x02132908	d_a_obj_simple_lift.cpp	0x2132404	0x2132938	yes	no	not_apply=global_classinit_name_collision
155	KM3_DERU02	symbols/actor_debug_names.tsv (literal ROM string table)	0x0208ff9c	1	1	False	ov091	0x02134f98	SlidingPlatformBsLong_SpawnInfo	g_profile_KM3_DERU02	actor_profile_0x1c	155	True	155	226		unlocated: no separate group-flags field is read from this descriptor by the recovered fBase_c/dActor_c constructors	0x00000002	0x00000000	0x00350000	0x02000000	0x00000000	ov091	0x021328a8	SlidingPlatformBsLong_Spawn	src/SlidingPlatformBsLong_Spawn.c	daObjSimpleLift_c_classInit	new_plus_inlined_ctor	0x00000330	0x02135080	daObjSimpleLift_c	SM64DS RTTI ov091:0x02134f40	ov091:0x021327e8;ov091:0x02132818;ov091:0x02132848;ov091:0x02132878;ov091:0x021328a8;ov091:0x021328d8;ov091:0x02132908	d_a_obj_simple_lift.cpp	0x2132404	0x2132938	yes	no	not_apply=global_classinit_name_collision
156	KM3_KAITENDAI	symbols/actor_debug_names.tsv (literal ROM string table)	0x02090548	1	2	True	ov033	0x02112358	TinyCover_SpawnInfo	g_profile_KM3_KAITENDAI	actor_profile_0x1c	104	False	104	266		unlocated: no separate group-flags field is read from this descriptor by the recovered fBase_c/dActor_c constructors	0x00000002	0x00000000	0x00200000	0x01000000	0x00000000	ov033	0x021113a4	TinyCover_Spawn	src/TinyCover_Spawn.c	daObjTtFuta_c_classInit	new_plus_inlined_ctor	0x00000320	0x0211237c	daObjTtFuta_c	SM64DS RTTI ov033:0x0211233c		d_a_obj_tt_futa.cpp	0x21111a0	0x21113d4	no	no	not_apply=overlay_multiplexed_registry_pointer
156	KM3_KAITENDAI	symbols/actor_debug_names.tsv (literal ROM string table)	0x02090548	2	2	True	ov047	0x02112358	data_ov047_02112358	g_profile_KM3_KAITENDAI	actor_profile_0x1c	156	True	156	227		unlocated: no separate group-flags field is read from this descriptor by the recovered fBase_c/dActor_c constructors	0x00000002	0x00000000	0x00380000	0x02000000	0x00000000	ov047	0x021113bc	func_ov047_021113bc	src/actors/daObjKm3_Kaitendai_c.cpp	daObjKm3_Kaitendai_c_classInit	new_plus_inlined_ctor	0x00000320	0x0211237c	daObjKm3_Kaitendai_c	SM64DS RTTI ov047:0x02112328		d_a_obj_km3_kaitendai.cpp	0x21113bc	0x21113f8	no	no	not_apply=overlay_multiplexed_registry_pointer
157	KM3_LIFT	symbols/actor_debug_names.tsv (literal ROM string table)	0x0208f9c0	1	1	False	ov091	0x02134e80	ArrowPathLift_SpawnInfo	g_profile_KM3_LIFT	actor_profile_0x1c	157	True	157	302		unlocated: no separate group-flags field is read from this descriptor by the recovered fBase_c/dActor_c constructors	0x00000002	0x00100000	0x00300000	0x01000000	0x00000000	ov091	0x021323cc	ArrowPathLift_Spawn	src/ArrowPathLift_Spawn.c	daLinelift2_c_classInit	new_plus_inlined_ctor	0x00000358	0x02134ec0	daLinelift2_c	SM64DS RTTI ov091:0x02134e64	ov091:0x02132394;ov091:0x021323cc	d_a_linelift2.cpp	0x2131c14	0x2132404	yes	no	not_apply=global_classinit_name_collision
158	BOOKSHELF	symbols/actor_debug_names.tsv (literal ROM string table)	0x0208fc30	1	1	False	ov063	0x0211ea2c	Bookshelf_SpawnInfo	g_profile_BOOKSHELF	actor_profile_0x1c	158	True	158	55		unlocated: no separate group-flags field is read from this descriptor by the recovered fBase_c/dActor_c constructors	0x00000000	0x00064000	0x00064000	0x01000000	0x00a00000	ov063	0x0211d320	Bookshelf_Spawn	src/actors/Bookshelf/Bookshelf_Spawn.c	daTrsTrap_c_classInit	new_plus_inlined_ctor	0x00000354	0x0211ea88	daTrsTrap_c	SM64DS RTTI ov063:0x0211e9cc	ov063:0x0211d2a0;ov063:0x0211d2e0;ov063:0x0211d320;ov063:0x0211d360	d_a_trs_trap.cpp	0x211c600	0x211d3a0	yes	no	not_apply=global_classinit_name_collision
159	MERRYGOROUND	symbols/actor_debug_names.tsv (literal ROM string table)	0x020903f8	1	1	False	ov063	0x0211ea48	MerryGoRound_SpawnInfo	g_profile_MERRYGOROUND	actor_profile_0x1c	159	True	159	56		unlocated: no separate group-flags field is read from this descriptor by the recovered fBase_c/dActor_c constructors	0x00000000	0x00064000	0x00064000	0x01000000	0x00a00000	ov063	0x0211d2e0	MerryGoRound_Spawn	src/actors/MerryGoRound/MerryGoRound_Spawn.c	daTrsTrap_c_classInit	new_plus_inlined_ctor	0x00000354	0x0211ea88	daTrsTrap_c	SM64DS RTTI ov063:0x0211e9cc	ov063:0x0211d2a0;ov063:0x0211d2e0;ov063:0x0211d320;ov063:0x0211d360	d_a_trs_trap.cpp	0x211c600	0x211d3a0	yes	no	not_apply=global_classinit_name_collision
160	TERESAPIT	symbols/actor_debug_names.tsv (literal ROM string table)	0x0208fc3c	1	1	False	ov063	0x0211ea64	TrapDoor_SpawnInfo	g_profile_TERESAPIT	actor_profile_0x1c	160	True	160	57		unlocated: no separate group-flags field is read from this descriptor by the recovered fBase_c/dActor_c constructors	0x00000000	0x00064000	0x00064000	0x01000000	0x00a00000	ov063	0x0211d2a0	TrapDoor_Spawn	src/actors/TrapDoor/TrapDoor_Spawn.c	daTrsTrap_c_classInit	new_plus_inlined_ctor	0x00000354	0x0211ea88	daTrsTrap_c	SM64DS RTTI ov063:0x0211e9cc	ov063:0x0211d2a0;ov063:0x0211d2e0;ov063:0x0211d320;ov063:0x0211d360	d_a_trs_trap.cpp	0x211c600	0x211d3a0	yes	no	not_apply=global_classinit_name_collision
161	DOSUN	symbols/actor_debug_names.tsv (literal ROM string table)	0x0208f738	1	1	False	ov091	0x02135150	Thwomp_SpawnInfo	g_profile_DOSUN	actor_profile_0x1c	161	True	161	71		unlocated: no separate group-flags field is read from this descriptor by the recovered fBase_c/dActor_c constructors	0x12000002	0x00100000	0x00200000	0x01000000	0x01000000	ov091	0x02132cb8	Thwomp_Spawn	src/Thwomp_Spawn.c	daDsn_c_classInit	new_plus_inlined_ctor	0x000003a4	0x02135174	daDsn_c	SM64DS RTTI ov091:0x0213512c		d_a_dsn.cpp	0x2132cb8	0x2133254	yes	yes	eligible=unique_registry_context+rom_profile_id+unique_class_factory
162	DONKAKU	symbols/actor_debug_names.tsv (literal ROM string table)	0x0208f890	1	1	False	ov025	0x0211382c	Grindel_SpawnInfo	g_profile_DONKAKU	actor_profile_0x1c	162	True	162	72		unlocated: no separate group-flags field is read from this descriptor by the recovered fBase_c/dActor_c constructors	0x12000002	0x00100000	0x00200000	0x01000000	0x01000000	ov025	0x02111cf4	Grindel_Spawn	src/Grindel_Spawn.c	daDkk_c_classInit	new_plus_inlined_ctor	0x000003a0	0x02113850	daDkk_c	SM64DS RTTI ov025:0x021137ec		d_a_dkk.cpp	0x21118c8	0x2111d40	yes	yes	eligible=unique_registry_context+rom_profile_id+unique_class_factory
163	DONGURU	symbols/actor_debug_names.tsv (literal ROM string table)	0x0208f870	1	1	False	ov025	0x0211373c	data_ov025_0211373c	g_profile_DONGURU	actor_profile_0x1c	163	True	163	73		unlocated: no separate group-flags field is read from this descriptor by the recovered fBase_c/dActor_c constructors	0x12000002	0x00000000	0x00320000	0x02000000	0x02000000	ov025	0x02111898	func_ov025_02111898	src/func_ov025_02111898.c	daDgr_c_classInit	new_plus_inlined_ctor	0x00000334	0x02113760	daDgr_c	SM64DS RTTI ov025:0x02113730		d_a_dgr.cpp	0x2111898	0x21118c8	yes	yes	eligible=unique_registry_context+rom_profile_id+unique_class_factory
164	BATAN	symbols/actor_debug_names.tsv (literal ROM string table)	0x0208f790	1	1	False	ov079	0x02127c5c	Whomp_SpawnInfo	g_profile_BATAN	actor_profile_0x1c	164	True	164	74		unlocated: no separate group-flags field is read from this descriptor by the recovered fBase_c/dActor_c constructors	0x10000002	0x00000000	0x00320000	0x01000000	0x00960000	ov079	0x021265e8	Whomp_Spawn	src/Whomp_Spawn.c	daBtn_c_classInit	new_plus_inlined_ctor	0x00000610	0x02127c80	daBtn_c	SM64DS RTTI ov079:0x02127c34	ov079:0x02126588;ov079:0x021265e8	d_a_btn.cpp	0x2123740	0x2126648	yes	no	not_apply=global_classinit_name_collision
165	BATANKING	symbols/actor_debug_names.tsv (literal ROM string table)	0x0208fc54	1	1	False	ov079	0x02127c40	WhompKing_SpawnInfo	g_profile_BATANKING	actor_profile_0x1c	165	True	165	75		unlocated: no separate group-flags field is read from this descriptor by the recovered fBase_c/dActor_c constructors	0x10800002	0x00000000	0x00640000	0x01f40000	0x01f40000	ov079	0x02126588	WhompKing_Spawn	src/WhompKing_Spawn.c	daBtn_c_classInit	new_plus_inlined_ctor	0x00000610	0x02127c80	daBtn_c	SM64DS RTTI ov079:0x02127c34	ov079:0x02126588;ov079:0x021265e8	d_a_btn.cpp	0x2123740	0x2126648	yes	no	not_apply=global_classinit_name_collision
166	KOOPA2BG	symbols/actor_debug_names.tsv (literal ROM string table)	0x0208f9a8	1	1	False	ov060	0x0211a88c	BowserFireSeaArena_SpawnInfo	g_profile_KOOPA2BG	actor_profile_0x1c	166	True	166	145		unlocated: no separate group-flags field is read from this descriptor by the recovered fBase_c/dActor_c constructors	0x00000000	0x00000000	0x01388000	0x01388000	0x01388000	ov060	0x02117cdc	BowserFireSeaArena_Spawn	src/BowserFireSeaArena_Spawn.c	daKpa2Bg_c_classInit	new_plus_inlined_ctor	0x00000570	0x0211a8b0	daKpa2Bg_c	SM64DS RTTI ov060:0x0211a870		d_a_kpa2_bg.cpp	0x2117980	0x2117d1c	yes	yes	eligible=unique_registry_context+rom_profile_id+unique_class_factory
167	KOOPA3BG	symbols/actor_debug_names.tsv (literal ROM string table)	0x0208f9cc	1	1	False	ov060	0x0211a964	BowserSkyPlatform_SpawnInfo	g_profile_KOOPA3BG	actor_profile_0x1c	167	True	167	146		unlocated: no separate group-flags field is read from this descriptor by the recovered fBase_c/dActor_c constructors	0x00000000	0x00190000	0x00190000	0x01000000	0x01900000	ov060	0x02118408	BowserSkyPlatform_Spawn	src/BowserSkyPlatform_Spawn.c	daKpa3Bg_c_classInit	new_plus_inlined_ctor	0x0000032c	0x0211a9b0	daKpa3Bg_c	SM64DS RTTI ov060:0x0211a948		d_a_kpa3_bg.cpp	0x2117d1c	0x2118438	yes	yes	eligible=unique_registry_context+rom_profile_id+unique_class_factory
168	DOSSY	symbols/actor_debug_names.tsv (literal ROM string table)	0x0208f750	1	1	False	ov065	0x0211cd84	Dorrie_SpawnInfo	g_profile_DOSSY	actor_profile_0x1c	168	True	168	309		unlocated: no separate group-flags field is read from this descriptor by the recovered fBase_c/dActor_c constructors	0x00000002	0x000c8000	0x004b0000	0x01f40000	0x01000000	ov065	0x02119634	Dorrie_Spawn	src/Dorrie_Spawn.c	daDossy_c_classInit	new_plus_inlined_ctor	0x000011b8	0x0211ce48	daDossy_c	SM64DS RTTI ov065:0x0211cd40		d_a_dossy.cpp	0x2117f40	0x21196d8	yes	yes	eligible=unique_registry_context+rom_profile_id+unique_class_factory
169	DOSSY_CAP	symbols/actor_debug_names.tsv (literal ROM string table)	0x0208fc78	1	1	False	ov065	0x0211cda0	DorrieCap_SpawnInfo	g_profile_DOSSY_CAP	actor_profile_0x1c	169	True	169	310		unlocated: no separate group-flags field is read from this descriptor by the recovered fBase_c/dActor_c constructors	0x00000002	0x00000000	0x0012c000	0x01f40000	0x01000000	ov065	0x021195ec	DorrieCap_Spawn	src/DorrieCap_Spawn.c	daDossyCap_c_classInit	new_plus_inlined_ctor	0x00000184	0x0211cdc4	daDossyCap_c	SM64DS RTTI ov065:0x0211cd4c		d_a_dossy_cap.cpp	0x2117f40	0x21196d8	yes	yes	eligible=unique_registry_context+rom_profile_id+unique_class_factory
170	EWB_ICE_A	symbols/actor_debug_names.tsv (literal ROM string table)	0x0208ff18	1	1	False	ov073	0x02123168	CccArena_SpawnInfo	g_profile_EWB_ICE_A	actor_profile_0x1c	170	True	170	12		unlocated: no separate group-flags field is read from this descriptor by the recovered fBase_c/dActor_c constructors	0x00000000	0x00000000	0x01000000	0x00000000	0x00000000	ov073	0x02122844	CccArena_Spawn	src/CccArena_Spawn.c	daObjEwbIce_c_classInit	new_plus_inlined_ctor	0x0000033c	0x021231e8	daObjEwbIce_c	SM64DS RTTI ov073:0x0212314c	ov073:0x021227e4;ov073:0x02122814;ov073:0x02122844	d_a_obj_ewb_ice.cpp	0x2121f90	0x2122874	yes	no	not_apply=global_classinit_name_collision
171	EWB_ICE_B	symbols/actor_debug_names.tsv (literal ROM string table)	0x0208fc84	1	1	False	ov073	0x02123184	CccBigIce_SpawnInfo	g_profile_EWB_ICE_B	actor_profile_0x1c	171	True	171	13		unlocated: no separate group-flags field is read from this descriptor by the recovered fBase_c/dActor_c constructors	0x00000000	0x00000000	0x01000000	0x00000000	0x00000000	ov073	0x02122814	CccBigIce_Spawn	src/CccBigIce_Spawn.c	daObjEwbIce_c_classInit	new_plus_inlined_ctor	0x0000033c	0x021231e8	daObjEwbIce_c	SM64DS RTTI ov073:0x0212314c	ov073:0x021227e4;ov073:0x02122814;ov073:0x02122844	d_a_obj_ewb_ice.cpp	0x2121f90	0x2122874	yes	no	not_apply=global_classinit_name_collision
172	EWB_ICE_C	symbols/actor_debug_names.tsv (literal ROM string table)	0x0208fc90	1	1	False	ov073	0x021231a0	CccSmallIce_SpawnInfo	g_profile_EWB_ICE_C	actor_profile_0x1c	172	True	172	14		unlocated: no separate group-flags field is read from this descriptor by the recovered fBase_c/dActor_c constructors	0x00000000	0x00000000	0x01000000	0x00000000	0x00000000	ov073	0x021227e4	CccSmallIce_Spawn	src/CccSmallIce_Spawn.c	daObjEwbIce_c_classInit	new_plus_inlined_ctor	0x0000033c	0x021231e8	daObjEwbIce_c	SM64DS RTTI ov073:0x0212314c	ov073:0x021227e4;ov073:0x02122814;ov073:0x02122844	d_a_obj_ewb_ice.cpp	0x2121f90	0x2122874	yes	no	not_apply=global_classinit_name_collision
173	EWM_ICE_BLOCK	symbols/actor_debug_names.tsv (literal ROM string table)	0x02090558	1	1	False	ov056	0x02113344	BigMovingIceBlock_SpawnInfo	g_profile_EWM_ICE_BLOCK	actor_profile_0x1c	173	True	173	15		unlocated: no separate group-flags field is read from this descriptor by the recovered fBase_c/dActor_c constructors	0x00000002	0x00000000	0x00400000	0x02000000	0x00000000	ov056	0x02111594	BigMovingIceBlock_Spawn	src/BigMovingIceBlock_Spawn.c	daObjEwmIceBlock_c_classInit	new_plus_inlined_ctor	0x00000330	0x02113368	daObjEwmIceBlock_c	SM64DS RTTI ov056:0x02113320		d_a_obj_ewm_ice_block.cpp	0x21111a0	0x21115cc	yes	yes	eligible=unique_registry_context+rom_profile_id+unique_class_factory
174	EMM_LOG	symbols/actor_debug_names.tsv (literal ROM string table)	0x0208f980	1	2	True	ov043	0x021124fc	StairsBdw_SpawnInfo	g_profile_EMM_LOG	actor_profile_0x1c	134	False	134	175		unlocated: no separate group-flags field is read from this descriptor by the recovered fBase_c/dActor_c constructors	0x00000000	0x00500000	0x01000000	0x02000000	0x00000000	ov043	0x0211176c	StairsBdw_Spawn	src/StairsBdw_Spawn.cpp	daObjKm1_Dorifu_c_classInit	new_plus_inlined_ctor	0x00000dcc	0x0211255c	daObjKm1_Dorifu_c	SM64DS RTTI ov043:0x021124dc		d_a_obj_km1_dorifu.cpp	0x2111630	0x21117fc	no	no	not_apply=overlay_multiplexed_registry_pointer
174	EMM_LOG	symbols/actor_debug_names.tsv (literal ROM string table)	0x0208f980	2	2	True	ov052	0x021124fc	data_ov052_021124fc	g_profile_EMM_LOG	actor_profile_0x1c	174	True	174	16		unlocated: no separate group-flags field is read from this descriptor by the recovered fBase_c/dActor_c constructors						ov052	0x02111410	daObjEmmLog_c_Spawn	src/daObjEmmLog_c_Spawn.c	daObjEmmLog_c_classInit	new_plus_inlined_ctor	0x00000328	0x02112520	daObjEmmLog_c	SM64DS RTTI ov052:0x021124e0		d_a_obj_emm_log.cpp	0x21111a0	0x2111440	no	no	not_apply=overlay_multiplexed_registry_pointer
175	EMM_YUKA	symbols/actor_debug_names.tsv (literal ROM string table)	0x0208f9fc	1	1	False	ov052	0x021125cc	SquarePathLift_SpawnInfo	g_profile_EMM_YUKA	actor_profile_0x1c	175	True	175	17		unlocated: no separate group-flags field is read from this descriptor by the recovered fBase_c/dActor_c constructors	0x00000002	0x00000000	0x00150000	0x02000000	0x00000000	ov052	0x02111830	SquarePathLift_Spawn	src/SquarePathLift_Spawn.c	daObjEmmYuka_c_classInit	new_plus_inlined_ctor	0x00000330	0x021125f0	daObjEmmYuka_c	SM64DS RTTI ov052:0x021125ac		d_a_obj_emm_yuka.cpp	0x2111440	0x2111868	yes	yes	eligible=unique_registry_context+rom_profile_id+unique_class_factory
176	IWANTE	symbols/actor_debug_names.tsv (literal ROM string table)	0x0208f798	1	1	False	ov066	0x0211ad40	Eyerok_SpawnInfo	g_profile_IWANTE	actor_profile_0x1c	176	True	176	99		unlocated: no separate group-flags field is read from this descriptor by the recovered fBase_c/dActor_c constructors	0x00000000	0x00064000	0x00064000	0x01000000	0x00c80000	ov066	0x0211a370	Eyerok_Spawn	src/Eyerok_Spawn.cpp	daIwante_c_classInit	new_plus_inlined_ctor	0x00000874	0x0211ad64	daIwante_c	SM64DS RTTI ov066:0x0211ad24		d_a_iwante.cpp	0x2115ee0	0x211a418	yes	yes	eligible=unique_registry_context+rom_profile_id+unique_class_factory
177	STAR_CAMERA	symbols/actor_debug_names.tsv (literal ROM string table)	0x020901f4	1	1	False	ov002	0x0210aa94	StarCamera_SpawnInfo	g_profile_STAR_CAMERA	actor_profile_0x1c	177	True	177	63		unlocated: no separate group-flags field is read from this descriptor by the recovered fBase_c/dActor_c constructors	0x00000000	0x00000000	0x000c8000	0x00000000	0x00000000	ov002	0x020ebe5c	StarCamera_Spawn	src/StarCamera_Spawn.cpp		uncertain	0x000000d4	0x0208e3a4					0x20e6c40	0x20ebf8c	yes	no	not_apply=most_derived_class_unresolved
178	STAR	symbols/actor_debug_names.tsv (literal ROM string table)	0x0208f680	1	1	False	ov002	0x0210aa40	PowerStar_SpawnInfo	g_profile_STAR	actor_profile_0x1c	178	True	178	64		unlocated: no separate group-flags field is read from this descriptor by the recovered fBase_c/dActor_c constructors	0x20000002	0x00032000	0x001f4000	0x01000000	0x01000000	ov002	0x020ebf30	PowerStar_Spawn	src/PowerStar_Spawn.c	daStar_c_classInit	new_plus_inlined_ctor	0x000004c4	0x0210ab3c	daStar_c	SM64DS RTTI ov002:0x0210aa24	ov002:0x020ebed4;ov002:0x020ebf30	d_a_star.cpp	0x20e6c40	0x20ebf8c	yes	no	not_apply=global_classinit_name_collision
179	SILVER_STAR	symbols/actor_debug_names.tsv (literal ROM string table)	0x0209020c	1	1	False	ov002	0x0210aa5c	SilverStar_SpawnInfo	g_profile_SILVER_STAR	actor_profile_0x1c	179	True	179	65		unlocated: no separate group-flags field is read from this descriptor by the recovered fBase_c/dActor_c constructors	0x28000002	0x00032000	0x001f4000	0x01194000	0x01000000	ov002	0x020ebed4	SilverStar_Spawn	src/SilverStar_Spawn.c	daStar_c_classInit	new_plus_inlined_ctor	0x000004c4	0x0210ab3c	daStar_c	SM64DS RTTI ov002:0x0210aa24	ov002:0x020ebed4;ov002:0x020ebf30	d_a_star.cpp	0x20e6c40	0x20ebf8c	yes	no	not_apply=global_classinit_name_collision
180	STARBASE	symbols/actor_debug_names.tsv (literal ROM string table)	0x0208fa20	1	1	False	ov002	0x0210aa78	StarMarker_SpawnInfo	g_profile_STARBASE	actor_profile_0x1c	180	True	180	66		unlocated: no separate group-flags field is read from this descriptor by the recovered fBase_c/dActor_c constructors	0x28000002	0x00000000	0x000c8000	0x01000000	0x01000000	ov002	0x020ebe8c	StarMarker_Spawn	src/StarMarker_Spawn.c	daStarBase_c_classInit	new_plus_inlined_ctor	0x000001dc	0x0210aab8	daStarBase_c	SM64DS RTTI ov002:0x0210aa18		d_a_star_base.cpp	0x20e6c40	0x20ebf8c	yes	yes	eligible=unique_registry_context+rom_profile_id+unique_class_factory
181	RED_BOMBHEI	symbols/actor_debug_names.tsv (literal ROM string table)	0x02090218	1	1	False	ov084	0x02130a14	BobOmbBuddy_SpawnInfo	g_profile_RED_BOMBHEI	actor_profile_0x1c	181	True	181	46		unlocated: no separate group-flags field is read from this descriptor by the recovered fBase_c/dActor_c constructors	0x00000003	0x00040000	0x00080000	0x01000000	0x01000000	ov084	0x0212d200	BobOmbBuddy_Spawn	src/BobOmbBuddy_Spawn.c	daRedBombhei_c_classInit	new_plus_inlined_ctor	0x000001f0	0x02130a38	daRedBombhei_c	SM64DS RTTI ov084:0x021309f4		d_a_red_bombhei.cpp	0x212c10c	0x212d248	yes	yes	eligible=unique_registry_context+rom_profile_id+unique_class_factory
182	PL_CLOSET	symbols/actor_debug_names.tsv (literal ROM string table)	0x0208fca8	1	1	False	ov058	0x02111a4c	RecRoomCupboard_SpawnInfo	g_profile_PL_CLOSET	actor_profile_0x1c	182	True	182	165		unlocated: no separate group-flags field is read from this descriptor by the recovered fBase_c/dActor_c constructors	0x00000000	0x00000000	0x01000000	0x00000000	0x00000000	ov058	0x02111688	RecRoomCupboard_Spawn	src/RecRoomCupboard_Spawn.cpp	daObjCloset_c_classInit	new_plus_inlined_ctor	0x0000021c	0x02111a70	daObjCloset_c	SM64DS RTTI ov058:0x02111a30		d_a_obj_closet.cpp	0x21111a0	0x21116e4	yes	yes	eligible=unique_registry_context+rom_profile_id+unique_class_factory
183	KANBAN	symbols/actor_debug_names.tsv (literal ROM string table)	0x0208f860	1	1	False	ov085	0x021303dc	WallSign_SpawnInfo	g_profile_KANBAN	actor_profile_0x1c	183	True	183	166		unlocated: no separate group-flags field is read from this descriptor by the recovered fBase_c/dActor_c constructors	0x00000002	0x00060000	0x00300000	0x01000000	0x00000000	ov085	0x0212f244	WallSign_Spawn	src/WallSign_Spawn.c	daObjKanban_c_classInit	new_plus_inlined_ctor	0x00000368	0x02130400	daObjKanban_c	SM64DS RTTI ov085:0x021303c0		d_a_obj_kanban.cpp	0x212edac	0x212f27c	yes	yes	eligible=unique_registry_context+rom_profile_id+unique_class_factory
184	TATEFUDA	symbols/actor_debug_names.tsv (literal ROM string table)	0x0208fa44	1	1	False	ov002	0x02109ad4	SignPost_SpawnInfo	g_profile_TATEFUDA	actor_profile_0x1c	184	True	184	167		unlocated: no separate group-flags field is read from this descriptor by the recovered fBase_c/dActor_c constructors	0x00000082	0x00040000	0x00080000	0x01000000	0x01000000	ov002	0x020bc3c8	SignPost_Spawn	src/SignPost_Spawn.c	daObjTatefuda_c_classInit	new_plus_inlined_ctor	0x000005a4	0x02109af8	daObjTatefuda_c	SM64DS RTTI ov002:0x02109ab4		d_a_obj_tatefuda.cpp	0x20badd0	0x20bc414	yes	yes	eligible=unique_registry_context+rom_profile_id+unique_class_factory
185	KINOPIO	symbols/actor_debug_names.tsv (literal ROM string table)	0x0208f8b8	1	1	False	ov085	0x0212fe6c	Toad_SpawnInfo	g_profile_KINOPIO	actor_profile_0x1c	185	True	185	171		unlocated: no separate group-flags field is read from this descriptor by the recovered fBase_c/dActor_c constructors	0x00000003	0x00040000	0x00080000	0x01000000	0x01000000	ov085	0x02129cd0	Toad_Spawn	src/Toad_Spawn.c	daKinopio_c_classInit	new_plus_inlined_ctor	0x00000210	0x0212feb8	daKinopio_c	SM64DS RTTI ov085:0x0212fe50		d_a_kinopio.cpp	0x2129020	0x2129d18	yes	yes	eligible=unique_registry_context+rom_profile_id+unique_class_factory
186	PEACH_PRINCESS	symbols/actor_debug_names.tsv (literal ROM string table)	0x02090668	1	1	False	ov085	0x0212ff9c	PrincessPeach_SpawnInfo	g_profile_PEACH_PRINCESS	actor_profile_0x1c	186	True	186	172		unlocated: no separate group-flags field is read from this descriptor by the recovered fBase_c/dActor_c constructors	0x00000003	0x00064000	0x00064000	0x01000000	0x01000000	ov085	0x0212a684	PrincessPeach_Spawn	src/PrincessPeach_Spawn.c	daPeach_c_classInit	new_plus_inlined_ctor	0x0000036c	0x0212ffc0	daPeach_c	SM64DS RTTI ov085:0x0212ff90		d_a_peach.cpp	0x2129d18	0x212a6d4	yes	yes	eligible=unique_registry_context+rom_profile_id+unique_class_factory
187	MIP	symbols/actor_debug_names.tsv (literal ROM string table)	0x0208f678	1	1	False	ov085	0x021300d4	Rabbit_SpawnInfo	g_profile_MIP	actor_profile_0x1c	187	True	187	83		unlocated: no separate group-flags field is read from this descriptor by the recovered fBase_c/dActor_c constructors	0x00008282	0x00064000	0x000c8000	0x01000000	0x01000000	ov085	0x0212cc2c	Rabbit_Spawn	src/Rabbit_Spawn.c	daMip_c_classInit	new_plus_inlined_ctor	0x00000474	0x021300f8	daMip_c	SM64DS RTTI ov085:0x021300c8		d_a_mip.cpp	0x212a6d4	0x212cc88	yes	yes	eligible=unique_registry_context+rom_profile_id+unique_class_factory
188	RACE_NOKO	symbols/actor_debug_names.tsv (literal ROM string table)	0x0208fcc0	1	1	False	ov062	0x0211db78	KoopaTheQuick_SpawnInfo	g_profile_RACE_NOKO	actor_profile_0x1c	188	True	188	29		unlocated: no separate group-flags field is read from this descriptor by the recovered fBase_c/dActor_c constructors	0x00800002	0x000c8000	0x000c8000	0x017d0000	0x017d0000	ov062	0x0211aee0	KoopaTheQuick_Spawn	src/KoopaTheQuick_Spawn.c	daRNk_c_classInit	new_plus_inlined_ctor	0x000003e0	0x0211db9c	daRNk_c	SM64DS RTTI ov062:0x0211db6c		d_a_r_nk.cpp	0x211975c	0x211af38	yes	yes	eligible=unique_registry_context+rom_profile_id+unique_class_factory
189	BOMBKING	symbols/actor_debug_names.tsv (literal ROM string table)	0x0208fb10	1	1	False	ov078	0x02126e28	KingBobOmb_SpawnInfo	g_profile_BOMBKING	actor_profile_0x1c	189	True	189	44		unlocated: no separate group-flags field is read from this descriptor by the recovered fBase_c/dActor_c constructors	0x10000003	0x00000000	0x00190000	0x01fa0000	0x01fa0000	ov078	0x021265fc	KingBobOmb_Spawn	src/KingBobOmb_Spawn.c	daBombking_c_classInit	new_plus_inlined_ctor	0x0000050c	0x02126e4c	daBombking_c	SM64DS RTTI ov078:0x02126e0c		d_a_bombking.cpp	0x2123740	0x2126660	yes	yes	eligible=unique_registry_context+rom_profile_id+unique_class_factory
190	HOLHEI	symbols/actor_debug_names.tsv (literal ROM string table)	0x0208f838	1	1	False	ov062	0x0211d9bc	Chuckya_SpawnInfo	g_profile_HOLHEI	actor_profile_0x1c	190	True	190	100		unlocated: no separate group-flags field is read from this descriptor by the recovered fBase_c/dActor_c constructors	0x10000003	0x000c8000	0x00320000	0x01000000	0x01000000	ov062	0x02117478	Chuckya_Spawn	src/Chuckya_Spawn.c	daHolhei_c_classInit	new_plus_inlined_ctor	0x00000438	0x0211d9e0	daHolhei_c	SM64DS RTTI ov062:0x0211d9a0		d_a_holhei.cpp	0x2115ee0	0x21174cc	yes	yes	eligible=unique_registry_context+rom_profile_id+unique_class_factory
191	PLAYER	symbols/actor_debug_names.tsv (literal ROM string table)	0x0208f858	1	1	False	ov002	0x0210a704	Player_SpawnInfo	g_profile_PLAYER	actor_profile_0x1c	191	True	191	18		unlocated: no separate group-flags field is read from this descriptor by the recovered fBase_c/dActor_c constructors	0x00000002	0x000fa000	0x000fa000	0x02ee0000	0x02ee0000	ov002	0x020e6c0c	Player_Spawn	src/Player_Spawn.cpp	daPly_c_classInit	new_plus_ctor_call	0x00000768	0x0210a83c	daPly_c	SM64DS RTTI ov002:0x0210a56c		d_a_ply.cpp	0x20bd828	0x20e6c40	yes	yes	eligible=unique_registry_context+rom_profile_id+unique_class_factory
192	PUSHBLOCK	symbols/actor_debug_names.tsv (literal ROM string table)	0x0208fce4	1	1	False	ov002	0x0210968c	PushBlock_SpawnInfo	g_profile_PUSHBLOCK	actor_profile_0x1c	192	True	192	31		unlocated: no separate group-flags field is read from this descriptor by the recovered fBase_c/dActor_c constructors	0x00000002	0x00096000	0x0012c000	0x01000000	0x00000000	ov002	0x020b910c	PushBlock_Spawn	src/PushBlock_Spawn.cpp	daObjPushblock_c_classInit	new_plus_inlined_ctor	0x000004f4	0x021096b0	daObjPushblock_c	SM64DS RTTI ov002:0x0210966c		d_a_obj_pushblock.cpp	0x20b8bf0	0x20b9148	yes	yes	eligible=unique_registry_context+rom_profile_id+unique_class_factory
193	BATTA_BLOCK	symbols/actor_debug_names.tsv (literal ROM string table)	0x0209023c	1	1	False	ov080	0x02128174	CrazedCrate_SpawnInfo	g_profile_BATTA_BLOCK	actor_profile_0x1c	193	True	193	123		unlocated: no separate group-flags field is read from this descriptor by the recovered fBase_c/dActor_c constructors	0x00008283	0x00032000	0x0005a000	0x01000000	0x01000000	ov080	0x021253b4	CrazedCrate_Spawn	src/CrazedCrate_Spawn.c	daBttBk_c_classInit	new_plus_inlined_ctor	0x00000378	0x02128198	daBttBk_c	SM64DS RTTI ov080:0x02128168		d_a_btt_bk.cpp	0x2124a20	0x2125404	yes	yes	eligible=unique_registry_context+rom_profile_id+unique_class_factory
194	BLOCK_S	symbols/actor_debug_names.tsv (literal ROM string table)	0x0208f918	1	1	False	ov098	0x0213c510	Crate_SpawnInfo	g_profile_BLOCK_S	actor_profile_0x1c	194	True	194	37		unlocated: no separate group-flags field is read from this descriptor by the recovered fBase_c/dActor_c constructors	0x00000082	0x00032000	0x00064000	0x01000000	0x01000000	ov098	0x02139f04	Crate_Spawn	src/Crate_Spawn.cpp	daObjBlockS_c_classInit	new_plus_inlined_ctor	0x00000608	0x0213c534	daObjBlockS_c	SM64DS RTTI ov098:0x0213c4d4		d_a_obj_block_s.cpp	0x2138040	0x2139f70	yes	yes	eligible=unique_registry_context+rom_profile_id+unique_class_factory
195	LUIGI	symbols/actor_debug_names.tsv (literal ROM string table)	0x0208f728	1	1	False	ov055	0x02111abc	MirrorLuigi_SpawnInfo	g_profile_LUIGI	actor_profile_0x1c	195	True	195	19		unlocated: no separate group-flags field is read from this descriptor by the recovered fBase_c/dActor_c constructors	0x00800002	0x00050000	0x00050000	0x01f40000	0x01f40000	ov055	0x02111860	MirrorLuigi_Spawn	src/MirrorLuigi_Spawn.cpp	daLuigi_c_classInit	new_plus_inlined_ctor	0x0000020c	0x02111ae0	daLuigi_c	SM64DS RTTI ov055:0x02111ab0		d_a_luigi.cpp	0x21111a0	0x21118d4	yes	yes	eligible=unique_registry_context+rom_profile_id+unique_class_factory
196	LAVA	symbols/actor_debug_names.tsv (literal ROM string table)	0x0208f6b0	1	1	False	ov002	0x021093bc	PoppingLavaBubbles_SpawnInfo	g_profile_LAVA	actor_profile_0x1c	196	True	196	20		unlocated: no separate group-flags field is read from this descriptor by the recovered fBase_c/dActor_c constructors	0x00000000	0x00000000	0x00001000	0x00000000	0x00000000	ov002	0x020b6dd8	PoppingLavaBubbles_Spawn	src/PoppingLavaBubbles_Spawn.c	daObjLava_c_classInit	new_plus_inlined_ctor	0x000000d8	0x021093e0	daObjLava_c	SM64DS RTTI ov002:0x021093a0		d_a_obj_lava.cpp	0x20b6d28	0x20b6e08	yes	yes	eligible=unique_registry_context+rom_profile_id+unique_class_factory
197	WATERFALL	symbols/actor_debug_names.tsv (literal ROM string table)	0x0208fd08	1	1	False	ov002	0x0210947c	WaterfallMist_SpawnInfo	g_profile_WATERFALL	actor_profile_0x1c	197	True	197	21		unlocated: no separate group-flags field is read from this descriptor by the recovered fBase_c/dActor_c constructors	0x00800003	0x00060000	0x00300000	0x02000000	0x00000000	ov002	0x020b6ee8	WaterfallMist_Spawn	src/WaterfallMist_Spawn.cpp	daObjWaterfall_c_classInit	new_plus_inlined_ctor	0x000000dc	0x021094a0	daObjWaterfall_c	SM64DS RTTI ov002:0x0210945c		d_a_obj_waterfall.cpp	0x20b6e08	0x20b6f18	yes	yes	eligible=unique_registry_context+rom_profile_id+unique_class_factory
198	KURIKING	symbols/actor_debug_names.tsv (literal ROM string table)	0x0208fac8	1	1	False	ov074	0x02122e78	Goomboss_SpawnInfo	g_profile_KURIKING	actor_profile_0x1c	198	True	198	22		unlocated: no separate group-flags field is read from this descriptor by the recovered fBase_c/dActor_c constructors	0x34800000	0x00000000	0x00100000	0x03000000	0x03000000	ov074	0x02122838	Goomboss_Spawn	src/Goomboss_Spawn.cpp	daKuriKing_c_classInit	new_plus_inlined_ctor	0x00000610	0x02122eb8	daKuriKing_c	SM64DS RTTI ov074:0x02122e30	ov074:0x02122764;ov074:0x02122838	d_a_kuri_king.cpp	0x211f000	0x212290c	yes	no	not_apply=global_classinit_name_collision
199	KURIKING_VANISH	symbols/actor_debug_names.tsv (literal ROM string table)	0x02090738	1	1	False	ov074	0x02122e94	ExplosionGoomba_SpawnInfo	g_profile_KURIKING_VANISH	actor_profile_0x1c	199	True	199	23		unlocated: no separate group-flags field is read from this descriptor by the recovered fBase_c/dActor_c constructors	0x24800002	0x00000000	0x00100000	0x03000000	0x03000000	ov074	0x02122764	ExplosionGoomba_Spawn	src/ExplosionGoomba_Spawn.cpp	daKuriKing_c_classInit	new_plus_inlined_ctor	0x00000610	0x02122eb8	daKuriKing_c	SM64DS RTTI ov074:0x02122e30	ov074:0x02122764;ov074:0x02122838	d_a_kuri_king.cpp	0x211f000	0x212290c	yes	no	not_apply=global_classinit_name_collision
200	KURIBO	symbols/actor_debug_names.tsv (literal ROM string table)	0x0208f7d8	1	1	False	ov084	0x021308ec	Goomba_SpawnInfo	g_profile_KURIBO	actor_profile_0x1c	200	True	200	24		unlocated: no separate group-flags field is read from this descriptor by the recovered fBase_c/dActor_c constructors	0x10000006	0x00032000	0x00046000	0x01000000	0x01000000	ov084	0x0212c0b0	Goomba_Spawn	src/Goomba_Spawn.c	daKrb_c_classInit	new_plus_inlined_ctor	0x00000478	0x02130948	daKrb_c	SM64DS RTTI ov084:0x021308e0	ov084:0x0212bff8;ov084:0x0212c054;ov084:0x0212c0b0	d_a_krb.cpp	0x2129020	0x212c10c	yes	no	not_apply=global_classinit_name_collision
201	KURIBO_S	symbols/actor_debug_names.tsv (literal ROM string table)	0x0208fa74	1	1	False	ov084	0x02130908	GoombaSmall_SpawnInfo	g_profile_KURIBO_S	actor_profile_0x1c	201	True	201	25		unlocated: no separate group-flags field is read from this descriptor by the recovered fBase_c/dActor_c constructors	0x10000006	0x00032000	0x00046000	0x006a4000	0x00800000	ov084	0x0212c054	GoombaSmall_Spawn	src/GoombaSmall_Spawn.c	daKrb_c_classInit	new_plus_inlined_ctor	0x00000478	0x02130948	daKrb_c	SM64DS RTTI ov084:0x021308e0	ov084:0x0212bff8;ov084:0x0212c054;ov084:0x0212c0b0	d_a_krb.cpp	0x2129020	0x212c10c	yes	no	not_apply=global_classinit_name_collision
202	KURIBO_L	symbols/actor_debug_names.tsv (literal ROM string table)	0x0208fbac	1	1	False	ov084	0x02130924	GoombaLarge_SpawnInfo	g_profile_KURIBO_L	actor_profile_0x1c	202	True	202	26		unlocated: no separate group-flags field is read from this descriptor by the recovered fBase_c/dActor_c constructors	0x10000006	0x00064000	0x000c8000	0x01000000	0x01000000	ov084	0x0212bff8	GoombaLarge_Spawn	src/GoombaLarge_Spawn.c	daKrb_c_classInit	new_plus_inlined_ctor	0x00000478	0x02130948	daKrb_c	SM64DS RTTI ov084:0x021308e0	ov084:0x0212bff8;ov084:0x0212c054;ov084:0x0212c0b0	d_a_krb.cpp	0x2129020	0x212c10c	yes	no	not_apply=global_classinit_name_collision
203	NOKONOKO	symbols/actor_debug_names.tsv (literal ROM string table)	0x0208fab0	1	1	False	ov062	0x0211da74	Koopa_SpawnInfo	g_profile_NOKONOKO	actor_profile_0x1c	203	True	203	27		unlocated: no separate group-flags field is read from this descriptor by the recovered fBase_c/dActor_c constructors	0x10000006	0x00064000	0x00064000	0x01000000	0x00640000	ov062	0x0211970c	Koopa_Spawn	src/Koopa_Spawn.c	daNknk_c_classInit	new_plus_inlined_ctor	0x000003d0	0x0211dab4	daNknk_c	SM64DS RTTI ov062:0x0211da68	ov062:0x021196bc;ov062:0x0211970c	d_a_nknk.cpp	0x21174cc	0x211975c	yes	no	not_apply=global_classinit_name_collision
204	NOKONOKO_S	symbols/actor_debug_names.tsv (literal ROM string table)	0x0209014c	1	1	False	ov062	0x0211da90	KoopaSmall_SpawnInfo	g_profile_NOKONOKO_S	actor_profile_0x1c	204	True	204	28		unlocated: no separate group-flags field is read from this descriptor by the recovered fBase_c/dActor_c constructors	0x10000006	0x00032000	0x00032000	0x006a4000	0x00800000	ov062	0x021196bc	KoopaSmall_Spawn	src/KoopaSmall_Spawn.c	daNknk_c_classInit	new_plus_inlined_ctor	0x000003d0	0x0211dab4	daNknk_c	SM64DS RTTI ov062:0x0211da68	ov062:0x021196bc;ov062:0x0211970c	d_a_nknk.cpp	0x21174cc	0x211975c	yes	no	not_apply=global_classinit_name_collision
205	RACE_FLAG	symbols/actor_debug_names.tsv (literal ROM string table)	0x0208fe94	1	1	False	ov062	0x0211dc30	KoopaFlag_SpawnInfo	g_profile_RACE_FLAG	actor_profile_0x1c	205	True	205	30		unlocated: no separate group-flags field is read from this descriptor by the recovered fBase_c/dActor_c constructors	0x00000002	0x00190000	0x00190000	0x013e8000	0x013e8000	ov062	0x0211b208	KoopaFlag_Spawn	src/KoopaFlag_Spawn.c	daRFlag_c_classInit	new_plus_inlined_ctor	0x00000174	0x0211dc54	daRFlag_c	SM64DS RTTI ov062:0x0211dc24		d_a_r_flag.cpp	0x211af38	0x211b248	yes	yes	eligible=unique_registry_context+rom_profile_id+unique_class_factory
206	BOMBHEI	symbols/actor_debug_names.tsv (literal ROM string table)	0x0208f8c0	1	1	False	ov102	0x0214e534	BobOmb_SpawnInfo	g_profile_BOMBHEI	actor_profile_0x1c	206	True	206	45		unlocated: no separate group-flags field is read from this descriptor by the recovered fBase_c/dActor_c constructors	0x10008083	0x00032000	0x00046000	0x01000000	0x01000000	ov102	0x0214c6f8	BobOmb_Spawn	src/BobOmb_Spawn.c	daBmb_c_classInit	new_plus_inlined_ctor	0x00000400	0x0214e558	daBmb_c	SM64DS RTTI ov102:0x0214e508		d_a_bmb.cpp	0x214a96c	0x214c748	yes	yes	eligible=unique_registry_context+rom_profile_id+unique_class_factory
207	CANNON	symbols/actor_debug_names.tsv (literal ROM string table)	0x0208f848	1	1	False	ov098	0x0213c67c	Cannon_SpawnInfo	g_profile_CANNON	actor_profile_0x1c	207	True	207	47		unlocated: no separate group-flags field is read from this descriptor by the recovered fBase_c/dActor_c constructors	0x00000003	0x000c8000	0x000c8000	0x01000000	0x00000000	ov098	0x0213b43c	Cannon_Spawn	src/Cannon_Spawn.cpp	daCnn_c_classInit	new_plus_inlined_ctor	0x00000198	0x0213c6a0	daCnn_c	SM64DS RTTI ov098:0x0213c670		d_a_cnn.cpp	0x213a900	0x213b47c	yes	yes	eligible=unique_registry_context+rom_profile_id+unique_class_factory
208	WATERBOMB	symbols/actor_debug_names.tsv (literal ROM string table)	0x0208fde0	1	1	False	ov098	0x0213c74c	WaterBomb_SpawnInfo	g_profile_WATERBOMB	actor_profile_0x1c	208	True	208	48		unlocated: no separate group-flags field is read from this descriptor by the recovered fBase_c/dActor_c constructors	0x00000002	0x00064000	0x00064000	0x01000000	0x00640000	ov098	0x0213bf10	WaterBomb_Spawn	src/WaterBomb_Spawn.c	daWbm_c_classInit	new_plus_inlined_ctor	0x000003cc	0x0213c770	daWbm_c	SM64DS RTTI ov098:0x0213c740		d_a_wbm.cpp	0x213b47c	0x213bf60	yes	yes	eligible=unique_registry_context+rom_profile_id+unique_class_factory
209	TERESA	symbols/actor_debug_names.tsv (literal ROM string table)	0x0208f7a8	1	1	False	ov063	0x0211e770	Boo_SpawnInfo	g_profile_TERESA	actor_profile_0x1c	209	True	209	49		unlocated: no separate group-flags field is read from this descriptor by the recovered fBase_c/dActor_c constructors	0x00000006	0x00064000	0x00064000	0x01000000	0x00a00000	ov063	0x0211c590	Boo_Spawn	src/actors/daTrs_c/Boo_Spawn.cpp	daTrs_c_classInit	new_plus_inlined_ctor	0x000005e0	0x0211e828	daTrs_c	SM64DS RTTI ov063:0x0211e738	ov063:0x0211c520;ov063:0x0211c590	d_a_trs.cpp	0x2115ee0	0x211c600	yes	no	not_apply=global_classinit_name_collision
210	BOSS_TERESA	symbols/actor_debug_names.tsv (literal ROM string table)	0x02090284	1	1	False	ov063	0x0211e78c	BigBoo_SpawnInfo	g_profile_BOSS_TERESA	actor_profile_0x1c	210	True	210	50		unlocated: no separate group-flags field is read from this descriptor by the recovered fBase_c/dActor_c constructors	0x00000006	0x000c8000	0x000c8000	0x01000000	0x00a00000	ov063	0x0211c520	BigBoo_Spawn	src/actors/BigBoo/BigBoo_Spawn.cpp	daTrs_c_classInit	new_plus_inlined_ctor	0x000005e0	0x0211e828	daTrs_c	SM64DS RTTI ov063:0x0211e738	ov063:0x0211c520;ov063:0x0211c590	d_a_trs.cpp	0x2115ee0	0x211c600	yes	no	not_apply=global_classinit_name_collision
211	ICON_TERESA	symbols/actor_debug_names.tsv (literal ROM string table)	0x0209029c	1	1	False	ov063	0x0211e7c4	BigBooIcon_SpawnInfo	g_profile_ICON_TERESA	actor_profile_0x1c	211	True	211	51		unlocated: no separate group-flags field is read from this descriptor by the recovered fBase_c/dActor_c constructors	0x00000000	0x00000000	0x00001000	0x00000000	0x00000000	ov063	0x0211c4a0	BigBooIcon_Spawn	src/actors/BigBooIcon/BigBooIcon_Spawn.c	daTrsIcon_c_classInit	new_plus_inlined_ctor	0x000000d8	0x0211e8ac	daTrsIcon_c	SM64DS RTTI ov063:0x0211e744		d_a_trs_icon.cpp	0x2115ee0	0x211c600	yes	yes	eligible=unique_registry_context+rom_profile_id+unique_class_factory
212	T_BASKET	symbols/actor_debug_names.tsv (literal ROM string table)	0x0208f9b4	1	1	False	ov063	0x0211e7a8	BooCage_SpawnInfo	g_profile_T_BASKET	actor_profile_0x1c	212	True	212	52		unlocated: no separate group-flags field is read from this descriptor by the recovered fBase_c/dActor_c constructors	0x00000002	0x00064000	0x00064000	0x01000000	0x00a00000	ov063	0x0211c4d0	BooCage_Spawn	src/actors/BooCage/BooCage_Spawn.c	daTBasket_c_classInit	new_plus_inlined_ctor	0x00000380	0x0211e930	daTBasket_c	SM64DS RTTI ov063:0x0211e72c		d_a_t_basket.cpp	0x2115ee0	0x211c600	yes	yes	eligible=unique_registry_context+rom_profile_id+unique_class_factory
213	BOOK_SWITCH	symbols/actor_debug_names.tsv (literal ROM string table)	0x020902a8	1	1	False	ov020	0x02114898	data_ov020_02114898	g_profile_BOOK_SWITCH	actor_profile_0x1c	213	True	213	54		unlocated: no separate group-flags field is read from this descriptor by the recovered fBase_c/dActor_c constructors	0x00000002	0x00064000	0x00064000	0x01000000	0x01000000	ov020	0x021127f4	func_ov020_021127f4	src/func_ov020_021127f4.c	daBook_c_classInit	new_plus_inlined_ctor	0x00000454	0x0211495c	daBook_c	SM64DS RTTI ov020:0x02114844	ov020:0x021127f4;ov020:0x02112880;ov020:0x021128dc	d_a_book.cpp	0x21111a0	0x2112938	yes	no	not_apply=global_classinit_name_collision
214	BUBBLE	symbols/actor_debug_names.tsv (literal ROM string table)	0x0208f850	1	1	False	ov064	0x0211bec8	LavaBubble_SpawnInfo	g_profile_BUBBLE	actor_profile_0x1c	214	True	214	58		unlocated: no separate group-flags field is read from this descriptor by the recovered fBase_c/dActor_c constructors	0x00000002	0x00064000	0x00064000	0x01000000	0x00640000	ov064	0x02118b10	LavaBubble_Spawn	src/LavaBubble_Spawn.c	daBbl_c_classInit	new_plus_inlined_ctor	0x0000031c	0x0211beec	daBbl_c	SM64DS RTTI ov064:0x0211bebc		d_a_bbl.cpp	0x21185c0	0x2118b50	yes	yes	eligible=unique_registry_context+rom_profile_id+unique_class_factory
215	DONKETU	symbols/actor_debug_names.tsv (literal ROM string table)	0x0208f8e8	1	1	False	ov064	0x0211b818	Bully_SpawnInfo	g_profile_DONKETU	actor_profile_0x1c	215	True	215	59		unlocated: no separate group-flags field is read from this descriptor by the recovered fBase_c/dActor_c constructors	0x10000006	0x00064000	0x00064000	0x01000000	0x01000000	ov064	0x02117444	Bully_Spawn	src/Bully_Spawn.c	daDonketu_c_classInit	new_plus_inlined_ctor	0x00000400	0x0211b870	daDonketu_c	SM64DS RTTI ov064:0x0211b7fc		d_a_donketu.cpp	0x2117070	0x21174a0	yes	yes	eligible=unique_registry_context+rom_profile_id+unique_class_factory
216	BOSS_DONKETU	symbols/actor_debug_names.tsv (literal ROM string table)	0x02090458	1	1	False	ov064	0x0211b920	BigBully_SpawnInfo	g_profile_BOSS_DONKETU	actor_profile_0x1c	216	True	216	60		unlocated: no separate group-flags field is read from this descriptor by the recovered fBase_c/dActor_c constructors	0x10000006	0x000c8000	0x000c8000	0x01000000	0x01000000	ov064	0x0211791c	BigBully_Spawn	src/BigBully_Spawn.c	daBDonketu_c_classInit	new_plus_inlined_ctor	0x00000400	0x0211b978	daBDonketu_c	SM64DS RTTI ov064:0x0211b904		d_a_b_donketu.cpp	0x21174a0	0x2117978	yes	yes	eligible=unique_registry_context+rom_profile_id+unique_class_factory
217	ICE_DONKETU	symbols/actor_debug_names.tsv (literal ROM string table)	0x020902c0	1	1	False	ov027	0x021138d8	ChillBully_SpawnInfo	g_profile_ICE_DONKETU	actor_profile_0x1c	217	True	217	61		unlocated: no separate group-flags field is read from this descriptor by the recovered fBase_c/dActor_c constructors	0x10000006	0x00064000	0x00064000	0x01000000	0x00bb8000	ov027	0x0211186c	ChillBully_Spawn	src/ChillBully_Spawn.c	daIDonketu_c_classInit	new_plus_inlined_ctor	0x000003fc	0x02113930	daIDonketu_c	SM64DS RTTI ov027:0x021138b0		d_a_i_donketu.cpp	0x21115c4	0x21118c8	yes	yes	eligible=unique_registry_context+rom_profile_id+unique_class_factory
218	KING_DONKETU	symbols/actor_debug_names.tsv (literal ROM string table)	0x02090478	1	1	False	ov073	0x0212306c	ChiefChilly_SpawnInfo	g_profile_KING_DONKETU	actor_profile_0x1c	218	True	218	62		unlocated: no separate group-flags field is read from this descriptor by the recovered fBase_c/dActor_c constructors	0x10000000	0x001f4000	0x001f4000	0x01000000	0x01000000	ov073	0x02121ec8	ChiefChilly_Spawn	src/ChiefChilly_Spawn.cpp	daKing_Donketu_c_classInit	new_plus_inlined_ctor	0x00000504	0x02123090	daKing_Donketu_c	SM64DS RTTI ov073:0x0212304c		d_a_king_donketu.cpp	0x211f000	0x2121f90	yes	yes	eligible=unique_registry_context+rom_profile_id+unique_class_factory
219	WANWAN	symbols/actor_debug_names.tsv (literal ROM string table)	0x0208f810	1	1	False	ov014	0x02114750	ChainChomp_SpawnInfo	g_profile_WANWAN	actor_profile_0x1c	219	True	219	67		unlocated: no separate group-flags field is read from this descriptor by the recovered fBase_c/dActor_c constructors	0x10000003	0x00120000	0x00400000	0x01000000	0x01000000	ov014	0x02112d1c	ChainChomp_Spawn	src/ChainChomp_Spawn.cpp	daWanwan_c_classInit	new_plus_inlined_ctor	0x00000620	0x021147ec	daWanwan_c	SM64DS RTTI ov014:0x02114718		d_a_wanwan.cpp	0x2111308	0x2112e0c	yes	yes	eligible=unique_registry_context+rom_profile_id+unique_class_factory
220	IRONBALL	symbols/actor_debug_names.tsv (literal ROM string table)	0x0208fa5c	1	1	False	ov100	0x02147f58	RollingIronBall_SpawnInfo	g_profile_IRONBALL	actor_profile_0x1c	220	True	220	69		unlocated: no separate group-flags field is read from this descriptor by the recovered fBase_c/dActor_c constructors	0x00000002	0x00064000	0x007d0000	0x01800000	0x01800000	ov100	0x0214316c	RollingIronBall_Spawn	src/RollingIronBall_Spawn.c	daIbl_c_classInit	new_plus_inlined_ctor	0x000003fc	0x02147f7c	daIbl_c	SM64DS RTTI ov100:0x02147f4c		d_a_ibl.cpp	0x2141f04	0x21431c4	yes	yes	eligible=unique_registry_context+rom_profile_id+unique_class_factory
221	GORO_ROCK	symbols/actor_debug_names.tsv (literal ROM string table)	0x0208fda4	1	1	False	ov021	0x02114824	RollingRock_SpawnInfo	g_profile_GORO_ROCK	actor_profile_0x1c	221	True	221	70		unlocated: no separate group-flags field is read from this descriptor by the recovered fBase_c/dActor_c constructors	0x00000002	0x00000000	0x0012c000	0x017d0000	0x017d0000	ov021	0x02112d64	RollingRock_Spawn	src/RollingRock_Spawn.c	daGrock_c_classInit	new_plus_inlined_ctor	0x000003c8	0x02114848	daGrock_c	SM64DS RTTI ov021:0x02114818		d_a_grock.cpp	0x21121e8	0x2112db4	yes	yes	eligible=unique_registry_context+rom_profile_id+unique_class_factory
222	KILLER	symbols/actor_debug_names.tsv (literal ROM string table)	0x0208f7f8	1	1	False	ov079	0x02127ec4	BulletBill_SpawnInfo	g_profile_KILLER	actor_profile_0x1c	222	True	222	76		unlocated: no separate group-flags field is read from this descriptor by the recovered fBase_c/dActor_c constructors	0x00000002	0x00000000	0x00064000	0x01000000	0x00500000	ov079	0x02126d64	BulletBill_Spawn	src/BulletBill_Spawn.c	daKlr_c_classInit	new_plus_inlined_ctor	0x000003e0	0x02127ee8	daKlr_c	SM64DS RTTI ov079:0x02127eb8		d_a_klr.cpp	0x2126648	0x2126dbc	yes	yes	eligible=unique_registry_context+rom_profile_id+unique_class_factory
223	SNOWMAN	symbols/actor_debug_names.tsv (literal ROM string table)	0x0208f950	1	1	False	ov081	0x021289cc	MrBlizzard_SpawnInfo	g_profile_SNOWMAN	actor_profile_0x1c	223	True	223	77		unlocated: no separate group-flags field is read from this descriptor by the recovered fBase_c/dActor_c constructors	0x08000003	0x00064000	0x000c8000	0x01000000	0x01000000	ov081	0x02125ec0	MrBlizzard_Spawn	src/MrBlizzard_Spawn.c	daSnowman_c_classInit	new_plus_inlined_ctor	0x0000046c	0x021289f0	daSnowman_c	SM64DS RTTI ov081:0x021289b0		d_a_snowman.cpp	0x2124090	0x2125f14	yes	yes	eligible=unique_registry_context+rom_profile_id+unique_class_factory
224	SNOWBALL	symbols/actor_debug_names.tsv (literal ROM string table)	0x0208fb4c	1	1	False	ov081	0x02128a98	Snowball_SpawnInfo	g_profile_SNOWBALL	actor_profile_0x1c	224	True	224	78		unlocated: no separate group-flags field is read from this descriptor by the recovered fBase_c/dActor_c constructors	0x00000002	0x00064000	0x00064000	0x01000000	0x01000000	ov081	0x021264b4	Snowball_Spawn	src/Snowball_Spawn.c	daSnowball_c_classInit	new_plus_inlined_ctor	0x0000038c	0x02128abc	daSnowball_c	SM64DS RTTI ov081:0x02128a7c		d_a_snowball.cpp	0x2125f14	0x2126504	yes	yes	eligible=unique_registry_context+rom_profile_id+unique_class_factory
225	SHARK	symbols/actor_debug_names.tsv (literal ROM string table)	0x0208f788	1	1	False	ov090	0x021343c8	Shark_SpawnInfo	g_profile_SHARK	actor_profile_0x1c	225	True	225	79		unlocated: no separate group-flags field is read from this descriptor by the recovered fBase_c/dActor_c constructors	0x00000003	0x00064000	0x00258000	0x01000000	0x01000000	ov090	0x02133ca0	Shark_Spawn	src/Shark_Spawn.c	daShark_c_classInit	new_plus_inlined_ctor	0x000003a0	0x021343ec	daShark_c	SM64DS RTTI ov090:0x021343bc		d_a_shark.cpp	0x213367c	0x2133ce8	yes	yes	eligible=unique_registry_context+rom_profile_id+unique_class_factory
226	MANTA	symbols/actor_debug_names.tsv (literal ROM string table)	0x0208f740	1	1	False	ov090	0x02134218	MantaRay_SpawnInfo	g_profile_MANTA	actor_profile_0x1c	226	True	226	80		unlocated: no separate group-flags field is read from this descriptor by the recovered fBase_c/dActor_c constructors	0x00000003	0x00064000	0x003e8000	0x01000000	0x01000000	ov090	0x02132fe8	MantaRay_Spawn	src/MantaRay_Spawn.c	daManta_c_classInit	new_plus_inlined_ctor	0x00000404	0x0213423c	daManta_c	SM64DS RTTI ov090:0x0213420c		d_a_manta.cpp	0x213269c	0x2133034	yes	yes	eligible=unique_registry_context+rom_profile_id+unique_class_factory
227	PUKUPUKU	symbols/actor_debug_names.tsv (literal ROM string table)	0x0208fad4	1	1	False	ov090	0x02134300	CheepCheep_SpawnInfo	g_profile_PUKUPUKU	actor_profile_0x1c	227	True	227	81		unlocated: no separate group-flags field is read from this descriptor by the recovered fBase_c/dActor_c constructors	0x00000003	0x00064000	0x00064000	0x01000000	0x01000000	ov090	0x02133634	CheepCheep_Spawn	src/CheepCheep_Spawn.c	daPukupuku_c_classInit	new_plus_inlined_ctor	0x00000388	0x02134324	daPukupuku_c	SM64DS RTTI ov090:0x021342e4		d_a_pukupuku.cpp	0x2133034	0x213367c	yes	yes	eligible=unique_registry_context+rom_profile_id+unique_class_factory
228	BAKUBAKU	symbols/actor_debug_names.tsv (literal ROM string table)	0x0208fae0	1	2	True	ov027	0x02113800	SlidingIce_SpawnInfo	g_profile_BAKUBAKU	actor_profile_0x1c	93	False	93	264		unlocated: no separate group-flags field is read from this descriptor by the recovered fBase_c/dActor_c constructors	0x00000002	0x00060000	0x00500000	0x01500000	0x00000000	ov027	0x02111564	SlidingIce_Spawn	src/SlidingIce_Spawn.c	daObjSlIceBlock_c_classInit	new_plus_inlined_ctor	0x0000032c	0x02113824	daObjSlIceBlock_c	SM64DS RTTI ov027:0x021137c4	ov027:0x02111564;ov027:0x02111594	d_a_obj_sl_ice_block.cpp	0x21111a0	0x21115c4	no	no	not_apply=overlay_multiplexed_registry_pointer+global_classinit_name_collision
228	BAKUBAKU	symbols/actor_debug_names.tsv (literal ROM string table)	0x0208fae0	2	2	True	ov032	0x02113800	data_ov032_02113800	g_profile_BAKUBAKU	actor_profile_0x1c	228	True	228	82		unlocated: no separate group-flags field is read from this descriptor by the recovered fBase_c/dActor_c constructors	0x00000003	0x00000000	0x003e8000	0x01000000	0x01000000	ov032	0x0211244c	func_ov032_0211244c	src/func_ov032_0211244c.c	daBakubaku_c_classInit	new_plus_inlined_ctor	0x00000438	0x02113824	daBakubaku_c	SM64DS RTTI ov032:0x021137e4		d_a_bakubaku.cpp	0x211244c	0x21124a8	no	no	not_apply=overlay_multiplexed_registry_pointer
229	OBJ_MIP_KEY	symbols/actor_debug_names.tsv (literal ROM string table)	0x020902d8	1	1	False	ov085	0x021301b4	RabbitKey_SpawnInfo	g_profile_OBJ_MIP_KEY	actor_profile_0x1c	229	True	229	84		unlocated: no separate group-flags field is read from this descriptor by the recovered fBase_c/dActor_c constructors	0x00000002	0x00064000	0x00064000	0x01000000	0x01000000	ov085	0x0212d4e8	RabbitKey_Spawn	src/RabbitKey_Spawn.c	daObj_Mip_Key_c_classInit	new_plus_inlined_ctor	0x000001a0	0x021301d8	daObj_Mip_Key_c	SM64DS RTTI ov085:0x02130194		d_a_obj_mip_key.cpp	0x212cc88	0x212d528	yes	yes	eligible=unique_registry_context+rom_profile_id+unique_class_factory
230	MENBO	symbols/actor_debug_names.tsv (literal ROM string table)	0x0208f730	1	1	False	ov090	0x02134144	Skeeter_SpawnInfo	g_profile_MENBO	actor_profile_0x1c	230	True	230	85		unlocated: no separate group-flags field is read from this descriptor by the recovered fBase_c/dActor_c constructors	0x10000002	0x000c8000	0x000c8000	0x01000000	0x01000000	ov090	0x02132654	Skeeter_Spawn	src/Skeeter_Spawn.c	daMenbo_c_classInit	new_plus_inlined_ctor	0x000003b0	0x02134168	daMenbo_c	SM64DS RTTI ov090:0x02134138		d_a_menbo.cpp	0x2130f00	0x213269c	yes	yes	eligible=unique_registry_context+rom_profile_id+unique_class_factory
231	HYUHYU	symbols/actor_debug_names.tsv (literal ROM string table)	0x0208f820	1	1	False	ov091	0x02135388	Fwoosh_SpawnInfo	g_profile_HYUHYU	actor_profile_0x1c	231	True	231	86		unlocated: no separate group-flags field is read from this descriptor by the recovered fBase_c/dActor_c constructors	0x00000003	0x00064000	0x0012c000	0x01000000	0x01000000	ov091	0x021344a0	Fwoosh_Spawn	src/Fwoosh_Spawn.c	daHyuhyu_c_classInit	new_plus_inlined_ctor	0x00000378	0x021353ac	daHyuhyu_c	SM64DS RTTI ov091:0x0213536c		d_a_hyuhyu.cpp	0x2133968	0x21344e8	yes	yes	eligible=unique_registry_context+rom_profile_id+unique_class_factory
232	PROPELLER_HEYHO	symbols/actor_debug_names.tsv (literal ROM string table)	0x02090748	1	1	False	ov070	0x02123144	FlyGuy_SpawnInfo	g_profile_PROPELLER_HEYHO	actor_profile_0x1c	232	True	232	87		unlocated: no separate group-flags field is read from this descriptor by the recovered fBase_c/dActor_c constructors	0x10000003	0x00064000	0x000c8000	0x01000000	0x01000000	ov070	0x02120520	FlyGuy_Spawn	src/FlyGuy_Spawn.c	daPropeller_Heyho_c_classInit	new_plus_inlined_ctor	0x000003e8	0x02123168	daPropeller_Heyho_c	SM64DS RTTI ov070:0x02123120		d_a_propeller_heyho.cpp	0x211f000	0x2120570	yes	yes	eligible=unique_registry_context+rom_profile_id+unique_class_factory
233	PROPELLER_HEYHO_FIRE	symbols/actor_debug_names.tsv (literal ROM string table)	0x0209084c	1	1	False	ov002	0x0210d630	Bullet_SpawnInfo	g_profile_PROPELLER_HEYHO_FIRE	actor_profile_0x1c	233	True	233	88		unlocated: no separate group-flags field is read from this descriptor by the recovered fBase_c/dActor_c constructors	0x00000002	0x00064000	0x00064000	0x01000000	0x01000000	ov002	0x020fefcc	Bullet_Spawn	src/Bullet_Spawn.c	daPropeller_Heyho_Fire_c_classInit	new_plus_inlined_ctor	0x0000035c	0x0210d654	daPropeller_Heyho_Fire_c	SM64DS RTTI ov002:0x0210d608		d_a_propeller_heyho_fire.cpp	0x20feabc	0x20ff014	yes	yes	eligible=unique_registry_context+rom_profile_id+unique_class_factory
234	OWL	symbols/actor_debug_names.tsv (literal ROM string table)	0x0208f670	1	1	False	ov094	0x02136a34	HootTheOwl_SpawnInfo	g_profile_OWL	actor_profile_0x1c	234	True	234	89		unlocated: no separate group-flags field is read from this descriptor by the recovered fBase_c/dActor_c constructors	0x00000000	0x00064000	0x000c8000	0x01000000	0x01000000	ov094	0x02136798	HootTheOwl_Spawn	src/HootTheOwl_Spawn.c	daOwl_c_classInit	new_plus_inlined_ctor	0x000003f8	0x02136a58	daOwl_c	SM64DS RTTI ov094:0x02136a28		d_a_owl.cpp	0x2135700	0x21367e8	yes	yes	eligible=unique_registry_context+rom_profile_id+unique_class_factory
235	C_JUGEM	symbols/actor_debug_names.tsv (literal ROM string table)	0x0208f908	1	1	False	ov085	0x02130320	LakituBro_SpawnInfo	g_profile_C_JUGEM	actor_profile_0x1c	235	True	235	90		unlocated: no separate group-flags field is read from this descriptor by the recovered fBase_c/dActor_c constructors	0x00000000	0x00064000	0x0012c000	0x01000000	0x01000000	ov085	0x0212ed54	LakituBro_Spawn	src/LakituBro_Spawn.c	daC_Jugem_c_classInit	new_plus_inlined_ctor	0x000002e8	0x02130344	daC_Jugem_c	SM64DS RTTI ov085:0x02130304		d_a_c_jugem.cpp	0x212d528	0x212edac	yes	yes	eligible=unique_registry_context+rom_profile_id+unique_class_factory
236	YUREI_MUCHO	symbols/actor_debug_names.tsv (literal ROM string table)	0x020902f0	1	1	False	ov065	0x0211cb80	Snufit_SpawnInfo	g_profile_YUREI_MUCHO	actor_profile_0x1c	236	True	236	91		unlocated: no separate group-flags field is read from this descriptor by the recovered fBase_c/dActor_c constructors	0x10000003	0x00064000	0x000c8000	0x01000000	0x01000000	ov065	0x02116f48	Snufit_Spawn	src/Snufit_Spawn.c	daYurei_Mucho_c_classInit	new_plus_inlined_ctor	0x000003e4	0x0211cba4	daYurei_Mucho_c	SM64DS RTTI ov065:0x0211cb60		d_a_yurei_mucho.cpp	0x2115ee0	0x2116f98	yes	yes	eligible=unique_registry_context+rom_profile_id+unique_class_factory
237	BASABASA	symbols/actor_debug_names.tsv (literal ROM string table)	0x0208fa68	1	1	False	ov065	0x0211cc7c	Swoop_SpawnInfo	g_profile_BASABASA	actor_profile_0x1c	237	True	237	92		unlocated: no separate group-flags field is read from this descriptor by the recovered fBase_c/dActor_c constructors	0x00000003	0x00064000	0x000c8000	0x01000000	0x01000000	ov065	0x02117ee8	Swoop_Spawn	src/Swoop_Spawn.c	daBasabasa_c_classInit	new_plus_inlined_ctor	0x00000440	0x0211cca0	daBasabasa_c	SM64DS RTTI ov065:0x0211cc60		d_a_basabasa.cpp	0x2116f98	0x2117f40	yes	yes	eligible=unique_registry_context+rom_profile_id+unique_class_factory
238	POPOI	symbols/actor_debug_names.tsv (literal ROM string table)	0x0208f6e0	1	1	False	ov077	0x02127a74	HeaveHo_SpawnInfo	g_profile_POPOI	actor_profile_0x1c	238	True	238	93		unlocated: no separate group-flags field is read from this descriptor by the recovered fBase_c/dActor_c constructors	0x00000003	0x00064000	0x000c8000	0x01000000	0x01000000	ov077	0x021271d4	HeaveHo_Spawn	src/HeaveHo_Spawn.c	daPopoi_c_classInit	new_plus_inlined_ctor	0x0000042c	0x02127a98	daPopoi_c	SM64DS RTTI ov077:0x02127a68		d_a_popoi.cpp	0x212624c	0x2127230	yes	yes	eligible=unique_registry_context+rom_profile_id+unique_class_factory
239	JANGO	symbols/actor_debug_names.tsv (literal ROM string table)	0x0208f6d0	1	1	False	ov062	0x0211dd38	Klepto_SpawnInfo	g_profile_JANGO	actor_profile_0x1c	239	True	239	94		unlocated: no separate group-flags field is read from this descriptor by the recovered fBase_c/dActor_c constructors	0x10000002	0x00064000	0x00258000	0x01f40000	0x01f40000	ov062	0x0211ce80	Klepto_Spawn	src/Klepto_Spawn.c	daJango_c_classInit	new_plus_inlined_ctor	0x00000490	0x0211dd5c	daJango_c	SM64DS RTTI ov062:0x0211dd2c		d_a_jango.cpp	0x211b248	0x211ced8	yes	yes	eligible=unique_registry_context+rom_profile_id+unique_class_factory
240	SANBO	symbols/actor_debug_names.tsv (literal ROM string table)	0x0208f760	1	1	False	ov096	0x02137998	Pokey_SpawnInfo	g_profile_SANBO	actor_profile_0x1c	240	True	240	95		unlocated: no separate group-flags field is read from this descriptor by the recovered fBase_c/dActor_c constructors	0x10000002	0x001f4000	0x001f4000	0x01000000	0x01000000	ov096	0x02136d60	Pokey_Spawn	src/Pokey_Spawn.c	daSanbo_c_classInit	new_plus_inlined_ctor	0x000003b0	0x021379d8	daSanbo_c	SM64DS RTTI ov096:0x0213798c	ov096:0x02136d10;ov096:0x02136d60	d_a_sanbo.cpp	0x2135700	0x2136db0	yes	no	not_apply=global_classinit_name_collision
241	SANBO_BODY	symbols/actor_debug_names.tsv (literal ROM string table)	0x02090080	1	1	False	ov096	0x021379b4	PokeySegment_SpawnInfo	g_profile_SANBO_BODY	actor_profile_0x1c	241	True	241	96		unlocated: no separate group-flags field is read from this descriptor by the recovered fBase_c/dActor_c constructors	0x10000002	0x001f4000	0x001f4000	0x01000000	0x01000000	ov096	0x02136d10	PokeySegment_Spawn	src/PokeySegment_Spawn.c	daSanbo_c_classInit	new_plus_inlined_ctor	0x000003b0	0x021379d8	daSanbo_c	SM64DS RTTI ov096:0x0213798c	ov096:0x02136d10;ov096:0x02136d60	d_a_sanbo.cpp	0x2135700	0x2136db0	yes	no	not_apply=global_classinit_name_collision
242	MORAY	symbols/actor_debug_names.tsv (literal ROM string table)	0x0208f780	1	1	False	ov016	0x021148e0	Unagi_SpawnInfo	g_profile_MORAY	actor_profile_0x1c	242	True	242	98		unlocated: no separate group-flags field is read from this descriptor by the recovered fBase_c/dActor_c constructors	0x00000000	0x00000000	0x003e8000	0x01f40000	0x01f40000	ov016	0x02112588	Unagi_Spawn	src/Unagi_Spawn.c	daMoray_c_classInit	new_plus_inlined_ctor	0x000004b0	0x02114958	daMoray_c	SM64DS RTTI ov016:0x021148d4		d_a_moray.cpp	0x21111a0	0x211260c	yes	yes	eligible=unique_registry_context+rom_profile_id+unique_class_factory
243	OBJ_VOLCANO_CANNON	symbols/actor_debug_names.tsv (literal ROM string table)	0x02090838	1	1	False	ov022	0x02114458	VolcanoFire_SpawnInfo	g_profile_OBJ_VOLCANO_CANNON	actor_profile_0x1c	243	True	243	101		unlocated: no separate group-flags field is read from this descriptor by the recovered fBase_c/dActor_c constructors	0x00000002	0x00010000	0x00060000	0x04000000	0x00000000	ov022	0x02112918	VolcanoFire_Spawn	src/VolcanoFire_Spawn.c	daObj_volcanoCannon_c_classInit	new_plus_inlined_ctor	0x0000011c	0x0211447c	daObj_volcanoCannon_c	SM64DS RTTI ov022:0x02114434		d_a_obj_volcano_cannon.cpp	0x21125e0	0x2112950	yes	yes	eligible=unique_registry_context+rom_profile_id+unique_class_factory
244	WATER_RING	symbols/actor_debug_names.tsv (literal ROM string table)	0x020900a4	1	1	False	ov064	0x0211c3fc	WaterRing_SpawnInfo	g_profile_WATER_RING	actor_profile_0x1c	244	True	244	102		unlocated: no separate group-flags field is read from this descriptor by the recovered fBase_c/dActor_c constructors	0x00000002	0x00064000	0x000c8000	0x01000000	0x01000000	ov064	0x0211a1b0	WaterRing_Spawn	src/WaterRing_Spawn.c	daWater_Ring_c_classInit	new_plus_inlined_ctor	0x00000390	0x0211c420	daWater_Ring_c	SM64DS RTTI ov064:0x0211c3dc		d_a_water_ring.cpp	0x2119a58	0x211a200	yes	yes	eligible=unique_registry_context+rom_profile_id+unique_class_factory
245	WATER_HAKIDASI	symbols/actor_debug_names.tsv (literal ROM string table)	0x020906d8	1	1	False	ov064	0x0211c310	JetStream_SpawnInfo	g_profile_WATER_HAKIDASI	actor_profile_0x1c	245	True	245	103		unlocated: no separate group-flags field is read from this descriptor by the recovered fBase_c/dActor_c constructors	0x00000002	0x01000000	0x01000000	0x01000000	0x01000000	ov064	0x02119a18	JetStream_Spawn	src/JetStream_Spawn.c	daWater_Hakidasi_c_classInit	new_plus_inlined_ctor	0x00000378	0x0211c334	daWater_Hakidasi_c	SM64DS RTTI ov064:0x0211c2ec		d_a_water_hakidasi.cpp	0x2119330	0x2119a58	yes	yes	eligible=unique_registry_context+rom_profile_id+unique_class_factory
246	WATER_TATUMAKI	symbols/actor_debug_names.tsv (literal ROM string table)	0x020906e8	1	1	False	ov026	0x02113d30	Whirlpool_SpawnInfo	g_profile_WATER_TATUMAKI	actor_profile_0x1c	246	True	246	104		unlocated: no separate group-flags field is read from this descriptor by the recovered fBase_c/dActor_c constructors	0x00000002	0x01000000	0x01000000	0x01000000	0x01000000	ov026	0x021121bc	Whirlpool_Spawn	src/Whirlpool_Spawn.c	daWater_Tatumaki_c_classInit	new_plus_inlined_ctor	0x000001bc	0x02113d54	daWater_Tatumaki_c	SM64DS RTTI ov026:0x02113d0c		d_a_water_tatumaki.cpp	0x2111aa0	0x21121fc	yes	yes	eligible=unique_registry_context+rom_profile_id+unique_class_factory
247	WATER_SUIKOMI	symbols/actor_debug_names.tsv (literal ROM string table)	0x020905f8	1	1	False	ov026	0x02113e00	WaterSuction_SpawnInfo	g_profile_WATER_SUIKOMI	actor_profile_0x1c	247	True	247	105		unlocated: no separate group-flags field is read from this descriptor by the recovered fBase_c/dActor_c constructors	0x00000002	0x01000000	0x01000000	0x01000000	0x01000000	ov026	0x02112450	WaterSuction_Spawn	src/WaterSuction_Spawn.c	daWater_Suikomi_c_classInit	new_plus_inlined_ctor	0x00000318	0x02113e24	daWater_Suikomi_c	SM64DS RTTI ov026:0x02113de0		d_a_water_suikomi.cpp	0x21121fc	0x2112490	yes	yes	eligible=unique_registry_context+rom_profile_id+unique_class_factory
248	HANACHAN	symbols/actor_debug_names.tsv (literal ROM string table)	0x0208fb58	1	1	False	ov034	0x02114498	Wiggler_SpawnInfo	g_profile_HANACHAN	actor_profile_0x1c	248	True	248	106		unlocated: no separate group-flags field is read from this descriptor by the recovered fBase_c/dActor_c constructors	0x00000006	0x00100000	0x00800000	0x01000000	0x01000000	ov034	0x021136a4	Wiggler_Spawn	src/Wiggler_Spawn.c	daHanachan_c_classInit	new_plus_inlined_ctor	0x000008e8	0x021144bc	daHanachan_c	SM64DS RTTI ov034:0x0211445c		d_a_hanachan.cpp	0x21111a0	0x2113820	yes	yes	eligible=unique_registry_context+rom_profile_id+unique_class_factory
249	PIANO	symbols/actor_debug_names.tsv (literal ROM string table)	0x0208f6f8	1	1	False	ov063	0x0211ed10	MadPiano_SpawnInfo	g_profile_PIANO	actor_profile_0x1c	249	True	249	107		unlocated: no separate group-flags field is read from this descriptor by the recovered fBase_c/dActor_c constructors	0x00000003	0x00060000	0x00200000	0x01000000	0x01000000	ov063	0x0211e128	MadPiano_Spawn	src/actors/MadPiano/MadPiano_Spawn.cpp	daPiano_c_classInit	new_plus_inlined_ctor	0x000006e4	0x0211ed34	daPiano_c	SM64DS RTTI ov063:0x0211ed04		d_a_piano.cpp	0x211d4b8	0x211e1c0	yes	yes	eligible=unique_registry_context+rom_profile_id+unique_class_factory
250	PAKUN	symbols/actor_debug_names.tsv (literal ROM string table)	0x0208f6f0	1	1	False	ov084	0x02130c04	PiranhaPlant_SpawnInfo	g_profile_PAKUN	actor_profile_0x1c	250	True	250	108		unlocated: no separate group-flags field is read from this descriptor by the recovered fBase_c/dActor_c constructors	0x10000002	0x00064000	0x000c8000	0x01000000	0x01000000	ov084	0x02130110	PiranhaPlant_Spawn	src/PiranhaPlant_Spawn.c	daPkn_c_classInit	new_plus_inlined_ctor	0x0000047c	0x02130c28	daPkn_c	SM64DS RTTI ov084:0x02130bf8		d_a_pkn.cpp	0x212eaf0	0x2130174	yes	yes	eligible=unique_registry_context+rom_profile_id+unique_class_factory
251	FIREPAKUN	symbols/actor_debug_names.tsv (literal ROM string table)	0x0208fc24	1	1	False	ov084	0x02130ae8	FirePiranhaPlantBig_SpawnInfo	g_profile_FIREPAKUN	actor_profile_0x1c	251	True	251	109		unlocated: no separate group-flags field is read from this descriptor by the recovered fBase_c/dActor_c constructors	0x18000002	0x00096000	0x0012c000	0x01000000	0x00500000	ov084	0x0212eaa8	FirePiranhaPlantBig_Spawn	src/FirePiranhaPlantBig_Spawn.c	daFPkn_c_classInit	new_plus_inlined_ctor	0x0000022c	0x02130b28	daFPkn_c	SM64DS RTTI ov084:0x02130ac0	ov084:0x0212ea18;ov084:0x0212ea60;ov084:0x0212eaa8	d_a_f_pkn.cpp	0x212d248	0x212eaf0	yes	no	not_apply=global_classinit_name_collision
252	FIREPAKUN_S	symbols/actor_debug_names.tsv (literal ROM string table)	0x0209032c	1	1	False	ov084	0x02130b04	FirePiranhaPlantSmall_SpawnInfo	g_profile_FIREPAKUN_S	actor_profile_0x1c	252	True	252	110		unlocated: no separate group-flags field is read from this descriptor by the recovered fBase_c/dActor_c constructors	0x10000006	0x00050000	0x00050000	0x01000000	0x00500000	ov084	0x0212ea60	FirePiranhaPlantSmall_Spawn	src/FirePiranhaPlantSmall_Spawn.c	daFPkn_c_classInit	new_plus_inlined_ctor	0x0000022c	0x02130b28	daFPkn_c	SM64DS RTTI ov084:0x02130ac0	ov084:0x0212ea18;ov084:0x0212ea60;ov084:0x0212eaa8	d_a_f_pkn.cpp	0x212d248	0x212eaf0	yes	no	not_apply=global_classinit_name_collision
253	PAKUN2	symbols/actor_debug_names.tsv (literal ROM string table)	0x0208f7b8	1	1	False	ov084	0x02130acc	FirePiranhaPlant_SpawnInfo	g_profile_PAKUN2	actor_profile_0x1c	253	True	253	111		unlocated: no separate group-flags field is read from this descriptor by the recovered fBase_c/dActor_c constructors	0x10000006	0x00050000	0x00050000	0x01000000	0x00500000	ov084	0x0212ea18	FirePiranhaPlant_Spawn	src/FirePiranhaPlant_Spawn.c	daFPkn_c_classInit	new_plus_inlined_ctor	0x0000022c	0x02130b28	daFPkn_c	SM64DS RTTI ov084:0x02130ac0	ov084:0x0212ea18;ov084:0x0212ea60;ov084:0x0212eaa8	d_a_f_pkn.cpp	0x212d248	0x212eaf0	yes	no	not_apply=global_classinit_name_collision
254	FPAKUN_BALL	symbols/actor_debug_names.tsv (literal ROM string table)	0x02090344	1	1	False	ov002	0x0210bf70	Fireball_SpawnInfo	g_profile_FPAKUN_BALL	actor_profile_0x1c	254	True	254	112		unlocated: no separate group-flags field is read from this descriptor by the recovered fBase_c/dActor_c constructors	0x00000002	0x00050000	0x00050000	0x01000000	0x00500000	ov002	0x020f9304	Fireball_Spawn	src/Fireball_Spawn.c	daFPknBall_c_classInit	new_plus_inlined_ctor	0x00000378	0x0210bf94	daFPknBall_c	SM64DS RTTI ov002:0x0210bf54		d_a_f_pkn_ball.cpp	0x20f8858	0x20f934c	yes	yes	eligible=unique_registry_context+rom_profile_id+unique_class_factory
255	SPIDER	symbols/actor_debug_names.tsv (literal ROM string table)	0x0208f7b0	1	1	False	ov071	0x02122c08	Scuttlebug_SpawnInfo	g_profile_SPIDER	actor_profile_0x1c	255	True	255	113		unlocated: no separate group-flags field is read from this descriptor by the recovered fBase_c/dActor_c constructors	0x10000007	0x00032000	0x00046000	0x01000000	0x007d0000	ov071	0x02120618	Scuttlebug_Spawn	src/Scuttlebug_Spawn.c	daSpd_c_classInit	new_plus_inlined_ctor	0x000003ac	0x02122c2c	daSpd_c	SM64DS RTTI ov071:0x02122bfc		d_a_spd.cpp	0x211f000	0x2120668	yes	yes	eligible=unique_registry_context+rom_profile_id+unique_class_factory
256	PENGUIN_BABY	symbols/actor_debug_names.tsv (literal ROM string table)	0x02090508	1	1	False	ov072	0x02122a6c	BabyPenguin_SpawnInfo	g_profile_PENGUIN_BABY	actor_profile_0x1c	256	True	256	114		unlocated: no separate group-flags field is read from this descriptor by the recovered fBase_c/dActor_c constructors	0x00808282	0x00028000	0x00028000	0x01000000	0x01000000	ov072	0x02121fac	BabyPenguin_Spawn	src/BabyPenguin_Spawn.c	daPgBby_c_classInit	new_plus_inlined_ctor	0x00000370	0x02122a90	daPgBby_c	SM64DS RTTI ov072:0x02122a60		d_a_pg_bby.cpp	0x2120c58	0x2121ffc	yes	yes	eligible=unique_registry_context+rom_profile_id+unique_class_factory
257	PENGUIN_MOTHER	symbols/actor_debug_names.tsv (literal ROM string table)	0x020906f8	1	1	False	ov018	0x02113998	MotherPenguin_SpawnInfo	g_profile_PENGUIN_MOTHER	actor_profile_0x1c	257	True	257	115		unlocated: no separate group-flags field is read from this descriptor by the recovered fBase_c/dActor_c constructors	0x00000003	0x000a0000	0x00096000	0x01000000	0x00af0000	ov018	0x0211267c	MotherPenguin_Spawn	src/MotherPenguin_Spawn.c	daPgMthr_c_classInit	new_plus_inlined_ctor	0x0000038c	0x021139bc	daPgMthr_c	SM64DS RTTI ov018:0x0211397c		d_a_pg_mthr.cpp	0x2111848	0x21126d4	yes	yes	eligible=unique_registry_context+rom_profile_id+unique_class_factory
258	PENGUIN_DEFENDER	symbols/actor_debug_names.tsv (literal ROM string table)	0x02090810	1	1	False	ov027	0x02113a00	data_ov027_02113a00	g_profile_PENGUIN_DEFENDER	actor_profile_0x1c	258	True	258	116		unlocated: no separate group-flags field is read from this descriptor by the recovered fBase_c/dActor_c constructors	0x00800002	0x000a0000	0x009c4000	0x01000000	0x01000000	ov027	0x0211207c	func_ov027_0211207c	src/func_ov027_0211207c.c	daPgDfdr_c_classInit	new_plus_inlined_ctor	0x000003dc	0x02113a90	daPgDfdr_c	SM64DS RTTI ov027:0x021139e4		d_a_pg_dfdr.cpp	0x211207c	0x21120c4	yes	yes	eligible=unique_registry_context+rom_profile_id+unique_class_factory
259	PENGUIN_RACER	symbols/actor_debug_names.tsv (literal ROM string table)	0x02090608	1	1	False	ov019	0x021132ec	RacingPenguin_SpawnInfo	g_profile_PENGUIN_RACER	actor_profile_0x1c	259	True	259	117		unlocated: no separate group-flags field is read from this descriptor by the recovered fBase_c/dActor_c constructors	0x00000002	0x00096000	0x00096000	0x02648000	0x02648000	ov019	0x021125bc	RacingPenguin_Spawn	src/RacingPenguin_Spawn.c	daPgRcer_c_classInit	new_plus_inlined_ctor	0x00000398	0x02113310	daPgRcer_c	SM64DS RTTI ov019:0x021132d0		d_a_pg_rcer.cpp	0x21111a0	0x211261c	yes	yes	eligible=unique_registry_context+rom_profile_id+unique_class_factory
260	TOGEZO	symbols/actor_debug_names.tsv (literal ROM string table)	0x0208f840	1	1	False	ov077	0x02127960	Spiny_SpawnInfo	g_profile_TOGEZO	actor_profile_0x1c	260	True	260	118		unlocated: no separate group-flags field is read from this descriptor by the recovered fBase_c/dActor_c constructors	0x10000002	0x00000000	0x0003c000	0x01000000	0x007d0000	ov077	0x021261f4	Spiny_Spawn	src/Spiny_Spawn.c	daTgz_c_classInit	new_plus_inlined_ctor	0x000003ec	0x02127984	daTgz_c	SM64DS RTTI ov077:0x02127954		d_a_tgz.cpp	0x2124b64	0x212624c	yes	yes	eligible=unique_registry_context+rom_profile_id+unique_class_factory
261	GAMAGUCHI	symbols/actor_debug_names.tsv (literal ROM string table)	0x0208fee8	1	1	False	ov081	0x02128be0	Moneybag_SpawnInfo	g_profile_GAMAGUCHI	actor_profile_0x1c	261	True	261	119		unlocated: no separate group-flags field is read from this descriptor by the recovered fBase_c/dActor_c constructors	0x10000007	0x0003f000	0x00050000	0x01000000	0x00a28000	ov081	0x02127adc	Moneybag_Spawn	src/Moneybag_Spawn.c	daGmch_c_classInit	new_plus_inlined_ctor	0x000003f4	0x02128c04	daGmch_c	SM64DS RTTI ov081:0x02128bd4		d_a_gmch.cpp	0x2126504	0x2127b34	yes	yes	eligible=unique_registry_context+rom_profile_id+unique_class_factory
262	EYEKUN	symbols/actor_debug_names.tsv (literal ROM string table)	0x0208f818	1	1	False	ov071	0x02122cf0	MrI_SpawnInfo	g_profile_EYEKUN	actor_profile_0x1c	262	True	262	120		unlocated: no separate group-flags field is read from this descriptor by the recovered fBase_c/dActor_c constructors	0x10000003	0x00000000	0x0005f000	0x01000000	0x00bb8000	ov071	0x02121a1c	MrI_Spawn	src/MrI_Spawn.c	daEykn_c_classInit	new_plus_inlined_ctor	0x00000218	0x02122d30	daEykn_c	SM64DS RTTI ov071:0x02122ce4	ov071:0x021219cc;ov071:0x02121a1c	d_a_eykn.cpp	0x2120668	0x2121a6c	yes	no	not_apply=global_classinit_name_collision
263	EYEKUN_BOSS	symbols/actor_debug_names.tsv (literal ROM string table)	0x020903a4	1	1	False	ov071	0x02122d0c	BigMrI_SpawnInfo	g_profile_EYEKUN_BOSS	actor_profile_0x1c	263	True	263	121		unlocated: no separate group-flags field is read from this descriptor by the recovered fBase_c/dActor_c constructors	0x10000003	0x00000000	0x000be000	0x01000000	0x00bb8000	ov071	0x021219cc	BigMrI_Spawn	src/BigMrI_Spawn.c	daEykn_c_classInit	new_plus_inlined_ctor	0x00000218	0x02122d30	daEykn_c	SM64DS RTTI ov071:0x02122ce4	ov071:0x021219cc;ov071:0x02121a1c	d_a_eykn.cpp	0x2120668	0x2121a6c	yes	no	not_apply=global_classinit_name_collision
264	EYEKUN_BEAM	symbols/actor_debug_names.tsv (literal ROM string table)	0x020903b0	1	1	False	ov071	0x02122dc4	MrI_Projectile_SpawnInfo	g_profile_EYEKUN_BEAM	actor_profile_0x1c	264	True	264	122		unlocated: no separate group-flags field is read from this descriptor by the recovered fBase_c/dActor_c constructors	0x00000002	0x00000000	0x00019000	0x01000000	0x01000000	ov071	0x02121f9c	MrI_Projectile_Spawn	src/actors/daEyBm_c.cpp	daEyBm_c_classInit	new_plus_inlined_ctor	0x00000334	0x02122de8	daEyBm_c	SM64DS RTTI ov071:0x02122db8		d_a_ey_bm.cpp	0x2121a6c	0x2121fe4	yes	yes	eligible=unique_registry_context+rom_profile_id+unique_class_factory
265	JUGEM	symbols/actor_debug_names.tsv (literal ROM string table)	0x0208f778	1	1	False	ov077	0x02127848	Lakitu_SpawnInfo	g_profile_JUGEM	actor_profile_0x1c	265	True	265	124		unlocated: no separate group-flags field is read from this descriptor by the recovered fBase_c/dActor_c constructors	0x10000006	0x0001e000	0x00064000	0x01000000	0x01000000	ov077	0x02124b04	Lakitu_Spawn	src/Lakitu_Spawn.c	daJgm_c_classInit	new_plus_inlined_ctor	0x00000420	0x0212786c	daJgm_c	SM64DS RTTI ov077:0x0212783c		d_a_jgm.cpp	0x2123740	0x2124b64	yes	yes	eligible=unique_registry_context+rom_profile_id+unique_class_factory
266	BIRIKYU	symbols/actor_debug_names.tsv (literal ROM string table)	0x0208f948	1	1	False	ov070	0x02123254	Amp_SpawnInfo	g_profile_BIRIKYU	actor_profile_0x1c	266	True	266	125		unlocated: no separate group-flags field is read from this descriptor by the recovered fBase_c/dActor_c constructors	0x00000003	0x00000000	0x00028000	0x01000000	0x00a28000	ov070	0x021210ac	Amp_Spawn	src/Amp_Spawn.c	daBrq_c_classInit	new_plus_inlined_ctor	0x00000434	0x02123278	daBrq_c	SM64DS RTTI ov070:0x02123248		d_a_brq.cpp	0x2120570	0x2121118	yes	yes	eligible=unique_registry_context+rom_profile_id+unique_class_factory
267	MONKEY_THIEF	symbols/actor_debug_names.tsv (literal ROM string table)	0x020903c8	1	1	False	ov030	0x02115b90	UkikiThief_SpawnInfo	g_profile_MONKEY_THIEF	actor_profile_0x1c	267	True	267	126		unlocated: no separate group-flags field is read from this descriptor by the recovered fBase_c/dActor_c constructors	0x00008282	0x0005a000	0x0005a000	0x01000000	0x01000000	ov030	0x02114638	UkikiThief_Spawn	src/UkikiThief_Spawn.c	daMky_c_classInit	new_plus_inlined_ctor	0x000003cc	0x02115bfc	daMky_c	SM64DS RTTI ov030:0x02115b84	ov030:0x021145e0;ov030:0x02114638	d_a_mky.cpp	0x2111688	0x2114690	yes	no	not_apply=global_classinit_name_collision
268	MONKEY_STAR	symbols/actor_debug_names.tsv (literal ROM string table)	0x02090194	1	1	False	ov030	0x02115bac	UkikiStar_SpawnInfo	g_profile_MONKEY_STAR	actor_profile_0x1c	268	True	268	127		unlocated: no separate group-flags field is read from this descriptor by the recovered fBase_c/dActor_c constructors	0x00008282	0x0005a000	0x0005a000	0x01000000	0x01000000	ov030	0x021145e0	UkikiStar_Spawn	src/UkikiStar_Spawn.c	daMky_c_classInit	new_plus_inlined_ctor	0x000003cc	0x02115bfc	daMky_c	SM64DS RTTI ov030:0x02115b84	ov030:0x021145e0;ov030:0x02114638	d_a_mky.cpp	0x2111688	0x2114690	yes	no	not_apply=global_classinit_name_collision
269	OBJ_MARIO_CAP	symbols/actor_debug_names.tsv (literal ROM string table)	0x02090538	1	1	False	ov002	0x021095cc	Cap_SpawnInfo	g_profile_OBJ_MARIO_CAP	actor_profile_0x1c	269	True	269	97		unlocated: no separate group-flags field is read from this descriptor by the recovered fBase_c/dActor_c constructors	0x00800002	0x00032000	0x00032000	0x01000000	0x01000000	ov002	0x020b8b98	Cap_Spawn	src/Cap_Spawn.c	daObjMarioCap_c_classInit	new_plus_inlined_ctor	0x00000410	0x021095f0	daObjMarioCap_c	SM64DS RTTI ov002:0x021095ac		d_a_obj_mario_cap.cpp	0x20b6f18	0x20b8bf0	yes	yes	eligible=unique_registry_context+rom_profile_id+unique_class_factory
270	KERONPA	symbols/actor_debug_names.tsv (literal ROM string table)	0x0208f8f8	1	1	False	ov070	0x0212334c	daKrpa_c_SpawnInfo	g_profile_KERONPA	actor_profile_0x1c	270	True	270	129		unlocated: no separate group-flags field is read from this descriptor by the recovered fBase_c/dActor_c constructors	0x00000003	0x00000000	0x0002d000	0x01000000	0x00ed8000	ov070	0x02121af8	daKrpa_c_Spawn	src/actors/daKrpa_c.cpp	daKrpa_c_classInit	new_plus_inlined_ctor	0x000003b0	0x02123370	daKrpa_c	SM64DS RTTI ov070:0x02123340		d_a_krpa.cpp	0x2121118	0x2121b48	yes	yes	eligible=unique_registry_context+rom_profile_id+unique_class_factory
271	KERONPA_FIRE	symbols/actor_debug_names.tsv (literal ROM string table)	0x020903e8	1	1	False	ov070	0x02123424	daKpFr_c_SpawnInfo	g_profile_KERONPA_FIRE	actor_profile_0x1c	271	True	271	130		unlocated: no separate group-flags field is read from this descriptor by the recovered fBase_c/dActor_c constructors	0x00000006	0x0001e000	0x0003c000	0x01000000	0x01000000	ov070	0x021221fc	daKpFr_c_Spawn	src/actors/daKpFr_c.cpp	daKpFr_c_classInit	new_plus_inlined_ctor	0x00000330	0x02123448	daKpFr_c	SM64DS RTTI ov070:0x02123418		d_a_kp_fr.cpp	0x2121b48	0x2122244	yes	yes	eligible=unique_registry_context+rom_profile_id+unique_class_factory
272	BIG_SNOWMAN	symbols/actor_debug_names.tsv (literal ROM string table)	0x020901c4	1	1	False	ov072	0x02122954	data_ov072_02122954	g_profile_BIG_SNOWMAN	actor_profile_0x1c	272	True	272	131		unlocated: no separate group-flags field is read from this descriptor by the recovered fBase_c/dActor_c constructors						ov072	0x02120c00	func_ov072_02120c00	src/func_ov072_02120c00.c	daBgSnwmn_c_classInit	new_plus_inlined_ctor	0x000001f0	0x02122978	daBgSnwmn_c	SM64DS RTTI ov072:0x02122938		d_a_bg_snwmn.cpp	0x2120c00	0x2120c58	yes	yes	eligible=unique_registry_context+rom_profile_id+unique_class_factory
273	BIG_SNOWMAN_HEAD	symbols/actor_debug_names.tsv (literal ROM string table)	0x02090798	1	1	False	ov072	0x02122898	SnowmanHead_SpawnInfo	g_profile_BIG_SNOWMAN_HEAD	actor_profile_0x1c	273	True	273	132		unlocated: no separate group-flags field is read from this descriptor by the recovered fBase_c/dActor_c constructors	0x00000003	0x00096000	0x00096000	0x01194000	0x00bb8000	ov072	0x021207d4	SnowmanHead_Spawn	src/SnowmanHead_Spawn.c	daBgSnmHed_c_classInit	new_plus_inlined_ctor	0x00000338	0x021228bc	daBgSnmHed_c	SM64DS RTTI ov072:0x0212287c		d_a_bg_snm_hed.cpp	0x211ff34	0x2120824	yes	yes	eligible=unique_registry_context+rom_profile_id+unique_class_factory
274	BIG_SNOWMAN_BODY	symbols/actor_debug_names.tsv (literal ROM string table)	0x020907ac	1	1	False	ov072	0x0212279c	SnowmanBody_SpawnInfo	g_profile_BIG_SNOWMAN_BODY	actor_profile_0x1c	274	True	274	133		unlocated: no separate group-flags field is read from this descriptor by the recovered fBase_c/dActor_c constructors	0x00000002	0x00082000	0x00082000	0x01000000	0x01000000	ov072	0x0211fedc	SnowmanBody_Spawn	src/SnowmanBody_Spawn.c	daBgSnmBdy_c_classInit	new_plus_inlined_ctor	0x000003a8	0x021227c0	daBgSnmBdy_c	SM64DS RTTI ov072:0x02122780		d_a_bg_snm_bdy.cpp	0x211f000	0x211ff34	yes	yes	eligible=unique_registry_context+rom_profile_id+unique_class_factory
275	SNOWMAN_BREATH	symbols/actor_debug_names.tsv (literal ROM string table)	0x02090648	1	1	False	ov027	0x02113b2c	SnowmanBreath_SpawnInfo	g_profile_SNOWMAN_BREATH	actor_profile_0x1c	275	True	275	134		unlocated: no separate group-flags field is read from this descriptor by the recovered fBase_c/dActor_c constructors	0x00800002	0x00000000	0x003e8000	0x01000000	0x007d0000	ov027	0x02112ab4	SnowmanBreath_Spawn	src/SnowmanBreath_Spawn.c	daSnmBth_c_classInit	new_plus_inlined_ctor	0x000013d4	0x02113b50	daSnmBth_c	SM64DS RTTI ov027:0x02113b10		d_a_snm_bth.cpp	0x21120c4	0x2112b14	yes	yes	eligible=unique_registry_context+rom_profile_id+unique_class_factory
276	ONEUPKINOKO	symbols/actor_debug_names.tsv (literal ROM string table)	0x020901e8	1	1	False	ov002	0x02108388	OneUpMushroom_SpawnInfo	g_profile_ONEUPKINOKO	actor_profile_0x1c	276	True	276	140		unlocated: no separate group-flags field is read from this descriptor by the recovered fBase_c/dActor_c constructors	0x00000003	0x00032000	0x0012c000	0x01000000	0x01000000	ov002	0x020b0580	OneUpMushroom_Spawn	src/OneUpMushroom_Spawn.c	da1up_c_classInit	new_plus_inlined_ctor	0x00000398	0x021083c8	da1up_c	SM64DS RTTI ov002:0x0210837c	ov002:0x020b0530;ov002:0x020b0580	d_a_1up.cpp	0x20aee40	0x20b05d0	yes	no	not_apply=global_classinit_name_collision
277	SCALEUP_KINOKO	symbols/actor_debug_names.tsv (literal ROM string table)	0x02090658	1	1	False	ov002	0x021083a4	MegaMushroom_SpawnInfo	g_profile_SCALEUP_KINOKO	actor_profile_0x1c	277	True	277	141		unlocated: no separate group-flags field is read from this descriptor by the recovered fBase_c/dActor_c constructors	0x00000003	0x00032000	0x0012c000	0x01000000	0x01000000	ov002	0x020b0530	MegaMushroom_Spawn	src/MegaMushroom_Spawn.c	da1up_c_classInit	new_plus_inlined_ctor	0x00000398	0x021083c8	da1up_c	SM64DS RTTI ov002:0x0210837c	ov002:0x020b0530;ov002:0x020b0580	d_a_1up.cpp	0x20aee40	0x20b05d0	yes	no	not_apply=global_classinit_name_collision
278	KOOPATAIL	symbols/actor_debug_names.tsv (literal ROM string table)	0x0208fc48	1	1	False	ov060	0x0211a610	BowserTail_SpawnInfo	g_profile_KOOPATAIL	actor_profile_0x1c	278	True	278	142		unlocated: no separate group-flags field is read from this descriptor by the recovered fBase_c/dActor_c constructors	0x00000080	0x00064000	0x00064000	0x01000000	0x01000000	ov060	0x021163f0	BowserTail_Spawn	src/BowserTail_Spawn.c	daKpaTail_c_classInit	new_plus_inlined_ctor	0x00000118	0x0211a634	daKpaTail_c	SM64DS RTTI ov060:0x0211a5d8		d_a_kpa_tail.cpp	0x2111900	0x2116484	yes	yes	eligible=unique_registry_context+rom_profile_id+unique_class_factory
279	KOOPA	symbols/actor_debug_names.tsv (literal ROM string table)	0x0208f758	1	1	False	ov060	0x0211a5f4	Bowser_SpawnInfo	g_profile_KOOPA	actor_profile_0x1c	279	True	279	143		unlocated: no separate group-flags field is read from this descriptor by the recovered fBase_c/dActor_c constructors	0x04000000	0x00064000	0x00064000	0x01000000	0x01000000	ov060	0x02116428	Bowser_Spawn	src/Bowser_Spawn.c	daKpa_c_classInit	new_plus_inlined_ctor	0x00000454	0x0211a6b8	daKpa_c	SM64DS RTTI ov060:0x0211a5cc		d_a_kpa.cpp	0x2111900	0x2116484	yes	yes	eligible=unique_registry_context+rom_profile_id+unique_class_factory
280	KOOPAFIRE	symbols/actor_debug_names.tsv (literal ROM string table)	0x0208fc6c	1	1	False	ov060	0x0211a7d0	BowserFire_SpawnInfo	g_profile_KOOPAFIRE	actor_profile_0x1c	280	True	280	144		unlocated: no separate group-flags field is read from this descriptor by the recovered fBase_c/dActor_c constructors	0x00000002	0x00050000	0x00050000	0x01000000	0x00800000	ov060	0x02117938	BowserFire_Spawn	src/BowserFire_Spawn.c	daKpaFire_c_classInit	new_plus_inlined_ctor	0x0000038c	0x0211a7f4	daKpaFire_c	SM64DS RTTI ov060:0x0211a7b4		d_a_kpa_fire.cpp	0x2116484	0x2117980	yes	yes	eligible=unique_registry_context+rom_profile_id+unique_class_factory
281	FIRERING	symbols/actor_debug_names.tsv (literal ROM string table)	0x0208f9e4	1	1	False	ov060	0x0211ab30	BowserShockwaves_SpawnInfo	g_profile_FIRERING	actor_profile_0x1c	281	True	281	148		unlocated: no separate group-flags field is read from this descriptor by the recovered fBase_c/dActor_c constructors	0x00000000	0x00064000	0x00064000	0x01000000	0x01000000	ov060	0x021191f4	BowserShockwaves_Spawn	src/BowserShockwaves_Spawn.c	daFRing_c_classInit	new_plus_inlined_ctor	0x00000218	0x0211ab54	daFRing_c	SM64DS RTTI ov060:0x0211ab14		d_a_f_ring.cpp	0x2118cfc	0x2119264	yes	yes	eligible=unique_registry_context+rom_profile_id+unique_class_factory
282	OBJ_KEY	symbols/actor_debug_names.tsv (literal ROM string table)	0x0208f990	1	1	False	ov089	0x02132b68	Key_SpawnInfo	g_profile_OBJ_KEY	actor_profile_0x1c	282	True	282	149		unlocated: no separate group-flags field is read from this descriptor by the recovered fBase_c/dActor_c constructors	0x20000002	0x00064000	0x00064000	0x00fa0000	0x00fa0000	ov089	0x02132828	Key_Spawn	src/Key_Spawn.c	daObjKey_c_classInit	new_plus_inlined_ctor	0x00000470	0x02132ba8	daObjKey_c	SM64DS RTTI ov089:0x02132b4c	ov089:0x021327d0;ov089:0x02132828	d_a_obj_key.cpp	0x2130f00	0x2132880	yes	no	not_apply=global_classinit_name_collision
283	LAST_STAR	symbols/actor_debug_names.tsv (literal ROM string table)	0x0208fc9c	1	1	False	ov089	0x02132b84	LastStar_SpawnInfo	g_profile_LAST_STAR	actor_profile_0x1c	283	True	283	150		unlocated: no separate group-flags field is read from this descriptor by the recovered fBase_c/dActor_c constructors	0x20000002	0x00064000	0x0012c000	0x00fa0000	0x00fa0000	ov089	0x021327d0	LastStar_Spawn	src/LastStar_Spawn.c	daObjKey_c_classInit	new_plus_inlined_ctor	0x00000470	0x02132ba8	daObjKey_c	SM64DS RTTI ov089:0x02132b4c	ov089:0x021327d0;ov089:0x02132828	d_a_obj_key.cpp	0x2130f00	0x2132880	yes	no	not_apply=global_classinit_name_collision
284	KIRAI	symbols/actor_debug_names.tsv (literal ROM string table)	0x0208f720	1	1	False	ov060	0x0211aa68	SpikeBomb_SpawnInfo	g_profile_KIRAI	actor_profile_0x1c	284	True	284	147		unlocated: no separate group-flags field is read from this descriptor by the recovered fBase_c/dActor_c constructors	0x00000002	0x00000000	0x00190000	0x05dc0000	0x00000000	ov060	0x02118cbc	SpikeBomb_Spawn	src/SpikeBomb_Spawn.c	daKirai_c_classInit	new_plus_inlined_ctor	0x000001b0	0x0211aa8c	daKirai_c	SM64DS RTTI ov060:0x0211aa5c		d_a_kirai.cpp	0x2118438	0x2118cfc	yes	yes	eligible=unique_registry_context+rom_profile_id+unique_class_factory
285	SHELL	symbols/actor_debug_names.tsv (literal ROM string table)	0x0208f770	1	1	False	ov102	0x0214e62c	KoopaShell_SpawnInfo	g_profile_SHELL	actor_profile_0x1c	285	True	285	151		unlocated: no separate group-flags field is read from this descriptor by the recovered fBase_c/dActor_c constructors	0x00000002	0x00064000	0x00064000	0x01000000	0x00640000	ov102	0x0214d6b4	KoopaShell_Spawn	src/KoopaShell_Spawn.c	daShl_c_classInit	new_plus_inlined_ctor	0x000003e0	0x0214e650	daShl_c	SM64DS RTTI ov102:0x0214e620		d_a_shl.cpp	0x214c748	0x214d70c	yes	yes	eligible=unique_registry_context+rom_profile_id+unique_class_factory
286	TREE	symbols/actor_debug_names.tsv (literal ROM string table)	0x0208f6c0	1	1	False	ov002	0x0210abdc	Tree_SpawnInfo	g_profile_TREE	actor_profile_0x1c	286	True	286	152		unlocated: no separate group-flags field is read from this descriptor by the recovered fBase_c/dActor_c constructors	0x00000000	0x00000000	0x00000000	0x00000000	0x00000000	ov002	0x020ec32c	Tree_Spawn	src/Tree_Spawn.cpp	daTree_c_classInit	new_plus_inlined_ctor	0x00000264	0x0210ac00	daTree_c	SM64DS RTTI ov002:0x0210abd0		d_a_tree.cpp	0x20ebf8c	0x20ec388	yes	yes	eligible=unique_registry_context+rom_profile_id+unique_class_factory
287	BAR	symbols/actor_debug_names.tsv (literal ROM string table)	0x0208f674	1	1	False	ov002	0x0210845c	InvisiblePole_SpawnInfo	g_profile_BAR	actor_profile_0x1c	287	True	287	153		unlocated: no separate group-flags field is read from this descriptor by the recovered fBase_c/dActor_c constructors	0x00000003	0x00000000	0x00000000	0x00000000	0x00000000	ov002	0x020b0710	InvisiblePole_Spawn	src/actors/daBar_c.cpp	daBar_c_classInit	new_plus_inlined_ctor	0x00000108	0x02108480	daBar_c	SM64DS RTTI ov002:0x02108450		d_a_bar.cpp	0x20b05d0	0x20b0748	yes	yes	eligible=unique_registry_context+rom_profile_id+unique_class_factory
288	COIN	symbols/actor_debug_names.tsv (literal ROM string table)	0x0208f6c8	1	1	False	ov002	0x02108790	Coin_SpawnInfo	g_profile_COIN	actor_profile_0x1c	288	True	288	154		unlocated: no separate group-flags field is read from this descriptor by the recovered fBase_c/dActor_c constructors	0x20000002	0x00028000	0x00028000	0x01000000	0x00bb8000	ov002	0x020b2b48	Coin_Spawn	src/Coin_Spawn.c	daCoin_c_classInit	new_plus_inlined_ctor	0x000003b4	0x021087ec	daCoin_c	SM64DS RTTI ov002:0x02108784	ov002:0x020b2a98;ov002:0x020b2af0;ov002:0x020b2b48	d_a_coin.cpp	0x20b0f54	0x20b2ba0	yes	no	not_apply=global_classinit_name_collision
289	RED_COIN	symbols/actor_debug_names.tsv (literal ROM string table)	0x0208fa50	1	1	False	ov002	0x021087ac	RedCoin_SpawnInfo	g_profile_RED_COIN	actor_profile_0x1c	289	True	289	155		unlocated: no separate group-flags field is read from this descriptor by the recovered fBase_c/dActor_c constructors	0x08000002	0x00028000	0x00028000	0x01800000	0x00bb8000	ov002	0x020b2af0	RedCoin_Spawn	src/RedCoin_Spawn.c	daCoin_c_classInit	new_plus_inlined_ctor	0x000003b4	0x021087ec	daCoin_c	SM64DS RTTI ov002:0x02108784	ov002:0x020b2a98;ov002:0x020b2af0;ov002:0x020b2b48	d_a_coin.cpp	0x20b0f54	0x20b2ba0	yes	no	not_apply=global_classinit_name_collision
290	BLUE_COIN	symbols/actor_debug_names.tsv (literal ROM string table)	0x0208fcb4	1	1	False	ov002	0x021087c8	BlueCoin_SpawnInfo	g_profile_BLUE_COIN	actor_profile_0x1c	290	True	290	156		unlocated: no separate group-flags field is read from this descriptor by the recovered fBase_c/dActor_c constructors	0x00000002	0x00028000	0x00028000	0x01000000	0x00bb8000	ov002	0x020b2a98	BlueCoin_Spawn	src/BlueCoin_Spawn.c	daCoin_c_classInit	new_plus_inlined_ctor	0x000003b4	0x021087ec	daCoin_c	SM64DS RTTI ov002:0x02108784	ov002:0x020b2a98;ov002:0x020b2af0;ov002:0x020b2b48	d_a_coin.cpp	0x20b0f54	0x20b2ba0	yes	no	not_apply=global_classinit_name_collision
291	OBJ_ABUKU	symbols/actor_debug_names.tsv (literal ROM string table)	0x0208fccc	1	1	False	ov002	0x02108940	Bubble_SpawnInfo	g_profile_OBJ_ABUKU	actor_profile_0x1c	291	True	291	161		unlocated: no separate group-flags field is read from this descriptor by the recovered fBase_c/dActor_c constructors	0x00000000	0x00060000	0x00200000	0x01000000	0x00000000	ov002	0x020b3568	daObjAbuku_c_Spawn	src/actors/daObjAbuku_c.cpp	daObjAbuku_c_classInit	new_plus_inlined_ctor	0x00000114	0x02108964	daObjAbuku_c	SM64DS RTTI ov002:0x02108924		d_a_obj_abuku.cpp	0x20b3298	0x20b35a0	yes	yes	eligible=unique_registry_context+rom_profile_id+unique_class_factory
292	CLOCK_SHORT	symbols/actor_debug_names.tsv (literal ROM string table)	0x02090230	1	1	False	ov013	0x021121dc	ClockPaintingHandShort_SpawnInfo	g_profile_CLOCK_SHORT	actor_profile_0x1c	292	True	292	162		unlocated: no separate group-flags field is read from this descriptor by the recovered fBase_c/dActor_c constructors	0x00000006	0x00064000	0x000fa000	0x00c80000	0x00640000	ov013	0x0211163c	ClockPaintingHandShort_Spawn	src/ClockPaintingHandShort_Spawn.cpp	daObjClock_c_classInit	new_plus_inlined_ctor	0x00000128	0x02112200	daObjClock_c	SM64DS RTTI ov013:0x021121a4	ov013:0x0211163c;ov013:0x02111674	d_a_obj_clock.cpp	0x21113bc	0x21116ac	yes	no	not_apply=global_classinit_name_collision
293	CLOCK_LONG	symbols/actor_debug_names.tsv (literal ROM string table)	0x0208ffa8	1	1	False	ov013	0x021121c0	ClockPaintingHandLong_SpawnInfo	g_profile_CLOCK_LONG	actor_profile_0x1c	293	True	293	163		unlocated: no separate group-flags field is read from this descriptor by the recovered fBase_c/dActor_c constructors	0x00000006	0x00064000	0x000fa000	0x00c80000	0x00640000	ov013	0x02111674	ClockPaintingHandLong_Spawn	src/ClockPaintingHandLong_Spawn.c	daObjClock_c_classInit	new_plus_inlined_ctor	0x00000128	0x02112200	daObjClock_c	SM64DS RTTI ov013:0x021121a4	ov013:0x0211163c;ov013:0x02111674	d_a_obj_clock.cpp	0x21113bc	0x21116ac	yes	no	not_apply=global_classinit_name_collision
294	CLOCK_HURIKO	symbols/actor_debug_names.tsv (literal ROM string table)	0x02090408	1	1	False	ov013	0x02112104	daObjClockHuriko_c_SpawnInfo	g_profile_CLOCK_HURIKO	actor_profile_0x1c	294	True	294	164		unlocated: no separate group-flags field is read from this descriptor by the recovered fBase_c/dActor_c constructors	0x00000006	0x00064000	0x000fa000	0x00c80000	0x00640000	ov013	0x02111384	daObjClockHuriko_c_Spawn	src/daObjClockHuriko_c_Spawn.c	daObjClockHuriko_c_classInit	new_plus_inlined_ctor	0x00000128	0x02112128	daObjClockHuriko_c	SM64DS RTTI ov013:0x021120e0		d_a_obj_clock_huriko.cpp	0x21111a0	0x21113bc	yes	yes	eligible=unique_registry_context+rom_profile_id+unique_class_factory
295	ICE_BOARD	symbols/actor_debug_names.tsv (literal ROM string table)	0x0208fcfc	1	1	False	ov018	0x02113b10	IceSheet_SpawnInfo	g_profile_ICE_BOARD	actor_profile_0x1c	295	True	295	168		unlocated: no separate group-flags field is read from this descriptor by the recovered fBase_c/dActor_c constructors	0x00000002	0x00000000	0x00200000	0x01000000	0x00000000	ov018	0x02112a44	IceSheet_Spawn	src/IceSheet_Spawn.c	daObjIceBoard_c_classInit	new_plus_inlined_ctor	0x00000320	0x02113b34	daObjIceBoard_c	SM64DS RTTI ov018:0x02113af0		d_a_obj_ice_board.cpp	0x21127bc	0x2112a74	yes	yes	eligible=unique_registry_context+rom_profile_id+unique_class_factory
296	WAKAME	symbols/actor_debug_names.tsv (literal ROM string table)	0x0208f7c0	1	1	False	ov002	0x02109b94	daObjWakame_c_SpawnInfo	g_profile_WAKAME	actor_profile_0x1c	296	True	296	169		unlocated: no separate group-flags field is read from this descriptor by the recovered fBase_c/dActor_c constructors	0x00000003	0x00060000	0x00150000	0x02000000	0x00000000	ov002	0x020bc5a8	daObjWakame_c_Spawn	src/daObjWakame_c_Spawn.c	daObjWakame_c_classInit	new_plus_inlined_ctor	0x00000138	0x02109bb8	daObjWakame_c	SM64DS RTTI ov002:0x02109b78		d_a_obj_wakame.cpp	0x20bc414	0x20bc5e0	yes	yes	eligible=unique_registry_context+rom_profile_id+unique_class_factory
297	HEART	symbols/actor_debug_names.tsv (literal ROM string table)	0x0208f748	1	1	False	ov002	0x02109c50	HealingHeart_SpawnInfo	g_profile_HEART	actor_profile_0x1c	297	True	297	170		unlocated: no separate group-flags field is read from this descriptor by the recovered fBase_c/dActor_c constructors	0x00000003	0x00060000	0x00060000	0x01000000	0x01000000	ov002	0x020bc8b4	HealingHeart_Spawn	src/HealingHeart_Spawn.c	daObjHeart_c_classInit	new_plus_inlined_ctor	0x00000174	0x02109c74	daObjHeart_c	SM64DS RTTI ov002:0x02109c34		d_a_obj_heart.cpp	0x20bc5e0	0x20bc8f4	yes	yes	eligible=unique_registry_context+rom_profile_id+unique_class_factory
298	DOKAN	symbols/actor_debug_names.tsv (literal ROM string table)	0x0208f6d8	1	1	False	ov102	0x0214e134	WarpPipe_SpawnInfo	g_profile_DOKAN	actor_profile_0x1c	298	True	298	187		unlocated: no separate group-flags field is read from this descriptor by the recovered fBase_c/dActor_c constructors	0x00000002	0x00000000	0x00200000	0x01000000	0x00000000	ov102	0x02148efc	WarpPipe_Spawn	src/WarpPipe_Spawn.c	daObjSimpleBg_c_classInit	new_plus_inlined_ctor	0x00000320	0x0214e1d8	daObjSimpleBg_c	SM64DS RTTI ov102:0x0214e0c0	ov102:0x02148e9c;ov102:0x02148ecc;ov102:0x02148efc;ov102:0x02148f2c;ov102:0x02148f5c;ov102:0x02148f8c	d_a_obj_simple_bg.cpp	0x2148a80	0x2148fbc	yes	no	not_apply=global_classinit_name_collision
299	YAJIRUSI_L	symbols/actor_debug_names.tsv (literal ROM string table)	0x0208ffc0	1	1	False	ov098	0x0213c398	ArrowSignLeft_SpawnInfo	g_profile_YAJIRUSI_L	actor_profile_0x1c	299	True	299	188		unlocated: no separate group-flags field is read from this descriptor by the recovered fBase_c/dActor_c constructors	0x00000002	0x000c0000	0x000e0000	0x01000000	0x01000000	ov098	0x02138008	ArrowSignLeft_Spawn	src/ArrowSignLeft_Spawn.c	daObjYajirusi_c_classInit	new_plus_inlined_ctor	0x00000380	0x0213c3d8	daObjYajirusi_c	SM64DS RTTI ov098:0x0213c360	ov098:0x02137fd0;ov098:0x02138008	d_a_obj_yajirusi.cpp	0x2137be0	0x2138040	yes	no	not_apply=global_classinit_name_collision
300	YAJIRUSI_R	symbols/actor_debug_names.tsv (literal ROM string table)	0x0208ffe4	1	1	False	ov098	0x0213c3b4	ArrowSignRight_SpawnInfo	g_profile_YAJIRUSI_R	actor_profile_0x1c	300	True	300	189		unlocated: no separate group-flags field is read from this descriptor by the recovered fBase_c/dActor_c constructors	0x00000002	0x000c0000	0x000e0000	0x01000000	0x01000000	ov098	0x02137fd0	ArrowSignRight_Spawn	src/ArrowSignRight_Spawn.c	daObjYajirusi_c_classInit	new_plus_inlined_ctor	0x00000380	0x0213c3d8	daObjYajirusi_c	SM64DS RTTI ov098:0x0213c360	ov098:0x02137fd0;ov098:0x02138008	d_a_obj_yajirusi.cpp	0x2137be0	0x2138040	yes	no	not_apply=global_classinit_name_collision
301	KB1_BILLBOARD	symbols/actor_debug_names.tsv (literal ROM string table)	0x02090578	1	1	False	ov044	0x021115e0	OrangeBallBillboard_SpawnInfo	g_profile_KB1_BILLBOARD	actor_profile_0x1c	301	True	301	190		unlocated: no separate group-flags field is read from this descriptor by the recovered fBase_c/dActor_c constructors	0x00000000	0x00000000	0x00010000	0x00000000	0x00000000	ov044	0x021112dc	OrangeBallBillboard_Spawn	src/OrangeBallBillboard_Spawn.c	daObjKb1Billboard_c_classInit	new_plus_inlined_ctor	0x00000124	0x02111604	daObjKb1Billboard_c	SM64DS RTTI ov044:0x021115bc		d_a_obj_kb1_billboard.cpp	0x21111a0	0x2111314	yes	yes	eligible=unique_registry_context+rom_profile_id+unique_class_factory
302	HS_MOON	symbols/actor_debug_names.tsv (literal ROM string table)	0x0208f888	1	1	False	ov031	0x0211190c	SlideDecorationSilverStar_SpawnInfo	g_profile_HS_MOON	actor_profile_0x1c	302	True	302	191		unlocated: no separate group-flags field is read from this descriptor by the recovered fBase_c/dActor_c constructors	0x00000000	0x00000000	0x00010000	0x00000000	0x00000000	ov031	0x021113ec	SlideDecorationSilverStar_Spawn	src/SlideDecorationSilverStar_Spawn.c	daObjHsBillboard_c_classInit	new_plus_inlined_ctor	0x00000128	0x02111984	daObjHsBillboard_c	SM64DS RTTI ov031:0x021118e8	ov031:0x02111344;ov031:0x0211137c;ov031:0x021113b4;ov031:0x021113ec	d_a_obj_hs_billboard.cpp	0x21111a0	0x2111424	yes	no	not_apply=global_classinit_name_collision
303	HS_STAR	symbols/actor_debug_names.tsv (literal ROM string table)	0x0208f878	1	1	False	ov031	0x02111928	SlideDecorationYellowStar_SpawnInfo	g_profile_HS_STAR	actor_profile_0x1c	303	True	303	192		unlocated: no separate group-flags field is read from this descriptor by the recovered fBase_c/dActor_c constructors	0x00000000	0x00000000	0x00010000	0x00000000	0x00000000	ov031	0x021113b4	SlideDecorationYellowStar_Spawn	src/SlideDecorationYellowStar_Spawn.c	daObjHsBillboard_c_classInit	new_plus_inlined_ctor	0x00000128	0x02111984	daObjHsBillboard_c	SM64DS RTTI ov031:0x021118e8	ov031:0x02111344;ov031:0x0211137c;ov031:0x021113b4;ov031:0x021113ec	d_a_obj_hs_billboard.cpp	0x21111a0	0x2111424	yes	no	not_apply=global_classinit_name_collision
304	HS_Y_STAR	symbols/actor_debug_names.tsv (literal ROM string table)	0x0208fd74	1	1	False	ov031	0x02111944	SlideDecorationOrangeSmiley_SpawnInfo	g_profile_HS_Y_STAR	actor_profile_0x1c	304	True	304	193		unlocated: no separate group-flags field is read from this descriptor by the recovered fBase_c/dActor_c constructors	0x00000000	0x00000000	0x00010000	0x00000000	0x00000000	ov031	0x0211137c	SlideDecorationOrangeSmiley_Spawn	src/SlideDecorationOrangeSmiley_Spawn.c	daObjHsBillboard_c_classInit	new_plus_inlined_ctor	0x00000128	0x02111984	daObjHsBillboard_c	SM64DS RTTI ov031:0x021118e8	ov031:0x02111344;ov031:0x0211137c;ov031:0x021113b4;ov031:0x021113ec	d_a_obj_hs_billboard.cpp	0x21111a0	0x2111424	yes	no	not_apply=global_classinit_name_collision
305	HS_B_STAR	symbols/actor_debug_names.tsv (literal ROM string table)	0x0208fd44	1	1	False	ov031	0x02111960	SlideDecorationBlueSmiley_SpawnInfo	g_profile_HS_B_STAR	actor_profile_0x1c	305	True	305	194		unlocated: no separate group-flags field is read from this descriptor by the recovered fBase_c/dActor_c constructors	0x00000000	0x00000000	0x00010000	0x00000000	0x00000000	ov031	0x02111344	SlideDecorationBlueSmiley_Spawn	src/SlideDecorationBlueSmiley_Spawn.c	daObjHsBillboard_c_classInit	new_plus_inlined_ctor	0x00000128	0x02111984	daObjHsBillboard_c	SM64DS RTTI ov031:0x021118e8	ov031:0x02111344;ov031:0x0211137c;ov031:0x021113b4;ov031:0x021113ec	d_a_obj_hs_billboard.cpp	0x21111a0	0x2111424	yes	no	not_apply=global_classinit_name_collision
306	POWER_UP_ITEM	symbols/actor_debug_names.tsv (literal ROM string table)	0x020905b8	1	1	False	ov002	0x021097a0	PowerFlower_SpawnInfo	g_profile_POWER_UP_ITEM	actor_profile_0x1c	306	True	306	293		unlocated: no separate group-flags field is read from this descriptor by the recovered fBase_c/dActor_c constructors	0x00000002	0x00060000	0x00200000	0x01000000	0x01000000	ov002	0x020b9e0c	PowerFlower_Spawn	src/PowerFlower_Spawn.c	daObjPowerUpItem_c_classInit	new_plus_inlined_ctor	0x000003cc	0x02109800	daObjPowerUpItem_c	SM64DS RTTI ov002:0x0210977c		d_a_obj_power_up_item.cpp	0x20b9148	0x20b9e64	yes	yes	eligible=unique_registry_context+rom_profile_id+unique_class_factory
307	PICTURE_GATE	symbols/actor_debug_names.tsv (literal ROM string table)	0x02090488	1	1	False	ov080	0x02128290	Painting_SpawnInfo	g_profile_PICTURE_GATE	actor_profile_0x1c	307	True	307	304		unlocated: no separate group-flags field is read from this descriptor by the recovered fBase_c/dActor_c constructors	0x00000003	0x00001000	0x00001000	0x01000000	0x00001000	ov080	0x02126f8c	Painting_Spawn	src/Painting_Spawn.c	daPicGate_c_classInit	new_plus_inlined_ctor	0x000001bc	0x021282b4	daPicGate_c	SM64DS RTTI ov080:0x02128274		d_a_pic_gate.cpp	0x2125404	0x2126fbc	yes	yes	eligible=unique_registry_context+rom_profile_id+unique_class_factory
308	TORNADO	symbols/actor_debug_names.tsv (literal ROM string table)	0x0208f880	1	1	False	ov096	0x02137a6c	Tornado_SpawnInfo	g_profile_TORNADO	actor_profile_0x1c	308	True	308	305		unlocated: no separate group-flags field is read from this descriptor by the recovered fBase_c/dActor_c constructors	0x00000000	0x00064000	0x00064000	0x01000000	0x01000000	ov096	0x021376bc	Tornado_Spawn	src/Tornado_Spawn.c	daTor_c_classInit	new_plus_inlined_ctor	0x00000370	0x02137a90	daTor_c	SM64DS RTTI ov096:0x02137a60		d_a_tor.cpp	0x2136db0	0x213770c	yes	yes	eligible=unique_registry_context+rom_profile_id+unique_class_factory
309	ONIMASU	symbols/actor_debug_names.tsv (literal ROM string table)	0x0208f998	1	1	False	ov092	0x021322ac	ToxBox_SpawnInfo	g_profile_ONIMASU	actor_profile_0x1c	309	True	309	306		unlocated: no separate group-flags field is read from this descriptor by the recovered fBase_c/dActor_c constructors	0x02000002	0x000fa000	0x002ee000	0x01fa0000	0x01fa0000	ov092	0x02132018	ToxBox_Spawn	src/ToxBox_Spawn.cpp	daOnms_c_classInit	new_plus_inlined_ctor	0x00000594	0x021322d0	daOnms_c	SM64DS RTTI ov092:0x021322a0		d_a_onms.cpp	0x2130f00	0x2132074	yes	yes	eligible=unique_registry_context+rom_profile_id+unique_class_factory
310	CHOROPU	symbols/actor_debug_names.tsv (literal ROM string table)	0x0208f910	1	1	False	ov080	0x02127fec	MontyMole_SpawnInfo	g_profile_CHOROPU	actor_profile_0x1c	310	True	310	307		unlocated: no separate group-flags field is read from this descriptor by the recovered fBase_c/dActor_c constructors	0x00000002	0x00050000	0x00050000	0x01000000	0x00000000	ov080	0x021249e0	MontyMole_Spawn	src/MontyMole_Spawn.c	daChoropu_c_classInit	new_plus_inlined_ctor	0x0000018c	0x021280b0	daChoropu_c	SM64DS RTTI ov080:0x02127fbc		d_a_choropu.cpp	0x2123740	0x2124a20	yes	yes	eligible=unique_registry_context+rom_profile_id+unique_class_factory
311	CHORO_ROCK	symbols/actor_debug_names.tsv (literal ROM string table)	0x02090038	1	1	False	ov080	0x02128008	MontyMoleRock_SpawnInfo	g_profile_CHORO_ROCK	actor_profile_0x1c	311	True	311	308		unlocated: no separate group-flags field is read from this descriptor by the recovered fBase_c/dActor_c constructors	0x00000002	0x0001e000	0x0001e000	0x01000000	0x00000000	ov080	0x02124998	MontyMoleRock_Spawn	src/MontyMoleRock_Spawn.c	daChoro_Rock_c_classInit	new_plus_inlined_ctor	0x00000354	0x0212802c	daChoro_Rock_c	SM64DS RTTI ov080:0x02127fb0		d_a_choro_rock.cpp	0x2123740	0x2124a20	yes	yes	eligible=unique_registry_context+rom_profile_id+unique_class_factory
312	HUWAHUWA	symbols/actor_debug_names.tsv (literal ROM string table)	0x0208faec	1	1	False	ov081	0x02128858	Spindrift_SpawnInfo	g_profile_HUWAHUWA	actor_profile_0x1c	312	True	312	311		unlocated: no separate group-flags field is read from this descriptor by the recovered fBase_c/dActor_c constructors	0x10000003	0x00050000	0x00050000	0x01000000	0x007d0000	ov081	0x02124040	Spindrift_Spawn	src/Spindrift_Spawn.c	daHuwa_c_classInit	new_plus_inlined_ctor	0x0000039c	0x0212887c	daHuwa_c	SM64DS RTTI ov081:0x0212884c		d_a_huwa.cpp	0x2123740	0x2124090	yes	yes	eligible=unique_registry_context+rom_profile_id+unique_class_factory
313	SLIDE_BOX	symbols/actor_debug_names.tsv (literal ROM string table)	0x0208fe04	1	1	False	ov016	0x02114c68	SlidingBox_SpawnInfo	g_profile_SLIDE_BOX	actor_profile_0x1c	313	True	313	312		unlocated: no separate group-flags field is read from this descriptor by the recovered fBase_c/dActor_c constructors	0x00000002	0x00096000	0x0012c000	0x02000000	0x02000000	ov016	0x02113510	SlidingBox_Spawn	src/SlidingBox_Spawn.c	daSlide_Box_c_classInit	new_plus_inlined_ctor	0x000004f8	0x02114c8c	daSlide_Box_c	SM64DS RTTI ov016:0x02114c4c		d_a_slide_box.cpp	0x2112ff8	0x211354c	yes	yes	eligible=unique_registry_context+rom_profile_id+unique_class_factory
314	OBJ_KUMO	symbols/actor_debug_names.tsv (literal ROM string table)	0x0208fb94	1	1	False	ov039	0x02111834	Cloud_SpawnInfo	g_profile_OBJ_KUMO	actor_profile_0x1c	314	True	314	5		unlocated: no separate group-flags field is read from this descriptor by the recovered fBase_c/dActor_c constructors	0x00000000	0x00000000	0x00000000	0x00000000	0x00000000	ov039	0x0211137c	Cloud_Spawn	src/Cloud_Spawn.c	daObjKumo_c_classInit	new_plus_inlined_ctor	0x00000124	0x02111858	daObjKumo_c	SM64DS RTTI ov039:0x02111818		d_a_obj_kumo.cpp	0x21111a0	0x21113b4	yes	yes	eligible=unique_registry_context+rom_profile_id+unique_class_factory
315	OBJ_SHELL	symbols/actor_debug_names.tsv (literal ROM string table)	0x0208fe28	1	1	False	ov064	0x0211c5a4	Clam_SpawnInfo	g_profile_OBJ_SHELL	actor_profile_0x1c	315	True	315	313		unlocated: no separate group-flags field is read from this descriptor by the recovered fBase_c/dActor_c constructors	0x00000003	0x00060000	0x00100000	0x02000000	0x00000000	ov064	0x0211ad70	Clam_Spawn	src/Clam_Spawn.cpp	daObjShell_c_classInit	new_plus_inlined_ctor	0x00000174	0x0211c5c8	daObjShell_c	SM64DS RTTI ov064:0x0211c588		d_a_obj_shell.cpp	0x211a930	0x211adb0	yes	yes	eligible=unique_registry_context+rom_profile_id+unique_class_factory
316	OBJ_RED_FIRE	symbols/actor_debug_names.tsv (literal ROM string table)	0x020904b8	1	1	False	ov002	0x02108ef8	RedFlame_SpawnInfo	g_profile_OBJ_RED_FIRE	actor_profile_0x1c	316	True	316	314		unlocated: no separate group-flags field is read from this descriptor by the recovered fBase_c/dActor_c constructors	0x00800003	0x00000000	0x00100000	0x01000000	0x00000000	ov002	0x020b59e0	RedFlame_Spawn	src/RedFlame_Spawn.c	daObjFire_c_classInit	new_plus_inlined_ctor	0x00000118	0x02108f38	daObjFire_c	SM64DS RTTI ov002:0x02108edc	ov002:0x020b59a8;ov002:0x020b59e0	d_a_obj_fire.cpp	0x20b5734	0x20b5a18	yes	no	not_apply=global_classinit_name_collision
317	OBJ_BLUE_FIRE	symbols/actor_debug_names.tsv (literal ROM string table)	0x020905d8	1	1	False	ov002	0x02108f14	BlueFlame_SpawnInfo	g_profile_OBJ_BLUE_FIRE	actor_profile_0x1c	317	True	317	315		unlocated: no separate group-flags field is read from this descriptor by the recovered fBase_c/dActor_c constructors	0x00800003	0x00000000	0x00100000	0x02000000	0x00000000	ov002	0x020b59a8	BlueFlame_Spawn	src/BlueFlame_Spawn.c	daObjFire_c_classInit	new_plus_inlined_ctor	0x00000118	0x02108f38	daObjFire_c	SM64DS RTTI ov002:0x02108edc	ov002:0x020b59a8;ov002:0x020b59e0	d_a_obj_fire.cpp	0x20b5734	0x20b5a18	yes	no	not_apply=global_classinit_name_collision
318	OBJ_FLAMETHROWER	symbols/actor_debug_names.tsv (literal ROM string table)	0x020907fc	1	1	False	ov095	0x021376cc	Flamethrower_SpawnInfo	g_profile_OBJ_FLAMETHROWER	actor_profile_0x1c	318	True	318	316		unlocated: no separate group-flags field is read from this descriptor by the recovered fBase_c/dActor_c constructors	0x00000002	0x00000000	0x00500000	0x01000000	0x00000000	ov095	0x02136ed4	Flamethrower_Spawn	src/Flamethrower_Spawn.cpp	daObjFlamethrower_c_classInit	new_plus_inlined_ctor	0x0000046c	0x021376f0	daObjFlamethrower_c	SM64DS RTTI ov095:0x021376a8		d_a_obj_flamethrower.cpp	0x213682c	0x2136f58	yes	yes	eligible=unique_registry_context+rom_profile_id+unique_class_factory
319	KINOKO_CREATE_TAG	symbols/actor_debug_names.tsv (literal ROM string table)	0x02090824	1	1	False	ov002	0x02108cd0	MegaMushroomCreateTag_SpawnInfo	g_profile_KINOKO_CREATE_TAG	actor_profile_0x1c	319	True	319	317		unlocated: no separate group-flags field is read from this descriptor by the recovered fBase_c/dActor_c constructors	0x00000000	0x00000000	0x00000000	0x00000000	0x00000000	ov002	0x020b4a00	daObjKinokoTag_c_Spawn	src/actors/daObjKinokoTag_c.cpp	daObjKinokoTag_c_classInit	new_plus_inlined_ctor	0x00000110	0x02108cf4	daObjKinokoTag_c	SM64DS RTTI ov002:0x02108c94	ov002:0x020b4a00;ov002:0x020b4a38	d_a_obj_kinoko_tag.cpp	0x20b46a0	0x20b4a70	yes	no	not_apply=global_classinit_name_collision
320	KINOKO_TAG	symbols/actor_debug_names.tsv (literal ROM string table)	0x020900b0	1	1	False	ov002	0x02108cb4	MegaMushroomTag_SpawnInfo	g_profile_KINOKO_TAG	actor_profile_0x1c	320	True	320	318		unlocated: no separate group-flags field is read from this descriptor by the recovered fBase_c/dActor_c constructors	0x00000003	0x00060000	0x00200000	0x01000000	0x00000000	ov002	0x020b4a38	MegaMushroomTag_Spawn	src/actors/daObjKinokoTag_c.cpp	daObjKinokoTag_c_classInit	new_plus_inlined_ctor	0x00000110	0x02108cf4	daObjKinokoTag_c	SM64DS RTTI ov002:0x02108c94	ov002:0x020b4a00;ov002:0x020b4a38	d_a_obj_kinoko_tag.cpp	0x20b46a0	0x20b4a70	yes	no	not_apply=global_classinit_name_collision
321	BLK_OKINOKO_TAG	symbols/actor_debug_names.tsv (literal ROM string table)	0x02090758	1	1	False	ov002	0x02108bf4	OneUpMushroomBlockTag_SpawnInfo	g_profile_BLK_OKINOKO_TAG	actor_profile_0x1c	321	True	321	319		unlocated: no separate group-flags field is read from this descriptor by the recovered fBase_c/dActor_c constructors	0x00000002	0x00060000	0x00200000	0x01000000	0x00000000	ov002	0x020b4670	OneUpMushroomBlockTag_Spawn	src/OneUpMushroomBlockTag_Spawn.c	daObjBlockItemTag_c_classInit	new_plus_inlined_ctor	0x000000dc	0x02108c18	daObjBlockItemTag_c	SM64DS RTTI ov002:0x02108b7c	ov002:0x020b45e0;ov002:0x020b4610;ov002:0x020b4640;ov002:0x020b4670	d_a_obj_block_item_tag.cpp	0x20b415c	0x20b46a0	yes	no	not_apply=global_classinit_name_collision
322	BLK_SKINOKO_TAG	symbols/actor_debug_names.tsv (literal ROM string table)	0x02090768	1	1	False	ov002	0x02108ba0	MegaMushroomBlockTag_SpawnInfo	g_profile_BLK_SKINOKO_TAG	actor_profile_0x1c	322	True	322	320		unlocated: no separate group-flags field is read from this descriptor by the recovered fBase_c/dActor_c constructors	0x00000002	0x00060000	0x00200000	0x01000000	0x00000000	ov002	0x020b4640	MegaMushroomBlockTag_Spawn	src/MegaMushroomBlockTag_Spawn.c	daObjBlockItemTag_c_classInit	new_plus_inlined_ctor	0x000000dc	0x02108c18	daObjBlockItemTag_c	SM64DS RTTI ov002:0x02108b7c	ov002:0x020b45e0;ov002:0x020b4610;ov002:0x020b4640;ov002:0x020b4670	d_a_obj_block_item_tag.cpp	0x20b415c	0x20b46a0	yes	no	not_apply=global_classinit_name_collision
323	BLK_GNSHELL_TAG	symbols/actor_debug_names.tsv (literal ROM string table)	0x02090778	1	1	False	ov002	0x02108bbc	GreenShellBlockTag_SpawnInfo	g_profile_BLK_GNSHELL_TAG	actor_profile_0x1c	323	True	323	321		unlocated: no separate group-flags field is read from this descriptor by the recovered fBase_c/dActor_c constructors	0x00000002	0x00060000	0x00200000	0x01000000	0x00000000	ov002	0x020b4610	GreenShellBlockTag_Spawn	src/GreenShellBlockTag_Spawn.c	daObjBlockItemTag_c_classInit	new_plus_inlined_ctor	0x000000dc	0x02108c18	daObjBlockItemTag_c	SM64DS RTTI ov002:0x02108b7c	ov002:0x020b45e0;ov002:0x020b4610;ov002:0x020b4640;ov002:0x020b4670	d_a_obj_block_item_tag.cpp	0x20b415c	0x20b46a0	yes	no	not_apply=global_classinit_name_collision
324	BLK_SLVSTAR_TAG	symbols/actor_debug_names.tsv (literal ROM string table)	0x02090788	1	1	False	ov002	0x02108bd8	SilverStarBlockTag_SpawnInfo	g_profile_BLK_SLVSTAR_TAG	actor_profile_0x1c	324	True	324	322		unlocated: no separate group-flags field is read from this descriptor by the recovered fBase_c/dActor_c constructors	0x00000002	0x00060000	0x00200000	0x01000000	0x00000000	ov002	0x020b45e0	SilverStarBlockTag_Spawn	src/SilverStarBlockTag_Spawn.c	daObjBlockItemTag_c_classInit	new_plus_inlined_ctor	0x000000dc	0x02108c18	daObjBlockItemTag_c	SM64DS RTTI ov002:0x02108b7c	ov002:0x020b45e0;ov002:0x020b4610;ov002:0x020b4640;ov002:0x020b4670	d_a_obj_block_item_tag.cpp	0x20b415c	0x20b46a0	yes	no	not_apply=global_classinit_name_collision
325	SHOOT_BOOK	symbols/actor_debug_names.tsv (literal ROM string table)	0x02090134	1	1	False	ov020	0x021148b4	BookShot_SpawnInfo	g_profile_SHOOT_BOOK	actor_profile_0x1c	325	True	325	327		unlocated: no separate group-flags field is read from this descriptor by the recovered fBase_c/dActor_c constructors	0x00000002	0x00064000	0x00064000	0x01000000	0x01000000	ov020	0x021128dc	BookShot_Spawn	src/BookShot_Spawn.c	daBook_c_classInit	new_plus_inlined_ctor	0x00000454	0x0211495c	daBook_c	SM64DS RTTI ov020:0x02114844	ov020:0x021127f4;ov020:0x02112880;ov020:0x021128dc	d_a_book.cpp	0x21111a0	0x2112938	yes	no	not_apply=global_classinit_name_collision
326	CHAIR	symbols/actor_debug_names.tsv (literal ROM string table)	0x0208f6e8	1	1	False	ov020	0x021149f0	HauntedChair_SpawnInfo	g_profile_CHAIR	actor_profile_0x1c	326	True	326	326		unlocated: no separate group-flags field is read from this descriptor by the recovered fBase_c/dActor_c constructors	0x00000002	0x00064000	0x00064000	0x01000000	0x01000000	ov020	0x02113494	HauntedChair_Spawn	src/HauntedChair_Spawn.c	daChair_c_classInit	new_plus_inlined_ctor	0x000003a8	0x02114a14	daChair_c	SM64DS RTTI ov020:0x021149e4		d_a_chair.cpp	0x2112938	0x21134e4	yes	yes	eligible=unique_registry_context+rom_profile_id+unique_class_factory
327	KILLER_BOOK	symbols/actor_debug_names.tsv (literal ROM string table)	0x0209038c	1	1	False	ov020	0x02114860	Bookend_SpawnInfo	g_profile_KILLER_BOOK	actor_profile_0x1c	327	True	327	328		unlocated: no separate group-flags field is read from this descriptor by the recovered fBase_c/dActor_c constructors	0x10000002	0x00064000	0x00064000	0x01000000	0x01000000	ov020	0x02112880	Bookend_Spawn	src/Bookend_Spawn.c	daBook_c_classInit	new_plus_inlined_ctor	0x00000454	0x0211495c	daBook_c	SM64DS RTTI ov020:0x02114844	ov020:0x021127f4;ov020:0x02112880;ov020:0x021128dc	d_a_book.cpp	0x21111a0	0x2112938	yes	no	not_apply=global_classinit_name_collision
328	BOOK_GENERATOR	symbols/actor_debug_names.tsv (literal ROM string table)	0x02090708	1	1	False	ov020	0x0211487c	BookShotSpawner_SpawnInfo	g_profile_BOOK_GENERATOR	actor_profile_0x1c	328	True	328	329		unlocated: no separate group-flags field is read from this descriptor by the recovered fBase_c/dActor_c constructors	0x00000001	0x00064000	0x00064000	0x01000000	0x01000000	ov020	0x02112850	BookShotSpawner_Spawn	src/BookShotSpawner_Spawn.c	daBookGen_c_classInit	new_plus_inlined_ctor	0x000000d8	0x021148d8	daBookGen_c	SM64DS RTTI ov020:0x02114838		d_a_book_gen.cpp	0x21111a0	0x2112938	yes	yes	eligible=unique_registry_context+rom_profile_id+unique_class_factory
329	SECRET_COIN	symbols/actor_debug_names.tsv (literal ROM string table)	0x020903bc	1	1	False	ov002	0x0210b00c	InvisibleSecret_SpawnInfo	g_profile_SECRET_COIN	actor_profile_0x1c	329	True	329	330		unlocated: no separate group-flags field is read from this descriptor by the recovered fBase_c/dActor_c constructors	0x00000000	0x00000000	0x00320000	0x01f40000	0x00050000	ov002	0x020f085c	daSCoin_c_Spawn	src/daSCoin_c_Spawn.c	daSCoin_c_classInit	new_plus_inlined_ctor	0x00000114	0x0210b030	daSCoin_c	SM64DS RTTI ov002:0x0210b000		d_a_s_coin.cpp	0x20f03c4	0x20f0894	yes	yes	eligible=unique_registry_context+rom_profile_id+unique_class_factory
330	OBJ_NUMBER	symbols/actor_debug_names.tsv (literal ROM string table)	0x0208ff3c	1	1	False	ov002	0x0210b0c8	Number_SpawnInfo	g_profile_OBJ_NUMBER	actor_profile_0x1c	330	True	330	332		unlocated: no separate group-flags field is read from this descriptor by the recovered fBase_c/dActor_c constructors	0x04800000	0x00000000	0x0000a000	0x00000000	0x00000000	ov002	0x020f0d90	Number_Spawn	src/Number_Spawn.c	daObjNumber_c_classInit	new_plus_inlined_ctor	0x00000150	0x0210b0ec	daObjNumber_c	SM64DS RTTI ov002:0x0210b0ac		d_a_obj_number.cpp	0x20f0894	0x20f0dd0	yes	yes	eligible=unique_registry_context+rom_profile_id+unique_class_factory
331	OBJ_1UPLOGO	symbols/actor_debug_names.tsv (literal ROM string table)	0x020901a0	1	1	False	ov002	0x0210b188	OneUpLogo_SpawnInfo	g_profile_OBJ_1UPLOGO	actor_profile_0x1c	331	True	331	333		unlocated: no separate group-flags field is read from this descriptor by the recovered fBase_c/dActor_c constructors	0x04800000	0x00000000	0x0000a000	0x00000000	0x00000000	ov002	0x020f1170	OneUpLogo_Spawn	src/OneUpLogo_Spawn.c	daObj1UpLogo_c_classInit	new_plus_inlined_ctor	0x00000150	0x0210b1ac	daObj1UpLogo_c	SM64DS RTTI ov002:0x0210b168		d_a_obj1_up_logo.cpp	0x20f0dd0	0x20f11b0	yes	yes	eligible=unique_registry_context+rom_profile_id+unique_class_factory
332	CAMERA	symbols/actor_debug_names.tsv (literal ROM string table)	0x0208f7e0	1	1	False	arm9	0x02086d78	Camera_SpawnInfo	g_profile_CAMERA	actor_profile_0x1c	332	True	332	0		unlocated: no separate group-flags field is read from this descriptor by the recovered fBase_c/dActor_c constructors	0x020084b0	0x00000000	0x020078c4	0x00000000	0x02009e70	arm9	0x0200e444	Camera_Spawn	src/Camera_Spawn.cpp	dCamera_c_classInit	new_plus_inlined_ctor	0x000001a8	0x02086f84	dCamera_c	SM64DS RTTI arm9:0x02086ee4		d_camera.cpp	0x20049f0	0x20707a4	yes	yes	eligible=unique_registry_context+rom_profile_id+unique_class_factory
333	CAMERA_TAG	symbols/actor_debug_names.tsv (literal ROM string table)	0x0208ff78	1	1	False	ov002	0x02108518	CameraTag_SpawnInfo	g_profile_CAMERA_TAG	actor_profile_0x1c	333	True	333	1		unlocated: no separate group-flags field is read from this descriptor by the recovered fBase_c/dActor_c constructors	0x00000000	0x00000000	0x00000000	0x00000000	0x00000000	ov002	0x020b07c8	CameraTag_Spawn	src/CameraTag_Spawn.c	daCamTag_c_classInit	new_plus_inlined_ctor	0x000000d4	0x0210853c	daCamTag_c	SM64DS RTTI ov002:0x021084fc		d_a_cam_tag.cpp	0x20b0748	0x20b07f8	yes	yes	eligible=unique_registry_context+rom_profile_id+unique_class_factory
334	METER	symbols/actor_debug_names.tsv (literal ROM string table)	0x0208f710	1	1	False	ov002	0x0210c210	_ZN3HUD9spawnDataE	g_profile_METER	base_profile_0x08	334	True	334	334		unlocated: no separate group-flags field is read from this descriptor by the recovered fBase_c/dActor_c constructors						ov002	0x020fe154	HUD_Spawn	src/HUD_Spawn.cpp	dMeter_c_classInit	new_plus_inlined_ctor	0x0000007c	0x0210c2c8	dMeter_c	SM64DS RTTI ov002:0x0210c224		d_meter.cpp	0x20fb8f8	0x20fe190	yes	yes	eligible=unique_registry_context+rom_profile_id+unique_class_factory
335	MAP	symbols/actor_debug_names.tsv (literal ROM string table)	0x0208f67c	1	1	False	ov002	0x0210c160	_ZN7Minimap9spawnDataE	g_profile_MAP	actor_profile_0x1c	335	True	335	335		unlocated: no separate group-flags field is read from this descriptor by the recovered fBase_c/dActor_c constructors	0x0209a764	0x0210c158	0x02086e78	0x020ab800	0x020ab820	ov002	0x020fb8bc	Minimap_Spawn	src/Minimap_Spawn.cpp	dMap_c_classInit	new_plus_inlined_ctor	0x00000258	0x0210c1c0	dMap_c	SM64DS RTTI ov002:0x0210c168		d_map.cpp	0x20f975c	0x20fb8f8	yes	yes	eligible=unique_registry_context+rom_profile_id+unique_class_factory
336	BUTTERFLY	symbols/actor_debug_names.tsv (literal ROM string table)	0x0208fc60	1	1	False	ov100	0x02147e78	Butterfly_SpawnInfo	g_profile_BUTTERFLY	actor_profile_0x1c	336	True	336	336		unlocated: no separate group-flags field is read from this descriptor by the recovered fBase_c/dActor_c constructors	0x00010002	0x00032000	0x00032000	0x01000000	0x00320000	ov100	0x02141ea4	Butterfly_Spawn	src/Butterfly_Spawn.c	daBtfly_c_classInit	new_plus_inlined_ctor	0x000003f4	0x02147e9c	daBtfly_c	SM64DS RTTI ov100:0x02147e6c		d_a_btfly.cpp	0x2140d80	0x2141f04	yes	yes	eligible=unique_registry_context+rom_profile_id+unique_class_factory
337	WANWAN2	symbols/actor_debug_names.tsv (literal ROM string table)	0x0208f8a8	1	1	False	ov100	0x02148030	UnchainedChomp_SpawnInfo	g_profile_WANWAN2	actor_profile_0x1c	337	True	337	337		unlocated: no separate group-flags field is read from this descriptor by the recovered fBase_c/dActor_c constructors	0x10000002	0x00190000	0x00190000	0x01f40000	0x01f40000	ov100	0x021442dc	UnchainedChomp_Spawn	src/UnchainedChomp_Spawn.cpp	daWanwan2_c_classInit	new_plus_inlined_ctor	0x000007a4	0x02148054	daWanwan2_c	SM64DS RTTI ov100:0x02148014		d_a_wanwan2.cpp	0x21431c4	0x21443f4	yes	yes	eligible=unique_registry_context+rom_profile_id+unique_class_factory
338	MC_WATER	symbols/actor_debug_names.tsv (literal ROM string table)	0x0208f9f0	1	1	False	ov009	0x021139f4	CastleWater_SpawnInfo	g_profile_MC_WATER	actor_profile_0x1c	338	True	338	338		unlocated: no separate group-flags field is read from this descriptor by the recovered fBase_c/dActor_c constructors	0x00000000	0x00000000	0x00320000	0x01f40000	0x00050000	ov009	0x02111d8c	CastleWater_Spawn	src/CastleWater_Spawn.c	daObjMcWater_c_classInit	new_plus_inlined_ctor	0x00000338	0x02113a18	daObjMcWater_c	SM64DS RTTI ov009:0x021139d4		d_a_obj_mc_water.cpp	0x2111a70	0x2111dc4	yes	yes	eligible=unique_registry_context+rom_profile_id+unique_class_factory
339	MC_METALNET	symbols/actor_debug_names.tsv (literal ROM string table)	0x02090200	1	2	True	ov009	0x02113abc	MetalNet_SpawnInfo	g_profile_MC_METALNET	actor_profile_0x1c	339	True	339	339		unlocated: no separate group-flags field is read from this descriptor by the recovered fBase_c/dActor_c constructors	0x00000002	0x00000000	0x00500000	0x01000000	0x00000000	ov009	0x02112048	MetalNet_Spawn	src/MetalNet_Spawn.c	daObjMc_Metalnet_c_classInit	new_plus_inlined_ctor	0x00000320	0x02113ae0	daObjMc_Metalnet_c	SM64DS RTTI ov009:0x02113a98		d_a_obj_mc_metalnet.cpp	0x2111dc4	0x2112078	no	no	not_apply=overlay_multiplexed_registry_pointer
339	MC_METALNET	symbols/actor_debug_names.tsv (literal ROM string table)	0x02090200	2	2	True	ov026	0x02113abc	data_ov026_02113abc	g_profile_MC_METALNET	actor_profile_0x1c	89	False	89	250		unlocated: no separate group-flags field is read from this descriptor by the recovered fBase_c/dActor_c constructors	0x00000000	0x00000000	0x00400000	0x01000000	0x01000000	ov026	0x02111678	func_ov026_02111678	src/func_ov026_02111678.cpp	daObjWlPolelift_c_classInit	new_plus_inlined_ctor	0x000001e4	0x02113ae0	daObjWlPolelift_c	SM64DS RTTI ov026:0x02113a90		d_a_obj_wl_polelift.cpp	0x2111678	0x21116c8	no	no	not_apply=overlay_multiplexed_registry_pointer
340	MC_DODAI	symbols/actor_debug_names.tsv (literal ROM string table)	0x0208fa2c	1	1	False	ov102	0x0214e150	CgStairs_SpawnInfo	g_profile_MC_DODAI	actor_profile_0x1c	340	True	340	340		unlocated: no separate group-flags field is read from this descriptor by the recovered fBase_c/dActor_c constructors	0x00000000	0x00060000	0x00300000	0x01000000	0x00000000	ov102	0x02148ecc	CgStairs_Spawn	src/CgStairs_Spawn.c	daObjSimpleBg_c_classInit	new_plus_inlined_ctor	0x00000320	0x0214e1d8	daObjSimpleBg_c	SM64DS RTTI ov102:0x0214e0c0	ov102:0x02148e9c;ov102:0x02148ecc;ov102:0x02148efc;ov102:0x02148f2c;ov102:0x02148f5c;ov102:0x02148f8c	d_a_obj_simple_bg.cpp	0x2148a80	0x2148fbc	yes	no	not_apply=global_classinit_name_collision
341	MC_HAZAD	symbols/actor_debug_names.tsv (literal ROM string table)	0x0208fa38	1	1	False	ov102	0x0214e16c	RopeBarrier_SpawnInfo	g_profile_MC_HAZAD	actor_profile_0x1c	341	True	341	341		unlocated: no separate group-flags field is read from this descriptor by the recovered fBase_c/dActor_c constructors	0x00000000	0x00060000	0x00300000	0x01000000	0x00000000	ov102	0x02148e9c	RopeBarrier_Spawn	src/RopeBarrier_Spawn.c	daObjSimpleBg_c_classInit	new_plus_inlined_ctor	0x00000320	0x0214e1d8	daObjSimpleBg_c	SM64DS RTTI ov102:0x0214e0c0	ov102:0x02148e9c;ov102:0x02148ecc;ov102:0x02148efc;ov102:0x02148f2c;ov102:0x02148f5c;ov102:0x02148f8c	d_a_obj_simple_bg.cpp	0x2148a80	0x2148fbc	yes	no	not_apply=global_classinit_name_collision
342	MC_FLAG	symbols/actor_debug_names.tsv (literal ROM string table)	0x0208f930	1	1	False	ov009	0x02113b7c	daMcFlag_c_SpawnInfo	g_profile_MC_FLAG	actor_profile_0x1c	342	True	342	342		unlocated: no separate group-flags field is read from this descriptor by the recovered fBase_c/dActor_c constructors	0x20000003	0x000c8000	0x000c8000	0x03000000	0x00000000	ov009	0x021121f0	daMcFlag_c_Spawn	src/actors/d_a_mc_flag.cpp	daMcFlag_c_classInit	new_plus_inlined_ctor	0x00000138	0x02113ba0	daMcFlag_c	SM64DS RTTI ov009:0x02113b60		d_a_mc_flag.cpp	0x2112078	0x2112228	yes	yes	eligible=unique_registry_context+rom_profile_id+unique_class_factory
343	SBIRD	symbols/actor_debug_names.tsv (literal ROM string table)	0x0208f700	1	1	False	ov009	0x02113934	Bird_SpawnInfo	g_profile_SBIRD	actor_profile_0x1c	343	True	343	343		unlocated: no separate group-flags field is read from this descriptor by the recovered fBase_c/dActor_c constructors	0x00010002	0x00000000	0x00028000	0x01000000	0x00320000	ov009	0x02111a30	Bird_Spawn	src/Bird_Spawn.c	daSBird_c_classInit	new_plus_inlined_ctor	0x00000184	0x02113958	daSBird_c	SM64DS RTTI ov009:0x02113928		d_a_s_bird.cpp	0x21111a0	0x2111a70	yes	yes	eligible=unique_registry_context+rom_profile_id+unique_class_factory
344	FISH	symbols/actor_debug_names.tsv (literal ROM string table)	0x0208f6a0	1	1	False	ov100	0x02148498	Fish_SpawnInfo	g_profile_FISH	actor_profile_0x1c	344	True	344	344		unlocated: no separate group-flags field is read from this descriptor by the recovered fBase_c/dActor_c constructors	0x00010002	0x00000000	0x0001e000	0x01000000	0x004b0000	ov100	0x02146d38	Fish_Spawn	src/Fish_Spawn.cpp	daFish_c_classInit	new_plus_inlined_ctor	0x00000160	0x021484bc	daFish_c	SM64DS RTTI ov100:0x0214848c		d_a_fish.cpp	0x214620c	0x2146d7c	yes	yes	eligible=unique_registry_context+rom_profile_id+unique_class_factory
345	FEATHER	symbols/actor_debug_names.tsv (literal ROM string table)	0x0208f8d8	1	1	False	ov002	0x02108884	WingFeather_SpawnInfo	g_profile_FEATHER	actor_profile_0x1c	345	True	345	345		unlocated: no separate group-flags field is read from this descriptor by the recovered fBase_c/dActor_c constructors	0x00000002	0x00060000	0x00200000	0x01000000	0x01000000	ov002	0x020b3248	WingFeather_Spawn	src/game/actors/WingFeather/WingFeather_Spawn.c	daFeather_c_classInit	new_plus_inlined_ctor	0x00000388	0x021088a8	daFeather_c	SM64DS RTTI ov002:0x02108868		d_a_feather.cpp	0x20b2ba0	0x20b3298	yes	yes	eligible=unique_registry_context+rom_profile_id+unique_class_factory
346	ENTRY_OBJECT	symbols/actor_debug_names.tsv (literal ROM string table)	0x02090428	1	1	False	ov075	0x0211c610	UnknownVsEntry_SpawnInfo	g_profile_ENTRY_OBJECT	actor_profile_0x1c	346	True	346	346		unlocated: no separate group-flags field is read from this descriptor by the recovered fBase_c/dActor_c constructors	0x0211478c	0x00000000	0x02114560	0x00000000	0x02114010	ov075	0x021159f4	UnknownVsEntry_Spawn	src/UnknownVsEntry_Spawn.cpp	dEntObj_c_classInit	new_plus_inlined_ctor	0x00000f48	0x0211c6a0	dEntObj_c	SM64DS RTTI ov075:0x0211c66c		d_ent_obj.cpp	0x2113ee0	0x2115ab8	yes	yes	eligible=unique_registry_context+rom_profile_id+unique_class_factory
347	WARPKUN	symbols/actor_debug_names.tsv (literal ROM string table)	0x0208f8f0	1	1	False	ov002	0x0210ac98	daWarpkun_c_SpawnInfo	g_profile_WARPKUN	actor_profile_0x1c	347	True	347	347		unlocated: no separate group-flags field is read from this descriptor by the recovered fBase_c/dActor_c constructors	0x00000003	0x00000000	0x0000a000	0x00960000	0x00000000	ov002	0x020ec534	daWarpkun_c_Spawn	src/daWarpkun_c_Spawn.c	daWarpkun_c_classInit	new_plus_inlined_ctor	0x00000108	0x0210acbc	daWarpkun_c	SM64DS RTTI ov002:0x0210ac7c		d_a_warpkun.cpp	0x20ec388	0x20ec56c	yes	yes	eligible=unique_registry_context+rom_profile_id+unique_class_factory
348	CH_ROOM	symbols/actor_debug_names.tsv (literal ROM string table)	0x0208f920	1	1	False	ov002	0x021085d4	daChRoom_c_SpawnInfo	g_profile_CH_ROOM	actor_profile_0x1c	348	True	348	348		unlocated: no separate group-flags field is read from this descriptor by the recovered fBase_c/dActor_c constructors	0x00000000	0x00000000	0x00000000	0x00000000	0x00000000	ov002	0x020b0980	daChRoom_c_Spawn	src/daChRoom_c_Spawn.c	daChRoom_c_classInit	new_plus_inlined_ctor	0x000000d4	0x021085f8	daChRoom_c	SM64DS RTTI ov002:0x021085b8		d_a_ch_room.cpp	0x20b07f8	0x20b09b0	yes	yes	eligible=unique_registry_context+rom_profile_id+unique_class_factory
349	CH_SCENE	symbols/actor_debug_names.tsv (literal ROM string table)	0x0208faa4	1	1	False	ov002	0x02108690	daChScene_c_SpawnInfo	g_profile_CH_SCENE	actor_profile_0x1c	349	True	349	349		unlocated: no separate group-flags field is read from this descriptor by the recovered fBase_c/dActor_c constructors	0x00000000	0x00000000	0x00000000	0x00000000	0x00000000	ov002	0x020b0f24	daChScene_c_Spawn	src/daChScene_c_Spawn.c	daChScene_c_classInit	new_plus_inlined_ctor	0x00000104	0x021086b4	daChScene_c	SM64DS RTTI ov002:0x02108674		d_a_ch_scene.cpp	0x20b09b0	0x20b0f54	yes	yes	eligible=unique_registry_context+rom_profile_id+unique_class_factory
350	SET_SE	symbols/actor_debug_names.tsv (literal ROM string table)	0x0208f7d0	1	1	False	ov002	0x0210b47c	daSetSE_c_SpawnInfo	g_profile_SET_SE	actor_profile_0x1c	350	True	350	350		unlocated: no separate group-flags field is read from this descriptor by the recovered fBase_c/dActor_c constructors	0x64800000	0x00000000	0x00001000	0x00000000	0x00000000	ov002	0x020f1b94	daSetSE_c_Spawn	src/daSetSE_c_Spawn.c	daSetSE_c_classInit	new_plus_inlined_ctor	0x000000d8	0x0210b4c8	daSetSE_c	SM64DS RTTI ov002:0x0210b470		d_a_set_se.cpp	0x20f198c	0x20f1bc4	yes	yes	eligible=unique_registry_context+rom_profile_id+unique_class_factory
351	MUGEN_BGM	symbols/actor_debug_names.tsv (literal ROM string table)	0x0208fdbc	1	1	False	ov002	0x0210b560	MugenBgm_SpawnInfo	g_profile_MUGEN_BGM	actor_profile_0x1c	351	True	351	351		unlocated: no separate group-flags field is read from this descriptor by the recovered fBase_c/dActor_c constructors	0x00000000	0x00000000	0x00000000	0x00000000	0x00000000	ov002	0x020f1f40	MugenBgm_Spawn	src/MugenBgm_Spawn.c	daMugenBGM_c_classInit	new_plus_inlined_ctor	0x000000d4	0x0210b584	daMugenBGM_c	SM64DS RTTI ov002:0x0210b544		d_a_mugen_bgm.cpp	0x20f1bc4	0x20f1f70	yes	yes	eligible=unique_registry_context+rom_profile_id+unique_class_factory
352	DEMO	symbols/actor_debug_names.tsv (literal ROM string table)	0x0208f688	1	1	False	ov002	0x0210ba60	CutsceneObject_SpawnInfo	g_profile_DEMO	actor_profile_0x1c	352	True	352	352		unlocated: no separate group-flags field is read from this descriptor by the recovered fBase_c/dActor_c constructors	0x64800002	0x003e8000	0x003e8000	0x02710000	0x02710000	ov002	0x020f8808	CutsceneObject_Spawn	src/CutsceneObject_Spawn.c	daDemo_c_classInit	new_plus_inlined_ctor	0x00000104	0x0210bd60	daDemo_c	SM64DS RTTI ov002:0x0210b94c		d_a_demo.cpp	0x20f1f70	0x20f8838	yes	yes	eligible=unique_registry_context+rom_profile_id+unique_class_factory
353	DOOR	symbols/actor_debug_names.tsv (literal ROM string table)	0x0208f690	1	1	False	ov100	0x02148164	Door_SpawnInfo	g_profile_DOOR	actor_profile_0x1c	353	True	353	353		unlocated: no separate group-flags field is read from this descriptor by the recovered fBase_c/dActor_c constructors	0x60800002	0x0007d000	0x0007d000	0x01f40000	0x00000000	ov100	0x0214589c	Door_Spawn	src/Door_Spawn.c	daDoor_c_classInit	new_plus_inlined_ctor	0x00000148	0x02148188	daDoor_c	SM64DS RTTI ov100:0x02148158		d_a_door.cpp	0x21443f4	0x21458d4	yes	yes	eligible=unique_registry_context+rom_profile_id+unique_class_factory
354	STAR_GATE	symbols/actor_debug_names.tsv (literal ROM string table)	0x0208fe10	1	1	False	ov100	0x021483a8	StarDoor_SpawnInfo	g_profile_STAR_GATE	actor_profile_0x1c	354	True	354	354		unlocated: no separate group-flags field is read from this descriptor by the recovered fBase_c/dActor_c constructors	0x00000002	0x00096000	0x00096000	0x01f40000	0x00000000	ov100	0x021461d4	StarDoor_Spawn	src/StarDoor_Spawn.c	daStarGate_c_classInit	new_plus_inlined_ctor	0x00000118	0x021483cc	daStarGate_c	SM64DS RTTI ov100:0x02148374		d_a_star_gate.cpp	0x21458d4	0x214620c	yes	yes	eligible=unique_registry_context+rom_profile_id+unique_class_factory
355	STAR_CREATE	symbols/actor_debug_names.tsv (literal ROM string table)	0x020902fc	1	1	False	ov018	0x02113a50	PowerStarCreate_SpawnInfo	g_profile_STAR_CREATE	actor_profile_0x1c	355	True	355	355		unlocated: no separate group-flags field is read from this descriptor by the recovered fBase_c/dActor_c constructors	0x00000000	0x00000000	0x00000000	0x00000000	0x00000000	ov018	0x0211278c	PowerStarCreate_Spawn	src/PowerStarCreate_Spawn.c	daSCre_c_classInit	new_plus_inlined_ctor	0x000000d4	0x02113a74	daSCre_c	SM64DS RTTI ov018:0x02113a44		d_a_s_cre.cpp	0x21126d4	0x21127bc	yes	yes	eligible=unique_registry_context+rom_profile_id+unique_class_factory
356	SLIDER_MANAGER	symbols/actor_debug_names.tsv (literal ROM string table)	0x020906c8	1	1	False	ov019	0x021133a8	IceSlideManager_SpawnInfo	g_profile_SLIDER_MANAGER	actor_profile_0x1c	356	True	356	356		unlocated: no separate group-flags field is read from this descriptor by the recovered fBase_c/dActor_c constructors	0x00000002	0x00001000	0x00001000	0x00001000	0x00001000	ov019	0x0211274c	IceSlideManager_Spawn	src/IceSlideManager_Spawn.c	daSldMng_c_classInit	new_plus_inlined_ctor	0x000000d8	0x021133cc	daSldMng_c	SM64DS RTTI ov019:0x0211338c		d_a_sld_mng.cpp	0x211261c	0x211277c	yes	yes	eligible=unique_registry_context+rom_profile_id+unique_class_factory
357	ENEMY_SWITCH	symbols/actor_debug_names.tsv (literal ROM string table)	0x020904e8	1	1	False	ov002	0x0210b324	EnemySwitchTag_SpawnInfo	g_profile_ENEMY_SWITCH	actor_profile_0x1c	357	True	357	357		unlocated: no separate group-flags field is read from this descriptor by the recovered fBase_c/dActor_c constructors	0x00000000	0x00000000	0x00000000	0x00000000	0x00000000	ov002	0x020f1954	EnemySwitchTag_Spawn	src/EnemySwitchTag_Spawn.c	daESwitch_c_classInit	new_plus_inlined_ctor	0x00000110	0x0210b3e8	daESwitch_c	SM64DS RTTI ov002:0x0210b2ec		d_a_e_switch.cpp	0x20f15fc	0x20f198c	yes	yes	eligible=unique_registry_context+rom_profile_id+unique_class_factory
358	ENEMY_CREATE	symbols/actor_debug_names.tsv (literal ROM string table)	0x020904f8	1	1	False	ov002	0x0210b340	EnemySpawner_SpawnInfo	g_profile_ENEMY_CREATE	actor_profile_0x1c	358	True	358	358		unlocated: no separate group-flags field is read from this descriptor by the recovered fBase_c/dActor_c constructors	0x00000000	0x00000000	0x00000000	0x00000000	0x00000000	ov002	0x020f1924	EnemySpawner_Spawn	src/EnemySpawner_Spawn.c	daECreate_c_classInit	new_plus_inlined_ctor	0x000000e0	0x0210b364	daECreate_c	SM64DS RTTI ov002:0x0210b2f8		d_a_e_create.cpp	0x20f15fc	0x20f198c	yes	yes	eligible=unique_registry_context+rom_profile_id+unique_class_factory
359	SOUND_OBJ	symbols/actor_debug_names.tsv (literal ROM string table)	0x0208fe88	1	1	False	ov002	0x0210c064	daSoundObj_c_SpawnInfo	g_profile_SOUND_OBJ	actor_profile_0x1c	359	True	359	359		unlocated: no separate group-flags field is read from this descriptor by the recovered fBase_c/dActor_c constructors	0x24800000	0x00000000	0x00001000	0x00000000	0x00000000	ov002	0x020f972c	daSoundObj_c_Spawn	src/daSoundObj_c_Spawn.c	daSoundObj_c_classInit	new_plus_inlined_ctor	0x000000e4	0x0210c0dc	daSoundObj_c	SM64DS RTTI ov002:0x0210c048		d_a_sound_obj.cpp	0x20f934c	0x20f975c	yes	yes	eligible=unique_registry_context+rom_profile_id+unique_class_factory
360	MULTIBOOT	symbols/actor_debug_names.tsv (literal ROM string table)	0x0208feb8	1	1	False	arm9	0x0209435c	data_0209435c	g_profile_MULTIBOOT	base_profile_0x08	360	True	360	360		unlocated: no separate group-flags field is read from this descriptor by the recovered fBase_c/dActor_c constructors						arm9	0x020352b4	func_020352b4	src/func_020352b4.c	dScMB_c_classInit	new_plus_inlined_ctor	0x00000068	0x020943c4	dScMB_c	SM64DS RTTI arm9:0x02094370		d_sc_mb.cpp	0x20049f0	0x20707a4	yes	yes	eligible=unique_registry_context+rom_profile_id+unique_class_factory
361	MG_CUP	symbols/actor_debug_names.tsv (literal ROM string table)	0x0208f830	1	1	False	ov006	0x0213c020	data_ov006_0213c020	g_profile_MG_CUP	base_profile_0x08	361	True	361	361		unlocated: no separate group-flags field is read from this descriptor by the recovered fBase_c/dActor_c constructors						ov006	0x020e0574	func_ov006_020e0574	src/func_ov006_020e0574.cpp	dScMgCup_c_classInit	new_plus_inlined_ctor	0x00005470	0x0213c154	dScMgCup_c	SM64DS RTTI ov006:0x0213c048		d_sc_mg_cup.cpp	0x20e0574	0x20e0638	yes	yes	eligible=unique_registry_context+rom_profile_id+unique_class_factory
362	MG_MEMORY	symbols/actor_debug_names.tsv (literal ROM string table)	0x0208fc18	1	1	False	ov006	0x0213cfd8	MgMemoryMatch_SpawnInfo	g_profile_MG_MEMORY	base_profile_0x08	362	True	362	362		unlocated: no separate group-flags field is read from this descriptor by the recovered fBase_c/dActor_c constructors						ov006	0x020f5504	MgMemoryMatch_Spawn	src/MgMemoryMatch_Spawn.c	dScMgMemory_c_classInit	new_plus_inlined_ctor	0x00005340	0x0213d1b8	dScMgMemory_c	SM64DS RTTI ov006:0x0213d090		d_sc_mg_memory.cpp	0x20f5504	0x20f5564	yes	yes	eligible=unique_registry_context+rom_profile_id+unique_class_factory
363	MG_MEMORY_J	symbols/actor_debug_names.tsv (literal ROM string table)	0x020901d0	1	1	False	ov006	0x0213d288	MgMemoryMaster_SpawnInfo	g_profile_MG_MEMORY_J	base_profile_0x08	363	True	363	363		unlocated: no separate group-flags field is read from this descriptor by the recovered fBase_c/dActor_c constructors						ov006	0x020f75d4	MgMemoryMaster_Spawn	src/MgMemoryMaster_Spawn.c	dScMgMemory2_c_classInit	new_plus_inlined_ctor	0x00005410	0x0213d4d4	dScMgMemory2_c	SM64DS RTTI ov006:0x0213d350		d_sc_mg_memory2.cpp	0x20f75d4	0x20f7634	yes	yes	eligible=unique_registry_context+rom_profile_id+unique_class_factory
364	MG_SLOT1	symbols/actor_debug_names.tsv (literal ROM string table)	0x0208fc00	1	1	False	ov006	0x0213e560	data_ov006_0213e560	g_profile_MG_SLOT1	base_profile_0x08	364	True	364	364		unlocated: no separate group-flags field is read from this descriptor by the recovered fBase_c/dActor_c constructors						ov006	0x0210d6b8	func_ov006_0210d6b8	src/func_ov006_0210d6b8.cpp	dScMgSlot1_c_classInit	new_plus_inlined_ctor	0x00004710	0x0213eb40	dScMgSlot1_c	SM64DS RTTI ov006:0x0213e5a0		d_sc_mg_slot1.cpp	0x210d6b8	0x210d740	yes	yes	eligible=unique_registry_context+rom_profile_id+unique_class_factory
365	MG_SLOT3	symbols/actor_debug_names.tsv (literal ROM string table)	0x0208f9d8	1	1	False	ov006	0x0213e508	data_ov006_0213e508	g_profile_MG_SLOT3	base_profile_0x08	365	True	365	365		unlocated: no separate group-flags field is read from this descriptor by the recovered fBase_c/dActor_c constructors						ov006	0x0210c120	func_ov006_0210c120	src/func_ov006_0210c120.c	dScMgSlot3_c_classInit	new_plus_inlined_ctor	0x00005044	0x0213eaa8	dScMgSlot3_c	SM64DS RTTI ov006:0x0213e588		d_sc_mg_slot3.cpp	0x210a8c0	0x210d6b8	yes	yes	eligible=unique_registry_context+rom_profile_id+unique_class_factory
366	MG_LUIGI	symbols/actor_debug_names.tsv (literal ROM string table)	0x0208fbc4	1	1	False	ov006	0x0213ce0c	MgWanted_SpawnInfo	g_profile_MG_LUIGI	base_profile_0x08	366	True	366	366		unlocated: no separate group-flags field is read from this descriptor by the recovered fBase_c/dActor_c constructors						ov006	0x020f3800	MgWanted_Spawn	src/MgWanted_Spawn.c	dScMgLuigi_c_classInit	new_plus_inlined_ctor	0x0000545c	0x0213cf10	dScMgLuigi_c	SM64DS RTTI ov006:0x0213ce54		d_sc_mg_luigi.cpp	0x20efc0c	0x20f3834	yes	yes	eligible=unique_registry_context+rom_profile_id+unique_class_factory
367	MG_SOUND	symbols/actor_debug_names.tsv (literal ROM string table)	0x0208fa14	1	1	False	ov006	0x0213f69c	MgBoomBox_SpawnInfo	g_profile_MG_SOUND	base_profile_0x08	367	True	367	367		unlocated: no separate group-flags field is read from this descriptor by the recovered fBase_c/dActor_c constructors						ov006	0x0211cb70	MgBoomBox_Spawn	src/MgBoomBox_Spawn.cpp	dScMgSound_c_classInit	new_plus_inlined_ctor	0x0000562c	0x0213f844	dScMgSound_c	SM64DS RTTI ov006:0x0213f6e4		d_sc_mg_sound.cpp	0x211cb70	0x211cbd0	yes	yes	eligible=unique_registry_context+rom_profile_id+unique_class_factory
368	MG_PACHINKO	symbols/actor_debug_names.tsv (literal ROM string table)	0x02090224	1	1	False	ov006	0x0213d910	MgBobOmbSquad_SpawnInfo	g_profile_MG_PACHINKO	base_profile_0x08	368	True	368	368		unlocated: no separate group-flags field is read from this descriptor by the recovered fBase_c/dActor_c constructors						ov006	0x020ff3ec	MgBobOmbSquad_Spawn	src/MgBobOmbSquad_Spawn.c	dScMgPachinko_c_classInit	new_plus_inlined_ctor	0x00005c38	0x0213d9cc	dScMgPachinko_c	SM64DS RTTI ov006:0x0213d948		d_sc_mg_pachinko.cpp	0x20ff3ec	0x20ff420	yes	yes	eligible=unique_registry_context+rom_profile_id+unique_class_factory
369	MG_TAMAIRE	symbols/actor_debug_names.tsv (literal ROM string table)	0x0208ffb4	1	1	False	ov006	0x0213da64	MgLakituLaunch_SpawnInfo	g_profile_MG_TAMAIRE	base_profile_0x08	369	True	369	369		unlocated: no separate group-flags field is read from this descriptor by the recovered fBase_c/dActor_c constructors						ov006	0x02104258	MgLakituLaunch_Spawn	src/MgLakituLaunch_Spawn.c	dScMgPachinko2_c_classInit	new_plus_inlined_ctor	0x0000567c	0x0213dbbc	dScMgPachinko2_c	SM64DS RTTI ov006:0x0213db4c		d_sc_mg_pachinko2.cpp	0x20ff420	0x210428c	yes	yes	eligible=unique_registry_context+rom_profile_id+unique_class_factory
370	MG_BOMROOM	symbols/actor_debug_names.tsv (literal ROM string table)	0x0208ffd8	1	1	False	ov006	0x0213badc	MgSortOrSplode_SpawnInfo	g_profile_MG_BOMROOM	base_profile_0x08	370	True	370	370		unlocated: no separate group-flags field is read from this descriptor by the recovered fBase_c/dActor_c constructors						ov006	0x020d9574	MgSortOrSplode_Spawn	src/MgSortOrSplode_Spawn.c	dScMgBomroom_c_classInit	new_plus_inlined_ctor	0x00006300	0x0213bbb4	dScMgBomroom_c	SM64DS RTTI ov006:0x0213bafc		d_sc_mg_bomroom.cpp	0x20d5a54	0x20d95a4	yes	yes	eligible=unique_registry_context+rom_profile_id+unique_class_factory
371	MG_AMIDA	symbols/actor_debug_names.tsv (literal ROM string table)	0x0208fa80	1	1	False	ov006	0x0213b814	data_ov006_0213b814	g_profile_MG_AMIDA	base_profile_0x08	371	True	371	371		unlocated: no separate group-flags field is read from this descriptor by the recovered fBase_c/dActor_c constructors						ov006	0x020d5974	func_ov006_020d5974	src/func_ov006_020d5974.cpp	dScMgAmida_c_classInit	new_plus_inlined_ctor	0x000053fc	0x0213b918	dScMgAmida_c	SM64DS RTTI ov006:0x0213b81c		d_sc_mg_amida.cpp	0x20d5974	0x20d5a54	yes	yes	eligible=unique_registry_context+rom_profile_id+unique_class_factory
372	MG_JUMP	symbols/actor_debug_names.tsv (literal ROM string table)	0x0208f928	1	1	False	ov006	0x0213cb64	MgBounceAndPounce_SpawnInfo	g_profile_MG_JUMP	base_profile_0x08	372	True	372	372		unlocated: no separate group-flags field is read from this descriptor by the recovered fBase_c/dActor_c constructors						ov006	0x020eeafc	MgBounceAndPounce_Spawn	src/MgBounceAndPounce_Spawn.cpp	dScMgJump_c_classInit	new_plus_inlined_ctor	0x00005834	0x0213cbe4	dScMgJump_c	SM64DS RTTI ov006:0x0213cb98		d_sc_mg_jump.cpp	0x20e6c28	0x20eebe8	yes	yes	eligible=unique_registry_context+rom_profile_id+unique_class_factory
373	MG_JUMP2	symbols/actor_debug_names.tsv (literal ROM string table)	0x0208fba0	1	1	False	ov006	0x0213cc7c	MgBounceAndTrounce_SpawnInfo	g_profile_MG_JUMP2	base_profile_0x08	373	True	373	373		unlocated: no separate group-flags field is read from this descriptor by the recovered fBase_c/dActor_c constructors						ov006	0x020efaf0	dScMgJump2_c_Spawn	src/dScMgJump2_c_Spawn.c	dScMgJump2_c_classInit	new_plus_inlined_ctor	0x00005a78	0x0213ccfc	dScMgJump2_c	SM64DS RTTI ov006:0x0213cca4		d_sc_mg_jump2.cpp	0x20eebe8	0x20efc08	yes	yes	eligible=unique_registry_context+rom_profile_id+unique_class_factory
374	MG_CURLING	symbols/actor_debug_names.tsv (literal ROM string table)	0x0209008c	1	1	False	ov006	0x0213c214	MgShuffleShell_SpawnInfo	g_profile_MG_CURLING	base_profile_0x08	374	True	374	374		unlocated: no separate group-flags field is read from this descriptor by the recovered fBase_c/dActor_c constructors						ov006	0x020e3820	MgShuffleShell_Spawn	src/MgShuffleShell_Spawn.c	dScMgCurling_c_classInit	new_plus_inlined_ctor	0x00004eec	0x0213c304	dScMgCurling_c	SM64DS RTTI ov006:0x0213c2c4		d_sc_mg_curling.cpp	0x20e0638	0x20e3854	yes	yes	eligible=unique_registry_context+rom_profile_id+unique_class_factory
375	MG_CURLING_J	symbols/actor_debug_names.tsv (literal ROM string table)	0x020904d8	1	1	False	ov006	0x0213c434	data_ov006_0213c434	g_profile_MG_CURLING_J	base_profile_0x08	375	True	375	375		unlocated: no separate group-flags field is read from this descriptor by the recovered fBase_c/dActor_c constructors						ov006	0x020e6bf4	func_ov006_020e6bf4	src/func_ov006_020e6bf4.c	dScMgCurling2_c_classInit	new_plus_inlined_ctor	0x000055c4	0x0213c510	dScMgCurling2_c	SM64DS RTTI ov006:0x0213c4bc		d_sc_mg_curling2.cpp	0x20e6bf4	0x20e6c28	yes	yes	eligible=unique_registry_context+rom_profile_id+unique_class_factory
376	MG_SMARTBALL	symbols/actor_debug_names.tsv (literal ROM string table)	0x02090518	1	1	False	ov006	0x0213ebd0	MgBingoBallSlotsShot_SpawnInfo	g_profile_MG_SMARTBALL	base_profile_0x08	376	True	376	376		unlocated: no separate group-flags field is read from this descriptor by the recovered fBase_c/dActor_c constructors						ov006	0x02119824	MgBingoBallSlotsShot_Spawn	src/actors/MgBingoBallSlotsShot.cpp	dScMgSmartball_c_classInit	new_plus_inlined_ctor	0x0000629c	0x0213eefc	dScMgSmartball_c	SM64DS RTTI ov006:0x0213ec28		d_sc_mg_smartball.cpp	0x210d740	0x2119904	yes	yes	eligible=unique_registry_context+rom_profile_id+unique_class_factory
377	MG_SNOWBALL	symbols/actor_debug_names.tsv (literal ROM string table)	0x02090380	1	1	False	ov006	0x0213ffb8	MgSnowballSlalom_SpawnInfo	g_profile_MG_SNOWBALL	base_profile_0x08	377	True	377	377		unlocated: no separate group-flags field is read from this descriptor by the recovered fBase_c/dActor_c constructors						ov006	0x0212a520	MgSnowballSlalom_Spawn	src/MgSnowballSlalom_Spawn.cpp	dScMgSnowball_c_classInit	new_plus_ctor_call	0x0000c59c	0x0214000c	dScMgSnowball_c	SM64DS RTTI ov006:0x0213ffd0		d_sc_mg_snowball.cpp	0x212a520	0x212a554	yes	yes	eligible=unique_registry_context+rom_profile_id+unique_class_factory
378	MG_COIN	symbols/actor_debug_names.tsv (literal ROM string table)	0x0208f8c8	1	1	False	ov006	0x0213bedc	MgCoincentration_SpawnInfo	g_profile_MG_COIN	base_profile_0x08	378	True	378	378		unlocated: no separate group-flags field is read from this descriptor by the recovered fBase_c/dActor_c constructors						ov006	0x020de940	MgCoincentration_Spawn	src/MgCoincentration_Spawn.cpp	dScMgCoin_c_classInit	new_plus_inlined_ctor	0x000051e0	0x0213bf50	dScMgCoin_c	SM64DS RTTI ov006:0x0213bf18		d_sc_mg_coin.cpp	0x20dbe40	0x20de988	yes	yes	eligible=unique_registry_context+rom_profile_id+unique_class_factory
379	MG_CARD	symbols/actor_debug_names.tsv (literal ROM string table)	0x0208f8a0	1	1	False	ov006	0x0213bc50	MgPicturePoker_SpawnInfo	g_profile_MG_CARD	base_profile_0x08	379	True	379	379		unlocated: no separate group-flags field is read from this descriptor by the recovered fBase_c/dActor_c constructors						ov006	0x020dbd54	MgPicturePoker_Spawn	src/actors/MgPicturePoker.cpp	dScMgCard_c_classInit	new_plus_inlined_ctor	0x0000539c	0x0213bdb4	dScMgCard_c	SM64DS RTTI ov006:0x0213bc70		d_sc_mg_card.cpp	0x20dbd54	0x20dbe40	yes	yes	eligible=unique_registry_context+rom_profile_id+unique_class_factory
380	MG_PANEL	symbols/actor_debug_names.tsv (literal ROM string table)	0x0208fa08	1	1	False	ov006	0x0213dc64	MgPuzzlePanelPuzzlePanic_SpawnInfo	g_profile_MG_PANEL	base_profile_0x08	380	True	380	380		unlocated: no separate group-flags field is read from this descriptor by the recovered fBase_c/dActor_c constructors						ov006	0x02107858	MgPuzzlePanelPuzzlePanic_Spawn	src/MgPuzzlePanelPuzzlePanic_Spawn.c	dScMgPanel_c_classInit	new_plus_inlined_ctor	0x00004fec	0x0213e24c	dScMgPanel_c	SM64DS RTTI ov006:0x0213dd40		d_sc_mg_panel.cpp	0x210428c	0x210788c	yes	yes	eligible=unique_registry_context+rom_profile_id+unique_class_factory
381	MG_MCARLO	symbols/actor_debug_names.tsv (literal ROM string table)	0x0208fd14	1	1	False	ov006	0x0213d580	data_ov006_0213d580	g_profile_MG_MCARLO	base_profile_0x08	381	True	381	381		unlocated: no separate group-flags field is read from this descriptor by the recovered fBase_c/dActor_c constructors						ov006	0x020f8e44	func_ov006_020f8e44	src/func_ov006_020f8e44.cpp	dScMgMCarlo_c_classInit	new_plus_inlined_ctor	0x000060b0	0x0213d664	dScMgMCarlo_c	SM64DS RTTI ov006:0x0213d588		d_sc_mg_m_carlo.cpp	0x20f8e44	0x20f8ef4	yes	yes	eligible=unique_registry_context+rom_profile_id+unique_class_factory
382	MG_MCARLO2	symbols/actor_debug_names.tsv (literal ROM string table)	0x0208fff0	1	1	False	ov006	0x0213d70c	MgPairAGoneAndOn_SpawnInfo	g_profile_MG_MCARLO2	base_profile_0x08	382	True	382	382		unlocated: no separate group-flags field is read from this descriptor by the recovered fBase_c/dActor_c constructors						ov006	0x020fa6ac	MgPairAGoneAndOn_Spawn	src/actors/MgPairAGoneAndOn.cpp	dScMgMCarlo2_c_classInit	new_plus_inlined_ctor	0x00005930	0x0213d7e8	dScMgMCarlo2_c	SM64DS RTTI ov006:0x0213d714		d_sc_mg_m_carlo2.cpp	0x20fa6ac	0x20fa75c	yes	yes	eligible=unique_registry_context+rom_profile_id+unique_class_factory
383	MG_ROULETTE	symbols/actor_debug_names.tsv (literal ROM string table)	0x020902e4	1	1	False	ov006	0x0213e2f0	MgMushroomRoulette_SpawnInfo	g_profile_MG_ROULETTE	base_profile_0x08	383	True	383	383		unlocated: no separate group-flags field is read from this descriptor by the recovered fBase_c/dActor_c constructors						ov006	0x0210a400	MgMushroomRoulette_Spawn	src/actors/MgMushroomRoulette.cpp	dScMgRoulette_c_classInit	new_plus_inlined_ctor	0x00005400	0x0213e39c	dScMgRoulette_c	SM64DS RTTI ov006:0x0213e300		d_sc_mg_roulette.cpp	0x210a400	0x210a4b0	yes	yes	eligible=unique_registry_context+rom_profile_id+unique_class_factory
384	MG_TRAMPOLINE	symbols/actor_debug_names.tsv (literal ROM string table)	0x020905e8	1	1	False	ov006	0x0213fab8	MgTrampolineTime_SpawnInfo	g_profile_MG_TRAMPOLINE	base_profile_0x08	384	True	384	384		unlocated: no separate group-flags field is read from this descriptor by the recovered fBase_c/dActor_c constructors						ov006	0x02122490	MgTrampolineTime_Spawn	src/MgTrampolineTime_Spawn.cpp	dScMgTrampoline_c_classInit	new_plus_inlined_ctor	0x00005dc8	0x0213fb34	dScMgTrampoline_c	SM64DS RTTI ov006:0x0213fad0		d_sc_mg_trampoline.cpp	0x2122490	0x21225a8	yes	yes	eligible=unique_registry_context+rom_profile_id+unique_class_factory
385	MG_TRAMPOLINE2	symbols/actor_debug_names.tsv (literal ROM string table)	0x02090728	1	1	False	ov006	0x0213fbc8	MgTrampolineTerror_SpawnInfo	g_profile_MG_TRAMPOLINE2	base_profile_0x08	385	True	385	385		unlocated: no separate group-flags field is read from this descriptor by the recovered fBase_c/dActor_c constructors						ov006	0x0212471c	MgTrampolineTerror_Spawn	src/actors/MgTrampolineTerror.cpp	dScMgTrampoline2_c_classInit	new_plus_inlined_ctor	0x00007bac	0x0213fc7c	dScMgTrampoline2_c	SM64DS RTTI ov006:0x0213fc04		d_sc_mg_trampoline2.cpp	0x212471c	0x2124908	yes	yes	eligible=unique_registry_context+rom_profile_id+unique_class_factory
386	MG_HANACHAN	symbols/actor_debug_names.tsv (literal ROM string table)	0x020901dc	1	1	False	ov006	0x0213c98c	MgWhichWiggler_SpawnInfo	g_profile_MG_HANACHAN	base_profile_0x08	386	True	386	386		unlocated: no separate group-flags field is read from this descriptor by the recovered fBase_c/dActor_c constructors						ov006	0x020ede18	MgWhichWiggler_Spawn	src/actors/MgWhichWiggler.cpp	dScMgHanachan_c_classInit	new_plus_inlined_ctor	0x00004f68	0x0213cab8	dScMgHanachan_c	SM64DS RTTI ov006:0x0213ca7c		d_sc_mg_hanachan.cpp	0x20e6c28	0x20eebe8	yes	yes	eligible=unique_registry_context+rom_profile_id+unique_class_factory
387	MG_TERESA	symbols/actor_debug_names.tsv (literal ROM string table)	0x0208fcf0	1	1	False	ov006	0x0213f974	MgHideAndBooSeek_SpawnInfo	g_profile_MG_TERESA	base_profile_0x08	387	True	387	387		unlocated: no separate group-flags field is read from this descriptor by the recovered fBase_c/dActor_c constructors						ov006	0x021207a8	MgHideAndBooSeek_Spawn	src/MgHideAndBooSeek_Spawn.c	dScMgTeresa_c_classInit	new_plus_inlined_ctor	0x00004c28	0x0213fa0c	dScMgTeresa_c	SM64DS RTTI ov006:0x0213f9b4		d_sc_mg_teresa.cpp	0x211cbd0	0x21207dc	yes	yes	eligible=unique_registry_context+rom_profile_id+unique_class_factory
388	MG_BS_CARD	symbols/actor_debug_names.tsv (literal ROM string table)	0x02090044	1	1	False	ov006	0x0213fd6c	MgLuckyStars_SpawnInfo	g_profile_MG_BS_CARD	base_profile_0x08	388	True	388	388		unlocated: no separate group-flags field is read from this descriptor by the recovered fBase_c/dActor_c constructors						ov006	0x021255f8	MgLuckyStars_Spawn	src/MgLuckyStars_Spawn.cpp	dScMgBSC_c_classInit	new_plus_inlined_ctor	0x000051d0	0x0213fec8	dScMgBSC_c	SM64DS RTTI ov006:0x0213fd8c		d_sc_mg_bsc.cpp	0x21255f8	0x212568c	yes	yes	eligible=unique_registry_context+rom_profile_id+unique_class_factory
389	MG_3DESP	symbols/actor_debug_names.tsv (literal ROM string table)	0x0208fbb8	1	1	False	ov006	0x0213c78c	MgPsycheOut_SpawnInfo	g_profile_MG_3DESP	base_profile_0x08	389	True	389	389		unlocated: no separate group-flags field is read from this descriptor by the recovered fBase_c/dActor_c constructors						ov006	0x020ea1f0	MgPsycheOut_Spawn	src/MgPsycheOut_Spawn.cpp	dScMg3DEsp_c_classInit	new_plus_inlined_ctor	0x00005558	0x0213c8c4	dScMg3DEsp_c	SM64DS RTTI ov006:0x0213c7c8		d_sc_mg3_d_esp.cpp	0x20e6c28	0x20eebe8	yes	yes	eligible=unique_registry_context+rom_profile_id+unique_class_factory
390	MG_FLOWER	symbols/actor_debug_names.tsv (literal ROM string table)	0x0208fcd8	1	1	False	ov006	0x02140114	data_ov006_02140114	g_profile_MG_FLOWER	base_profile_0x08	390	True	390	390		unlocated: no separate group-flags field is read from this descriptor by the recovered fBase_c/dActor_c constructors						ov006	0x0212b7f8	func_ov006_0212b7f8	src/func_ov006_0212b7f8.cpp	dScMgFlower_c_classInit	new_plus_inlined_ctor	0x00005ff8	0x02140140	dScMgFlower_c	SM64DS RTTI ov006:0x0214011c		d_sc_mg_flower.cpp	0x212b7f8	0x212b890	yes	yes	eligible=unique_registry_context+rom_profile_id+unique_class_factory
